customerID,gender,tenure,MonthlyCharges,TotalCharges,Contract,InternetService,PaymentMethod,tenure_group,Churn
7590-VHVEG,Female,1,29.85,29.85,Month-to-month,DSL,"Electronic check",New,No
5575-GNVDE,Male,34,56.95,1889.50,"One year",DSL,"Mailed check",Loyal,No
3668-QPYBK,Male,2,53.85,108.15,Month-to-month,DSL,"Mailed check",New,Yes
7795-CFOCW,Male,45,42.30,1840.75,"One year",DSL,"Bank transfer (automatic)",Loyal,No
9237-HQITU,Female,2,70.70,151.65,Month-to-month,"Fiber optic","Electronic check",New,Yes
9305-CDSKC,Female,8,99.65,820.50,Month-to-month,"Fiber optic","Electronic check",Mid,Yes
1452-KIOVK,Male,22,89.10,1949.40,Month-to-month,"Fiber optic","Credit card (automatic)",Loyal,No
6713-OKOMC,Female,10,29.75,301.90,Month-to-month,DSL,"Mailed check",Mid,No
7892-POOKP,Female,28,104.80,3046.05,Month-to-month,"Fiber optic","Electronic check",Loyal,Yes
6388-TABGU,Male,62,56.15,3487.95,"One year",DSL,"Bank transfer (automatic)",Loyal,No
9763-GRSKD,Male,13,49.95,587.45,Month-to-month,DSL,"Mailed check",Loyal,No
8091-TTVAX,Male,58,100.35,5681.10,"One year","Fiber optic","Credit card (automatic)",Loyal,No
0280-XJGEX,Male,49,103.70,5036.30,Month-to-month,"Fiber optic","Bank transfer (automatic)",Loyal,Yes
5129-JLPIS,Male,25,105.50,2686.05,Month-to-month,"Fiber optic","Electronic check",Loyal,No
3655-SNQYZ,Female,69,113.25,7895.15,"Two year","Fiber optic","Credit card (automatic)",Loyal,No
9959-WOFKT,Male,71,106.70,7382.25,"Two year","Fiber optic","Bank transfer (automatic)",Loyal,No
4190-MFLUW,Female,10,55.20,528.35,Month-to-month,DSL,"Credit card (automatic)",Mid,Yes
4183-MYFRB,Female,21,90.05,1862.90,Month-to-month,"Fiber optic","Electronic check",Loyal,No
8779-QRDMV,Male,1,39.65,39.65,Month-to-month,DSL,"Electronic check",New,Yes
3638-WEABW,Female,58,59.90,3505.10,"Two year",DSL,"Credit card (automatic)",Loyal,No
6322-HRPFA,Male,49,59.60,2970.30,Month-to-month,DSL,"Credit card (automatic)",Loyal,No
6865-JZNKO,Female,30,55.30,1530.60,Month-to-month,DSL,"Bank transfer (automatic)",Loyal,No
6467-CHFZW,Male,47,99.35,4749.15,Month-to-month,"Fiber optic","Electronic check",Loyal,Yes
8665-UTDHZ,Male,1,30.20,30.20,Month-to-month,DSL,"Electronic check",New,Yes
5248-YGIJN,Male,72,90.25,6369.45,"Two year",DSL,"Credit card (automatic)",Loyal,No
8773-HHUOZ,Female,17,64.70,1093.10,Month-to-month,DSL,"Mailed check",Loyal,Yes
3841-NFECX,Female,71,96.35,6766.95,"Two year","Fiber optic","Credit card (automatic)",Loyal,No
4929-XIHVW,Male,2,95.50,181.65,Month-to-month,"Fiber optic","Credit card (automatic)",New,No
6827-IEAUQ,Female,27,66.15,1874.45,"One year",DSL,"Mailed check",Loyal,No
3413-BMNZE,Male,1,45.25,45.25,Month-to-month,DSL,"Bank transfer (automatic)",New,No
6234-RAAPL,Female,72,99.90,7251.70,"Two year","Fiber optic","Bank transfer (automatic)",Loyal,No
6047-YHPVI,Male,5,69.70,316.90,Month-to-month,"Fiber optic","Electronic check",New,Yes
6572-ADKRS,Female,46,74.80,3548.30,Month-to-month,"Fiber optic","Credit card (automatic)",Loyal,No
5380-WJKOV,Male,34,106.35,3549.25,Month-to-month,"Fiber optic","Electronic check",Loyal,Yes
8168-UQWWF,Female,11,97.85,1105.40,Month-to-month,"Fiber optic","Bank transfer (automatic)",Mid,Yes
8865-TNMNX,Male,10,49.55,475.70,"One year",DSL,"Mailed check",Mid,No
9489-DEDVP,Female,70,69.20,4872.35,"Two year",DSL,"Credit card (automatic)",Loyal,No
4671-VJLCL,Female,63,79.85,4861.45,"Two year",DSL,"Credit card (automatic)",Loyal,No
4080-IIARD,Female,13,76.20,981.45,Month-to-month,DSL,"Electronic check",Loyal,No
3714-NTNFO,Female,49,84.50,3906.70,Month-to-month,"Fiber optic","Electronic check",Loyal,No
5948-UJZLF,Male,2,49.25,97.00,Month-to-month,DSL,"Mailed check",New,No
7760-OYPDY,Female,2,80.65,144.15,Month-to-month,"Fiber optic","Electronic check",New,Yes
7639-LIAYI,Male,52,79.75,4217.80,"Two year",DSL,"Credit card (automatic)",Loyal,No
2954-PIBKO,Female,69,64.15,4254.10,"Two year",DSL,"Credit card (automatic)",Loyal,No
8012-SOUDQ,Female,43,90.25,3838.75,Month-to-month,"Fiber optic","Electronic check",Loyal,No
9420-LOJKX,Female,15,99.10,1426.40,Month-to-month,"Fiber optic","Credit card (automatic)",Loyal,Yes
6575-SUVOI,Female,25,69.50,1752.65,Month-to-month,DSL,"Credit card (automatic)",Loyal,No
7495-OOKFY,Female,8,80.65,633.30,Month-to-month,"Fiber optic","Credit card (automatic)",Mid,Yes
4667-QONEA,Female,60,74.85,4456.35,"One year",DSL,"Credit card (automatic)",Loyal,No
1658-BYGOY,Male,18,95.45,1752.55,Month-to-month,"Fiber optic","Electronic check",Loyal,Yes
8769-KKTPH,Female,63,99.65,6311.20,"One year","Fiber optic","Credit card (automatic)",Loyal,No
5067-XJQFU,Male,66,108.45,7076.35,"One year","Fiber optic","Electronic check",Loyal,No
5954-BDFSG,Female,72,107.50,7853.70,"Two year","Fiber optic","Credit card (automatic)",Loyal,No
0434-CSFON,Female,47,100.50,4707.10,Month-to-month,"Fiber optic","Electronic check",Loyal,No
1215-FIGMP,Male,60,89.90,5450.70,Month-to-month,"Fiber optic","Bank transfer (automatic)",Loyal,No
0526-SXDJP,Male,72,42.10,2962.00,"Two year",DSL,"Bank transfer (automatic)",Loyal,No
0557-ASKVU,Female,18,54.40,957.10,"One year",DSL,"Credit card (automatic)",Loyal,No
5698-BQJOH,Female,9,94.40,857.25,Month-to-month,"Fiber optic","Electronic check",Mid,Yes
5122-CYFXA,Female,3,75.30,244.10,Month-to-month,DSL,"Electronic check",New,No
8627-ZYGSZ,Male,47,78.90,3650.35,"One year","Fiber optic","Electronic check",Loyal,No
3410-YOQBQ,Female,31,79.20,2497.20,"Two year",DSL,"Mailed check",Loyal,No
7410-OIEDU,Male,10,79.85,887.35,Month-to-month,"Fiber optic","Mailed check",Mid,No
2273-QCKXA,Male,1,49.05,49.05,Month-to-month,DSL,"Mailed check",New,No
1891-QRQSA,Male,64,111.60,7099.00,"Two year","Fiber optic","Bank transfer (automatic)",Loyal,No
5630-AHZIL,Female,3,64.50,177.40,Month-to-month,DSL,"Bank transfer (automatic)",New,No
2673-CXQEU,Female,56,110.50,6139.50,"One year","Fiber optic","Electronic check",Loyal,No
6416-JNVRK,Female,46,55.65,2688.85,"One year",DSL,"Credit card (automatic)",Loyal,No
5590-ZSKRV,Female,8,54.65,482.25,Month-to-month,DSL,"Mailed check",Mid,No
0191-ZHSKZ,Male,30,74.75,2111.30,Month-to-month,DSL,"Electronic check",Loyal,No
5919-TMRGD,Female,1,79.35,79.35,Month-to-month,"Fiber optic","Electronic check",New,Yes
8108-UXRQN,Female,11,50.55,565.35,Month-to-month,DSL,"Electronic check",Mid,No
9191-MYQKX,Female,7,75.15,496.90,Month-to-month,"Fiber optic","Bank transfer (automatic)",Mid,Yes
9919-YLNNG,Female,42,103.80,4327.50,Month-to-month,"Fiber optic","Bank transfer (automatic)",Loyal,No
4445-ZJNMU,Male,9,99.30,918.75,Month-to-month,"Fiber optic","Credit card (automatic)",Mid,No
4808-YNLEU,Female,35,62.15,2215.45,"One year",DSL,"Bank transfer (automatic)",Loyal,No
3016-KSVCP,Male,29,33.75,1009.25,Month-to-month,DSL,"Mailed check",Loyal,No
4767-HZZHQ,Male,30,82.05,2570.20,Month-to-month,"Fiber optic","Bank transfer (automatic)",Loyal,No
2424-WVHPL,Male,1,74.70,74.70,Month-to-month,"Fiber optic","Electronic check",New,No
7233-PAHHL,Male,66,84.00,5714.25,"Two year",DSL,"Mailed check",Loyal,No
6067-NGCEU,Female,65,111.05,7107.00,Month-to-month,"Fiber optic","Credit card (automatic)",Loyal,No
9848-JQJTX,Male,72,100.90,7459.05,"Two year","Fiber optic","Bank transfer (automatic)",Loyal,No
8637-XJIVR,Female,12,78.95,927.35,Month-to-month,"Fiber optic","Electronic check",Mid,Yes
9803-FTJCG,Male,71,66.85,4748.70,"One year",DSL,"Credit card (automatic)",Loyal,No
4598-XLKNJ,Female,25,98.50,2514.50,Month-to-month,"Fiber optic","Electronic check",Loyal,Yes
7123-WQUHX,Male,38,95.00,3605.60,"One year","Fiber optic","Bank transfer (automatic)",Loyal,No
5386-THSLQ,Female,66,45.55,3027.25,"One year",DSL,"Bank transfer (automatic)",Loyal,No
3192-NQECA,Male,68,110.00,7611.85,"Two year","Fiber optic","Bank transfer (automatic)",Loyal,Yes
6180-YBIQI,Male,5,24.30,100.20,Month-to-month,DSL,"Mailed check",New,No
6728-DKUCO,Female,72,104.15,7303.05,"One year","Fiber optic","Electronic check",Loyal,No
9750-BOOHV,Female,32,30.15,927.65,"One year",DSL,"Mailed check",Loyal,No
8597-CWYHH,Male,43,94.35,3921.30,"One year","Fiber optic","Mailed check",Loyal,No
0486-HECZI,Male,55,96.75,5238.90,Month-to-month,"Fiber optic","Electronic check",Loyal,Yes
4549-ZDQYY,Female,52,57.95,3042.25,"One year",DSL,"Credit card (automatic)",Loyal,No
5712-AHQNN,Female,43,91.65,3954.10,Month-to-month,"Fiber optic","Electronic check",Loyal,No
4846-WHAFZ,Female,37,76.50,2868.15,Month-to-month,"Fiber optic","Electronic check",Loyal,Yes
5256-SKJGO,Female,64,54.60,3423.50,"Two year",DSL,"Electronic check",Loyal,No
3071-VBYPO,Male,3,89.85,248.40,Month-to-month,"Fiber optic","Electronic check",New,No
9560-BBZXK,Female,36,31.05,1126.35,"Two year",DSL,"Bank transfer (automatic)",Loyal,No
5299-RULOA,Female,10,100.25,1064.65,Month-to-month,"Fiber optic","Electronic check",Mid,Yes
9445-ZUEQE,Male,27,85.20,2151.60,Month-to-month,"Fiber optic","Credit card (automatic)",Loyal,No
1091-SOZGA,Female,56,99.80,5515.45,"One year","Fiber optic","Credit card (automatic)",Loyal,No
0404-SWRVG,Male,3,74.40,229.55,Month-to-month,"Fiber optic","Electronic check",New,Yes
6497-TILVL,Female,7,50.70,350.35,Month-to-month,DSL,"Mailed check",Mid,No
4622-YNKIJ,Male,33,88.95,3027.65,"Two year","Fiber optic","Electronic check",Loyal,No
4412-YLTKF,Female,27,78.05,2135.50,Month-to-month,"Fiber optic","Electronic check",Loyal,Yes
2639-UGMAZ,Male,71,56.45,3985.35,"One year",DSL,"Electronic check",Loyal,No
2876-GZYZC,Female,13,85.95,1215.65,Month-to-month,"Fiber optic","Electronic check",Loyal,No
6207-WIOLX,Female,25,58.60,1502.65,Month-to-month,DSL,"Credit card (automatic)",Loyal,Yes
8587-XYZSF,Male,67,50.55,3260.10,"Two year",DSL,"Bank transfer (automatic)",Loyal,No
3091-FYHKI,Male,1,35.45,35.45,Month-to-month,DSL,"Electronic check",New,Yes
2372-HWUHI,Male,2,44.35,81.25,Month-to-month,DSL,"Electronic check",New,Yes
7850-VWJUU,Female,23,75.00,1778.50,Month-to-month,"Fiber optic","Bank transfer (automatic)",Loyal,No
0390-DCFDQ,Female,1,70.45,70.45,Month-to-month,"Fiber optic","Mailed check",New,Yes
3146-MSEGF,Female,72,88.05,6425.65,"Two year",DSL,"Credit card (automatic)",Loyal,No
4080-OGPJL,Female,8,71.15,563.65,Month-to-month,DSL,"Electronic check",Mid,Yes
1095-WGNGG,Female,61,101.05,5971.25,"Two year","Fiber optic","Bank transfer (automatic)",Loyal,No
2636-SJDOU,Male,64,84.30,5289.05,"One year","Fiber optic","Credit card (automatic)",Loyal,No
5716-EZXZN,Female,65,99.05,6416.70,"Two year","Fiber optic","Credit card (automatic)",Loyal,No
2135-RXIHG,Male,1,45.65,45.65,Month-to-month,DSL,"Electronic check",New,Yes
6440-DKQGE,Male,30,64.50,1929.95,"One year",DSL,"Credit card (automatic)",Loyal,No
3466-BYAVD,Male,15,69.50,1071.40,Month-to-month,DSL,"Mailed check",Loyal,No
3780-YVMFA,Female,8,68.55,564.35,Month-to-month,DSL,"Electronic check",Mid,No
3874-EQOEP,Male,7,95.00,655.50,Month-to-month,"Fiber optic","Mailed check",Mid,Yes
1679-JRFBR,Female,70,108.15,7930.55,"One year","Fiber optic","Credit card (automatic)",Loyal,No
9073-ZZIAY,Male,62,86.10,5215.25,"Two year",DSL,"Electronic check",Loyal,No
6551-GNYDG,Female,14,80.90,1152.80,Month-to-month,"Fiber optic","Bank transfer (automatic)",Loyal,No
9167-APMXZ,Female,22,84.15,1821.95,Month-to-month,"Fiber optic","Bank transfer (automatic)",Loyal,No
6371-NZYEG,Male,16,64.25,1024.00,"Two year",DSL,"Mailed check",Loyal,No
8992-VONJD,Female,13,56.00,764.55,Month-to-month,DSL,"Electronic check",Loyal,No
0867-MKZVY,Female,20,82.40,1592.35,Month-to-month,"Fiber optic","Electronic check",Loyal,Yes
4482-EWFMI,Female,2,69.70,135.20,Month-to-month,"Fiber optic","Electronic check",New,No
4648-YPBTM,Male,53,73.90,3958.25,"Two year",DSL,"Bank transfer (automatic)",Loyal,No
3376-BMGFE,Female,4,70.90,273.00,Month-to-month,"Fiber optic","Bank transfer (automatic)",New,Yes
5997-OPVFA,Male,72,89.05,6254.45,"Two year",DSL,"Bank transfer (automatic)",Loyal,No
3445-HXXGF,Male,58,45.30,2651.20,Month-to-month,DSL,"Electronic check",Loyal,Yes
7654-YWJUF,Male,43,84.25,3539.25,"One year","Fiber optic","Bank transfer (automatic)",Loyal,No
1875-QIVME,Female,2,104.40,242.80,Month-to-month,"Fiber optic","Electronic check",New,Yes
6727-IOTLZ,Male,14,81.95,1181.75,"Two year",DSL,"Mailed check",Loyal,No
0691-JVSYA,Female,53,94.85,5000.20,"One year","Fiber optic","Bank transfer (automatic)",Loyal,Yes
2656-FMOKZ,Female,15,74.45,1145.70,Month-to-month,"Fiber optic","Mailed check",Loyal,Yes
2070-FNEXE,Female,7,76.45,503.60,Month-to-month,"Fiber optic","Bank transfer (automatic)",Mid,Yes
5947-SGKCL,Female,15,105.35,1559.25,Month-to-month,"Fiber optic","Bank transfer (automatic)",Loyal,No
6317-YPKDH,Female,1,29.95,29.95,Month-to-month,DSL,"Bank transfer (automatic)",New,Yes
6582-OIVSP,Female,1,45.30,45.30,Month-to-month,DSL,"Mailed check",New,No
9367-WXLCH,Male,8,84.50,662.65,Month-to-month,"Fiber optic","Bank transfer (automatic)",Mid,Yes
5524-KHNJP,Male,33,74.75,2453.30,"One year",DSL,"Credit card (automatic)",Loyal,No
1918-ZBFQJ,Female,13,79.25,1111.65,Month-to-month,"Fiber optic","Electronic check",Loyal,Yes
1024-GUALD,Female,1,24.80,24.80,Month-to-month,DSL,"Electronic check",New,Yes
4827-USJHP,Male,20,51.80,1023.85,Month-to-month,DSL,"Mailed check",Loyal,No
8167-GJLRN,Male,3,30.40,82.15,Month-to-month,DSL,"Electronic check",New,No
8017-UVSZU,Female,40,56.60,2379.10,Month-to-month,DSL,"Credit card (automatic)",Loyal,No
7100-FQPRV,Male,43,71.90,3173.35,"One year",DSL,"Credit card (automatic)",Loyal,No
2472-OVKUP,Male,6,91.00,531.00,Month-to-month,"Fiber optic","Electronic check",New,Yes
9680-NIAUV,Female,72,109.70,8129.30,"Two year","Fiber optic","Credit card (automatic)",Loyal,No
2604-IJPDU,Female,20,96.55,1901.65,Month-to-month,"Fiber optic","Electronic check",Loyal,No
6168-YBYNP,Male,59,111.35,6519.75,Month-to-month,"Fiber optic","Electronic check",Loyal,No
7255-SSFBC,Male,72,112.25,8041.65,"Two year","Fiber optic","Bank transfer (automatic)",Loyal,No
9323-HGFWY,Female,27,101.90,2681.15,"One year","Fiber optic","Credit card (automatic)",Loyal,No
8544-GOQSH,Female,14,80.05,1112.30,Month-to-month,"Fiber optic","Credit card (automatic)",Loyal,No
3363-DTIVD,Male,71,105.55,7405.50,"Two year","Fiber optic","Electronic check",Loyal,No
7018-WBJNK,Male,13,78.30,1033.95,Month-to-month,"Fiber optic","Credit card (automatic)",Loyal,No
9142-KZXOP,Male,44,68.85,2958.95,Month-to-month,"Fiber optic","Credit card (automatic)",Loyal,No
7674-YTAFD,Female,33,79.95,2684.85,"One year","Fiber optic","Bank transfer (automatic)",Loyal,No
6348-SNFUS,Male,72,55.45,4179.20,"Two year",DSL,"Credit card (automatic)",Loyal,No
1285-OKIPP,Male,1,79.90,79.90,Month-to-month,"Fiber optic","Electronic check",New,Yes
7825-ECJRF,Female,19,106.60,1934.45,Month-to-month,"Fiber optic","Electronic check",Loyal,Yes
1347-KTTTA,Male,64,102.45,6654.10,"One year","Fiber optic","Credit card (automatic)",Loyal,No
7841-TZDMQ,Male,2,46.00,84.50,Month-to-month,DSL,"Credit card (automatic)",New,Yes
4195-NZGTA,Female,1,25.25,25.25,Month-to-month,DSL,"Electronic check",New,No
2504-DSHIH,Male,23,86.80,1975.85,Month-to-month,"Fiber optic","Electronic check",Loyal,No
0699-NDKJM,Female,57,58.75,3437.45,Month-to-month,DSL,"Bank transfer (automatic)",Loyal,No
9286-BHDQG,Male,72,45.25,3139.80,"Two year",DSL,"Credit card (automatic)",Loyal,No
0230-WEQUW,Male,66,56.60,3789.20,"Two year",DSL,"Bank transfer (automatic)",Loyal,No
2040-LDIWQ,Male,65,84.20,5324.50,"Two year",DSL,"Bank transfer (automatic)",Loyal,No
6496-JDSSB,Female,8,80.00,624.60,Month-to-month,"Fiber optic","Bank transfer (automatic)",Mid,No
9408-SSNVZ,Female,4,70.15,268.35,Month-to-month,"Fiber optic","Electronic check",New,Yes
0742-MOABM,Male,4,50.05,179.35,Month-to-month,DSL,"Mailed check",New,Yes
6778-JFCMK,Male,24,50.60,1288.75,"One year",DSL,"Mailed check",Loyal,No
6341-JVQGF,Female,31,81.15,2545.75,"One year",DSL,"Mailed check",Loyal,No
2232-DMLXU,Female,1,55.20,55.20,Month-to-month,DSL,"Mailed check",New,Yes
4811-JBUVU,Male,30,89.90,2723.15,Month-to-month,"Fiber optic","Credit card (automatic)",Loyal,No
0945-TSONX,Female,47,85.30,4107.25,"Two year",DSL,"Credit card (automatic)",Loyal,No
2651-ZCBXV,Male,54,108.00,5760.65,"Two year","Fiber optic","Credit card (automatic)",Loyal,No
3316-UWXUY,Male,50,93.50,4747.50,Month-to-month,"Fiber optic","Credit card (automatic)",Loyal,No
8937-RDTHP,Male,1,84.60,84.60,Month-to-month,"Fiber optic","Mailed check",New,Yes
1251-KRREG,Male,2,54.40,114.10,Month-to-month,DSL,"Mailed check",New,Yes
0621-JFHOL,Female,10,29.60,299.05,"Two year",DSL,"Mailed check",Mid,No
9903-LYSAB,Male,18,73.15,1305.95,Month-to-month,"Fiber optic","Electronic check",Loyal,No
0094-OIFMO,Female,11,95.00,1120.30,Month-to-month,"Fiber optic","Electronic check",Mid,Yes
7301-ABVAD,Female,72,86.60,6350.50,"Two year",DSL,"Bank transfer (automatic)",Loyal,No
6614-FHDBO,Male,72,109.20,7878.30,"Two year","Fiber optic","Bank transfer (automatic)",Loyal,No
7576-ASEJU,Female,41,74.70,3187.65,"One year",DSL,"Credit card (automatic)",Loyal,No
9058-HRZSV,Female,65,94.40,6126.15,Month-to-month,"Fiber optic","Electronic check",Loyal,No
4522-AKYLR,Female,13,54.80,731.30,Month-to-month,DSL,"Electronic check",Loyal,No
0221-WMXNQ,Male,4,75.35,273.40,Month-to-month,"Fiber optic","Electronic check",New,No
0303-UNCIP,Male,41,65.00,2531.80,"One year",DSL,"Mailed check",Loyal,No
9947-OTFQU,Male,15,74.40,1074.30,Month-to-month,"Fiber optic","Electronic check",Loyal,Yes
0322-YINQP,Male,1,48.55,48.55,Month-to-month,DSL,"Mailed check",New,Yes
0959-WHOKV,Male,42,99.00,4298.45,"One year","Fiber optic","Electronic check",Loyal,No
4075-JFPGR,Female,51,93.50,4619.55,"One year","Fiber optic","Electronic check",Loyal,No
4629-NRXKX,Female,2,70.40,147.15,Month-to-month,"Fiber optic","Electronic check",New,Yes
9514-JDSKI,Male,1,40.20,40.20,Month-to-month,DSL,"Electronic check",New,Yes
3282-ZISZV,Male,32,83.70,2633.30,"One year",DSL,"Credit card (automatic)",Loyal,No
4111-BNXIF,Female,67,59.55,4103.90,"Two year",DSL,"Electronic check",Loyal,No
7017-VFHAY,Female,61,115.10,7008.15,"Two year","Fiber optic","Credit card (automatic)",Loyal,No
6655-LHBYW,Male,50,114.35,5791.10,"One year","Fiber optic","Credit card (automatic)",Loyal,No
4959-JOSRX,Female,2,44.60,80.55,Month-to-month,DSL,"Credit card (automatic)",New,Yes
5046-NUHWD,Female,29,45.00,1228.65,Month-to-month,DSL,"Electronic check",Loyal,No
7273-TEFQD,Male,3,41.15,132.20,Month-to-month,DSL,"Electronic check",New,Yes
3606-TWKGI,Male,13,106.90,1364.30,Month-to-month,"Fiber optic","Electronic check",Loyal,Yes
7529-ZDFXI,Male,57,89.85,4925.35,Month-to-month,"Fiber optic","Electronic check",Loyal,No
7605-BDWDC,Female,31,49.85,1520.10,"Two year",DSL,"Bank transfer (automatic)",Loyal,No
1950-KSVVJ,Female,45,113.30,5032.25,"One year","Fiber optic","Mailed check",Loyal,No
0123-CRBRT,Female,61,88.10,5526.75,"Two year",DSL,"Mailed check",Loyal,No
3197-ARFOY,Female,19,105.00,2007.25,Month-to-month,"Fiber optic","Mailed check",Loyal,No
4385-GZQXV,Female,16,94.45,1511.20,Month-to-month,"Fiber optic","Electronic check",Loyal,Yes
7633-MVPUY,Male,57,59.75,3450.15,"Two year",DSL,"Electronic check",Loyal,No
6366-ZGQGL,Male,1,24.80,24.80,Month-to-month,DSL,"Bank transfer (automatic)",New,Yes
4716-HHKQH,Male,20,107.05,2172.05,Month-to-month,"Fiber optic","Electronic check",Loyal,No
5940-AHUHD,Male,1,70.60,70.60,Month-to-month,"Fiber optic","Mailed check",New,Yes
6432-TWQLB,Male,5,85.40,401.10,Month-to-month,"Fiber optic","Electronic check",New,Yes
4484-GLZOU,Female,52,105.05,5624.85,Month-to-month,"Fiber optic","Electronic check",Loyal,Yes
3179-GBRWV,Male,21,64.95,1339.80,Month-to-month,DSL,"Bank transfer (automatic)",Loyal,No
8645-KWHJO,Male,14,55.00,771.95,Month-to-month,DSL,"Electronic check",Loyal,No
4130-MZLCC,Female,5,50.55,244.75,Month-to-month,DSL,"Bank transfer (automatic)",New,No
0314-TKOSI,Female,6,55.15,322.90,Month-to-month,DSL,"Mailed check",New,No
8229-MYEJZ,Female,10,51.20,498.25,Month-to-month,DSL,"Electronic check",Mid,No
9577-WJVCQ,Female,68,54.45,3687.75,Month-to-month,DSL,"Mailed check",Loyal,No
9512-UIBFX,Male,18,95.15,1779.95,Month-to-month,"Fiber optic","Mailed check",Loyal,Yes
6202-DYYFX,Female,22,76.00,1783.60,"One year","Fiber optic","Credit card (automatic)",Loyal,No
3808-HFKDE,Female,20,44.35,927.15,Month-to-month,DSL,"Electronic check",Loyal,No
5583-SXDAG,Male,1,70.00,70.00,Month-to-month,"Fiber optic","Electronic check",New,Yes
3488-PGMQJ,Male,8,74.50,606.55,Month-to-month,"Fiber optic","Electronic check",Mid,Yes
3580-REOAC,Male,10,44.85,435.40,Month-to-month,DSL,"Credit card (automatic)",Mid,Yes
7534-BFESC,Male,24,76.10,1712.70,Month-to-month,"Fiber optic","Electronic check",Loyal,Yes
3727-OWVYD,Male,35,61.20,2021.20,"One year",DSL,"Mailed check",Loyal,No
2294-SALNE,Male,23,86.80,1940.80,"One year","Fiber optic","Mailed check",Loyal,No
4847-TAJYI,Female,6,89.35,567.80,Month-to-month,"Fiber optic","Electronic check",New,No
6556-DBKZF,Female,71,76.05,5436.45,"Two year","Fiber optic","Electronic check",Loyal,No
6851-WEFYX,Male,35,100.80,3437.50,Month-to-month,"Fiber optic","Electronic check",Loyal,No
2985-JUUBZ,Male,40,74.55,3015.75,Month-to-month,DSL,"Electronic check",Loyal,No
6390-DSAZX,Female,1,73.60,73.60,Month-to-month,"Fiber optic","Mailed check",New,Yes
0895-LMRSF,Male,23,64.90,1509.80,"One year",DSL,"Bank transfer (automatic)",Loyal,No
8098-LLAZX,Female,4,95.45,396.10,Month-to-month,"Fiber optic","Electronic check",New,Yes
8266-VBFQL,Male,4,90.40,356.65,Month-to-month,"Fiber optic","Electronic check",New,No
8181-YHCMF,Female,68,60.30,4109.00,"Two year",DSL,"Credit card (automatic)",Loyal,No
2240-HSJQD,Male,38,81.85,3141.70,Month-to-month,"Fiber optic","Mailed check",Loyal,No
0265-EDXBD,Male,32,74.90,2303.35,Month-to-month,"Fiber optic","Electronic check",Loyal,Yes
4115-BNPJY,Male,29,75.55,2054.40,"Two year",DSL,"Mailed check",Loyal,No
3167-SNQPL,Male,38,101.15,3741.85,Month-to-month,"Fiber optic","Electronic check",Loyal,No
4091-TVOCN,Male,48,78.75,3682.45,"One year",DSL,"Credit card (automatic)",Loyal,No
7277-OZCGZ,Female,22,89.05,1886.25,Month-to-month,"Fiber optic","Electronic check",Loyal,No
1557-EMYVT,Female,43,115.05,4895.10,"Two year","Fiber optic","Credit card (automatic)",Loyal,No
2799-ARNLO,Female,5,69.35,341.60,Month-to-month,"Fiber optic","Electronic check",New,No
7563-BIUPC,Male,5,80.60,415.55,Month-to-month,"Fiber optic","Electronic check",New,Yes
5027-YOCXN,Male,51,110.05,5686.40,"One year","Fiber optic","Credit card (automatic)",Loyal,No
2321-OMBXY,Female,38,80.30,3058.65,"One year",DSL,"Credit card (automatic)",Loyal,Yes
2840-XANRC,Male,24,93.15,2231.05,Month-to-month,"Fiber optic","Electronic check",Loyal,Yes
6745-JEFZB,Male,35,91.50,3236.35,Month-to-month,"Fiber optic","Credit card (automatic)",Loyal,No
5020-ZSTTY,Female,54,82.45,4350.10,"One year",DSL,"Bank transfer (automatic)",Loyal,Yes
9880-TDQAC,Female,72,60.00,4264.00,"Two year",DSL,"Electronic check",Loyal,No
8705-WZCYL,Male,1,44.80,44.80,Month-to-month,DSL,"Electronic check",New,No
7102-JJVTX,Female,9,48.60,422.30,"One year",DSL,"Mailed check",Mid,No
8626-PTQGE,Male,69,60.05,4176.70,"Two year",DSL,"Bank transfer (automatic)",Loyal,No
4983-CLMLV,Female,52,102.70,5138.10,Month-to-month,"Fiber optic","Credit card (automatic)",Loyal,No
5701-YVSVF,Female,11,82.90,880.05,Month-to-month,"Fiber optic","Electronic check",Mid,No
5804-LEPIM,Female,2,70.35,139.05,Month-to-month,"Fiber optic","Electronic check",New,Yes
5697-GOMBF,Female,28,35.90,973.65,Month-to-month,DSL,"Electronic check",Loyal,No
2739-CACDQ,Female,17,82.65,1470.05,Month-to-month,"Fiber optic","Credit card (automatic)",Loyal,No
2379-GYFLQ,Male,46,94.90,4422.95,"One year","Fiber optic","Credit card (automatic)",Loyal,No
0122-OAHPZ,Female,7,73.85,511.25,Month-to-month,"Fiber optic","Electronic check",Mid,Yes
2868-SNELZ,Female,2,80.60,155.80,Month-to-month,"Fiber optic","Mailed check",New,Yes
4322-RCYMT,Male,68,75.80,5293.95,"One year",DSL,"Bank transfer (automatic)",Loyal,Yes
6680-NENYN,Female,43,104.60,4759.85,"Two year","Fiber optic","Electronic check",Loyal,Yes
2088-IEBAU,Female,68,88.15,6148.45,"Two year",DSL,"Electronic check",Loyal,No
7982-VCELR,Female,36,94.80,3565.65,Month-to-month,"Fiber optic","Credit card (automatic)",Loyal,No
1343-EHPYB,Male,63,103.40,6603.00,Month-to-month,"Fiber optic","Electronic check",Loyal,Yes
6035-BXTTY,Female,32,54.65,1830.10,Month-to-month,DSL,"Bank transfer (automatic)",Loyal,No
6885-PKOAM,Female,71,85.75,6223.80,"Two year",DSL,"Credit card (automatic)",Loyal,No
7520-HQWJU,Female,66,67.45,4508.65,Month-to-month,DSL,"Bank transfer (automatic)",Loyal,No
0021-IKXGC,Female,1,72.10,72.10,Month-to-month,"Fiber optic","Electronic check",New,No
2034-GDRCN,Female,2,90.40,168.20,Month-to-month,"Fiber optic","Electronic check",New,Yes
6243-OZGFH,Female,23,44.95,996.85,Month-to-month,DSL,"Electronic check",Loyal,No
4654-DLAMQ,Female,64,97.00,6430.90,"One year","Fiber optic","Bank transfer (automatic)",Loyal,No
0513-RBGPE,Male,37,62.80,2278.75,"Two year",DSL,"Credit card (automatic)",Loyal,No
5160-UXJED,Male,17,44.60,681.40,"One year",DSL,"Mailed check",Loyal,No
4115-NZRKS,Female,7,89.15,574.35,Month-to-month,"Fiber optic","Electronic check",Mid,No
0219-YTZUE,Male,4,84.80,371.90,Month-to-month,"Fiber optic","Bank transfer (automatic)",New,Yes
0623-IIHUG,Female,21,41.90,840.10,Month-to-month,DSL,"Electronic check",Loyal,Yes
4572-DVCGN,Female,10,80.25,846.00,Month-to-month,"Fiber optic","Bank transfer (automatic)",Mid,Yes
3351-NGXYI,Female,16,54.10,889.00,Month-to-month,DSL,"Electronic check",Loyal,No
8984-EYLLL,Male,64,105.25,6823.40,"Two year","Fiber optic","Electronic check",Loyal,No
9057-MSWCO,Male,27,30.75,805.10,Month-to-month,DSL,"Credit card (automatic)",Loyal,Yes
9833-TGFHX,Male,42,97.10,4016.75,"One year","Fiber optic","Electronic check",Loyal,No
5229-DTFYB,Female,41,98.80,3959.15,"Two year","Fiber optic","Bank transfer (automatic)",Loyal,No
0104-PPXDV,Male,58,50.30,2878.55,"One year",DSL,"Credit card (automatic)",Loyal,No
3583-KRKMD,Male,18,75.90,1373.05,Month-to-month,"Fiber optic","Bank transfer (automatic)",Loyal,No
1010-DIAUQ,Male,5,96.50,492.55,Month-to-month,"Fiber optic","Bank transfer (automatic)",New,Yes
9069-LGEUL,Male,23,59.95,1406.00,Month-to-month,DSL,"Bank transfer (automatic)",Loyal,No
9571-EDEBV,Male,71,98.65,6962.85,"One year","Fiber optic","Credit card (automatic)",Loyal,No
3520-FJGCV,Male,72,112.60,8126.65,"Two year","Fiber optic","Credit card (automatic)",Loyal,No
0259-GBZSH,Male,2,85.65,181.50,Month-to-month,"Fiber optic","Electronic check",New,Yes
6122-EFVKN,Male,24,35.75,830.80,"Two year",DSL,"Mailed check",Loyal,No
2805-EDJPQ,Female,56,99.75,5608.40,"One year","Fiber optic","Credit card (automatic)",Loyal,No
6862-CQUMB,Male,37,96.10,3646.80,Month-to-month,"Fiber optic","Credit card (automatic)",Loyal,No
7156-MXBJE,Female,43,85.10,3662.25,"One year",DSL,"Credit card (automatic)",Loyal,No
6158-HDPXZ,Male,1,25.35,25.35,Month-to-month,DSL,"Mailed check",New,No
9601-BRXPO,Female,25,104.95,2566.50,Month-to-month,"Fiber optic","Bank transfer (automatic)",Loyal,Yes
2863-IMQDR,Female,61,89.65,5308.70,"Two year",DSL,"Electronic check",Loyal,No
5686-CMAWK,Male,17,86.75,1410.25,"One year","Fiber optic","Electronic check",Loyal,No
5651-CRHKQ,Female,41,86.20,3339.05,"One year","Fiber optic","Bank transfer (automatic)",Loyal,No
6905-NIQIN,Male,1,50.65,50.65,Month-to-month,DSL,"Mailed check",New,Yes
8204-YJCLA,Male,72,64.80,4732.35,"Two year",DSL,"Bank transfer (automatic)",Loyal,No
5167-ZFFMM,Male,1,90.85,90.85,Month-to-month,"Fiber optic","Credit card (automatic)",New,Yes
6583-SZVGP,Male,48,108.10,5067.45,"Two year","Fiber optic","Bank transfer (automatic)",Loyal,No
0533-BNWKF,Female,55,85.45,4874.70,Month-to-month,"Fiber optic","Electronic check",Loyal,Yes
1708-PBBOA,Female,42,54.75,2348.45,"One year",DSL,"Electronic check",Loyal,No
8782-LKFPK,Male,44,90.40,4063.00,Month-to-month,"Fiber optic","Mailed check",Loyal,No
5522-JBWMO,Male,1,44.00,44.00,Month-to-month,DSL,"Electronic check",New,No
3597-MVHJT,Female,27,95.60,2595.25,Month-to-month,"Fiber optic","Bank transfer (automatic)",Loyal,No
9774-NRNAU,Male,27,84.80,2309.55,Month-to-month,DSL,"Bank transfer (automatic)",Loyal,No
0224-RLWWD,Female,2,44.30,89.30,Month-to-month,DSL,"Electronic check",New,No
3951-NJCVI,Female,42,95.05,3944.50,Month-to-month,"Fiber optic","Electronic check",Loyal,No
2977-CEBSX,Female,66,90.05,5965.95,"Two year",DSL,"Credit card (automatic)",Loyal,No
0177-PXBAT,Male,33,109.90,3694.70,Month-to-month,"Fiber optic","Bank transfer (automatic)",Loyal,No
6599-CEBNN,Female,34,73.95,2524.45,Month-to-month,"Fiber optic","Credit card (automatic)",Loyal,Yes
2519-ERQOJ,Male,33,54.60,1803.70,Month-to-month,DSL,"Electronic check",Loyal,No
0979-PHULV,Male,69,99.45,7007.60,Month-to-month,"Fiber optic","Credit card (automatic)",Loyal,Yes
3067-SVMTC,Female,68,55.90,3848.80,"One year",DSL,"Bank transfer (automatic)",Loyal,No
4742-DRORA,Male,60,95.40,5812.00,"One year","Fiber optic","Bank transfer (automatic)",Loyal,No
0111-KLBQG,Male,32,93.95,2861.45,Month-to-month,"Fiber optic","Mailed check",Loyal,No
0334-GDDSO,Male,3,81.35,233.70,Month-to-month,"Fiber optic","Electronic check",New,Yes
5233-AOZUF,Female,29,74.95,2149.05,Month-to-month,"Fiber optic","Electronic check",Loyal,No
5973-EJGDP,Male,51,87.35,4473.00,Month-to-month,"Fiber optic","Electronic check",Loyal,No
1996-DBMUS,Female,48,70.65,3545.05,Month-to-month,"Fiber optic","Bank transfer (automatic)",Loyal,No
7916-VCCPB,Female,16,73.25,1195.75,Month-to-month,"Fiber optic","Bank transfer (automatic)",Loyal,No
4686-GEFRM,Male,70,98.70,6858.90,"Two year","Fiber optic","Bank transfer (automatic)",Loyal,No
0578-SKVMF,Female,22,83.30,1845.90,Month-to-month,"Fiber optic","Electronic check",Loyal,Yes
5564-NEMQO,Female,1,75.30,75.30,Month-to-month,"Fiber optic","Bank transfer (automatic)",New,Yes
5605-IYGFG,Female,7,69.85,515.45,Month-to-month,"Fiber optic","Bank transfer (automatic)",Mid,No
7663-ZTEGJ,Male,29,100.55,2830.45,"One year","Fiber optic","Credit card (automatic)",Loyal,No
8111-BKVDS,Female,10,40.70,449.30,Month-to-month,DSL,"Bank transfer (automatic)",Mid,No
2055-SIFSS,Female,55,51.65,2838.55,Month-to-month,DSL,"Bank transfer (automatic)",Loyal,No
2806-MLNTI,Male,52,105.10,5376.40,"One year","Fiber optic","Bank transfer (automatic)",Loyal,No
8734-DKSTZ,Female,10,85.95,858.60,Month-to-month,"Fiber optic","Electronic check",Mid,No
4360-PNRQB,Male,18,75.60,1395.05,Month-to-month,"Fiber optic","Bank transfer (automatic)",Loyal,No
6152-ONASV,Female,68,58.25,3975.70,"One year",DSL,"Bank transfer (automatic)",Loyal,No
7781-HVGMK,Female,72,65.20,4784.45,"Two year",DSL,"Credit card (automatic)",Loyal,No
2181-UAESM,Male,2,53.45,119.50,Month-to-month,DSL,"Electronic check",New,No
2957-LOLHO,Male,12,45.40,518.90,Month-to-month,DSL,"Bank transfer (automatic)",Mid,Yes
2320-SLKMB,Female,26,44.45,1183.80,Month-to-month,DSL,"Credit card (automatic)",Loyal,No
4376-KFVRS,Male,72,114.05,8468.20,"Two year","Fiber optic","Credit card (automatic)",Loyal,No
5886-VLQVU,Male,35,89.85,3161.20,Month-to-month,"Fiber optic","Bank transfer (automatic)",Loyal,No
3577-AMVUX,Male,1,55.05,55.05,Month-to-month,DSL,"Mailed check",New,No
0771-WLCLA,Female,16,112.95,1882.55,Month-to-month,"Fiber optic","Electronic check",Loyal,No
5628-RKIFK,Female,49,101.55,5070.40,Month-to-month,"Fiber optic","Credit card (automatic)",Loyal,No
0206-TBWLC,Female,54,114.65,6049.50,"One year","Fiber optic","Mailed check",Loyal,No
2937-FTHUR,Female,18,64.80,1166.70,Month-to-month,DSL,"Electronic check",Loyal,No
1910-FMXJM,Female,36,80.40,2937.65,Month-to-month,"Fiber optic","Electronic check",Loyal,No
7752-XUSCI,Female,60,105.90,6396.45,Month-to-month,"Fiber optic","Electronic check",Loyal,Yes
4110-PFEUZ,Female,1,69.55,69.55,Month-to-month,"Fiber optic","Mailed check",New,Yes
5168-MSWXT,Male,8,94.75,759.55,Month-to-month,"Fiber optic","Electronic check",Mid,No
1090-ESELR,Male,72,105.50,7611.55,"Two year","Fiber optic","Bank transfer (automatic)",Loyal,No
5760-WRAHC,Female,22,69.75,1545.40,Month-to-month,DSL,"Mailed check",Loyal,No
8847-GEOOQ,Male,60,60.20,3582.40,Month-to-month,DSL,"Bank transfer (automatic)",Loyal,No
0256-LTHVJ,Female,28,81.05,2227.10,Month-to-month,"Fiber optic","Electronic check",Loyal,Yes
8313-NDOIA,Female,24,104.15,2494.65,Month-to-month,"Fiber optic","Electronic check",Loyal,No
5149-CUZUJ,Male,28,92.90,2768.35,"One year","Fiber optic","Bank transfer (automatic)",Loyal,No
0942-KOWSM,Female,30,80.80,2369.30,"Two year",DSL,"Bank transfer (automatic)",Loyal,No
1452-VOQCH,Male,1,75.10,75.10,Month-to-month,"Fiber optic","Electronic check",New,No
6614-VBEGU,Female,24,69.45,1614.05,Month-to-month,DSL,"Bank transfer (automatic)",Loyal,No
0880-TKATG,Male,4,101.15,385.90,Month-to-month,"Fiber optic","Electronic check",New,Yes
3811-VBYBZ,Male,7,99.80,673.25,Month-to-month,"Fiber optic","Electronic check",Mid,Yes
1480-BKXGA,Male,72,116.05,8404.90,"Two year","Fiber optic","Bank transfer (automatic)",Loyal,No
2996-XAUVF,Male,70,40.05,2799.75,"Two year",DSL,"Mailed check",Loyal,No
9076-AXYIK,Male,64,102.10,6538.45,"Two year","Fiber optic","Electronic check",Loyal,No
5968-XQIVE,Male,72,89.70,6588.95,"One year","Fiber optic","Electronic check",Loyal,No
4640-UHDOS,Female,13,55.95,734.35,Month-to-month,DSL,"Electronic check",Loyal,Yes
3583-EKAPL,Male,1,55.00,55.00,Month-to-month,DSL,"Electronic check",New,Yes
1304-BCCFO,Male,9,70.05,564.40,Month-to-month,DSL,"Mailed check",Mid,No
4104-PVRPS,Male,24,53.60,1315.35,Month-to-month,DSL,"Mailed check",Loyal,No
9399-APLBT,Female,1,74.70,74.70,Month-to-month,"Fiber optic","Electronic check",New,Yes
2359-KMGLI,Male,24,80.25,1861.50,Month-to-month,"Fiber optic","Electronic check",Loyal,Yes
3780-DDGSE,Male,35,76.05,2747.20,Month-to-month,DSL,"Electronic check",Loyal,No
4431-EDMIQ,Female,7,75.70,554.05,Month-to-month,DSL,"Electronic check",Mid,No
0306-JAELE,Male,5,96.10,453.40,Month-to-month,"Fiber optic","Electronic check",New,Yes
6227-HWPWX,Female,15,69.00,994.80,Month-to-month,"Fiber optic","Bank transfer (automatic)",Loyal,Yes
0447-BEMNG,Female,48,45.30,2145.00,Month-to-month,DSL,"Bank transfer (automatic)",Loyal,Yes
4612-SSVHJ,Female,20,81.45,1671.60,Month-to-month,"Fiber optic","Electronic check",Loyal,No
5168-MQQCA,Female,72,108.50,8003.80,"One year","Fiber optic","Bank transfer (automatic)",Loyal,No
5949-XIKAE,Female,8,83.55,680.05,Month-to-month,"Fiber optic","Electronic check",Mid,Yes
7971-HLVXI,Male,72,84.50,6130.85,"Two year","Fiber optic","Credit card (automatic)",Loyal,No
9094-AZPHK,Female,15,100.15,1415.00,Month-to-month,"Fiber optic","Electronic check",Loyal,No
3649-JPUGY,Male,72,88.60,6201.95,"Two year",DSL,"Bank transfer (automatic)",Loyal,No
8372-JUXUI,Male,1,74.35,74.35,Month-to-month,"Fiber optic","Electronic check",New,Yes
3552-CTCYF,Male,63,104.80,6597.25,"Two year","Fiber optic","Bank transfer (automatic)",Loyal,No
6778-YSNIH,Female,2,59.00,114.15,Month-to-month,DSL,"Electronic check",New,No
0388-EOPEX,Female,2,74.40,139.40,Month-to-month,"Fiber optic","Electronic check",New,Yes
5756-OZRIO,Male,61,64.05,3902.60,"One year",DSL,"Bank transfer (automatic)",Loyal,No
8205-OTCHB,Male,22,43.75,903.60,"One year",DSL,"Bank transfer (automatic)",Loyal,Yes
4134-BSXLX,Male,28,60.90,1785.65,Month-to-month,DSL,"Mailed check",Loyal,No
6235-VDHOM,Female,5,28.45,131.05,Month-to-month,DSL,"Electronic check",New,Yes
7783-YKGDV,Female,12,99.70,1238.45,Month-to-month,"Fiber optic","Bank transfer (automatic)",Mid,Yes
4374-YMUSQ,Male,34,116.25,3899.05,"One year","Fiber optic","Credit card (automatic)",Loyal,No
4513-CXYIX,Female,71,80.70,5676.00,"Two year","Fiber optic","Credit card (automatic)",Loyal,No
3957-HHLMR,Female,70,65.20,4543.15,"One year",DSL,"Bank transfer (automatic)",Loyal,No
7803-XOCCZ,Female,52,84.05,4326.80,Month-to-month,"Fiber optic","Bank transfer (automatic)",Loyal,No
5736-YEJAX,Male,69,79.45,5502.55,"Two year",DSL,"Credit card (automatic)",Loyal,No
5609-CEBID,Female,20,94.10,1782.40,Month-to-month,"Fiber optic","Electronic check",Loyal,Yes
8981-FJGLA,Male,11,78.00,851.80,Month-to-month,"Fiber optic","Mailed check",Mid,No
7218-HKQFK,Male,2,94.20,167.50,Month-to-month,"Fiber optic","Electronic check",New,Yes
4636-QRJKY,Female,6,80.50,502.85,Month-to-month,"Fiber optic","Electronic check",New,Yes
4332-MUOEZ,Male,20,94.30,1818.30,"One year","Fiber optic","Credit card (automatic)",Loyal,No
8535-SFUTN,Male,61,106.45,6300.15,Month-to-month,"Fiber optic","Electronic check",Loyal,No
5956-VKDTT,Female,5,74.35,334.80,Month-to-month,"Fiber optic","Electronic check",New,Yes
8677-HDZEE,Female,56,105.45,5916.95,Month-to-month,"Fiber optic","Bank transfer (automatic)",Loyal,No
2475-MROZF,Male,30,95.00,2852.40,Month-to-month,"Fiber optic","Credit card (automatic)",Loyal,No
9412-GHEEC,Male,40,104.80,4131.95,Month-to-month,"Fiber optic","Bank transfer (automatic)",Loyal,Yes
3482-ABPKK,Female,28,54.30,1546.30,"One year",DSL,"Mailed check",Loyal,No
6705-LXORM,Female,5,70.05,302.60,Month-to-month,"Fiber optic","Electronic check",New,No
0257-ZESQC,Female,27,75.20,1929.35,Month-to-month,"Fiber optic","Bank transfer (automatic)",Loyal,Yes
5174-ITUMV,Male,67,105.40,6989.45,"One year","Fiber optic","Electronic check",Loyal,No
4109-CYRBD,Male,29,51.60,1442.00,Month-to-month,DSL,"Electronic check",Loyal,No
0913-XWSCN,Male,55,85.50,4713.40,Month-to-month,"Fiber optic","Bank transfer (automatic)",Loyal,No
6825-UYPFK,Female,23,75.60,1758.60,Month-to-month,"Fiber optic","Bank transfer (automatic)",Loyal,Yes
8397-MVTAZ,Male,34,100.05,3480.00,Month-to-month,"Fiber optic","Electronic check",Loyal,Yes
0750-EBAIU,Male,52,91.25,4738.30,"One year","Fiber optic","Electronic check",Loyal,No
8606-CIQUL,Male,72,115.75,8399.15,"Two year","Fiber optic","Credit card (automatic)",Loyal,No
3571-DPYUH,Male,58,94.70,5430.35,"One year","Fiber optic","Credit card (automatic)",Loyal,No
0356-OBMAC,Female,56,99.90,5706.30,"Two year","Fiber optic","Bank transfer (automatic)",Loyal,No
4234-XTNEA,Male,2,79.95,174.45,Month-to-month,"Fiber optic","Electronic check",New,No
1297-VQDRP,Male,68,107.15,7379.80,"One year","Fiber optic","Credit card (automatic)",Loyal,No
9282-IZGQK,Female,1,85.00,85.00,Month-to-month,"Fiber optic","Electronic check",New,Yes
5348-CAGXB,Male,12,89.55,1021.75,Month-to-month,"Fiber optic","Electronic check",Mid,No
0621-HJWXJ,Female,63,81.55,5029.05,Month-to-month,"Fiber optic","Bank transfer (automatic)",Loyal,No
5844-QVTAT,Female,33,58.45,1955.40,"One year",DSL,"Mailed check",Loyal,No
8905-IAZPF,Female,69,95.65,6744.20,"One year","Fiber optic","Credit card (automatic)",Loyal,No
5394-MEITZ,Female,60,80.60,4946.70,"Two year",DSL,"Bank transfer (automatic)",Loyal,No
6859-QNXIQ,Female,72,113.10,8248.50,"Two year","Fiber optic","Bank transfer (automatic)",Loyal,No
2782-LFZVW,Female,11,58.95,601.60,Month-to-month,DSL,"Mailed check",Mid,No
1342-JPNKI,Male,10,86.05,834.10,Month-to-month,"Fiber optic","Bank transfer (automatic)",Mid,Yes
2817-NTQDO,Male,13,45.55,597.00,Month-to-month,DSL,"Credit card (automatic)",Loyal,Yes
7129-AZJDE,Male,34,78.95,2647.20,"One year","Fiber optic","Bank transfer (automatic)",Loyal,No
6986-IJDHX,Male,39,86.30,3266.00,Month-to-month,"Fiber optic","Mailed check",Loyal,Yes
2560-PPCHE,Female,65,105.05,6744.25,"One year","Fiber optic","Bank transfer (automatic)",Loyal,No
4676-MQUEA,Male,50,101.90,5265.50,"One year","Fiber optic","Bank transfer (automatic)",Loyal,No
3580-HYCSP,Male,72,110.30,7966.90,"Two year","Fiber optic","Bank transfer (automatic)",Loyal,No
1352-HNSAW,Female,72,115.60,8220.40,"Two year","Fiber optic","Bank transfer (automatic)",Loyal,No
5301-GAUUY,Male,32,80.35,2596.15,Month-to-month,"Fiber optic","Bank transfer (automatic)",Loyal,Yes
5791-KAJFD,Female,56,68.75,3808.00,"One year",DSL,"Bank transfer (automatic)",Loyal,No
1154-HYWWO,Male,38,70.60,2708.20,"One year",DSL,"Mailed check",Loyal,No
2501-XWWTZ,Male,11,70.20,760.05,Month-to-month,"Fiber optic","Electronic check",Mid,No
3716-UVSPD,Male,1,49.30,49.30,Month-to-month,DSL,"Electronic check",New,No
6815-ABQFQ,Male,56,107.25,6033.30,"One year","Fiber optic","Electronic check",Loyal,No
3701-SFMUH,Male,7,69.70,516.15,Month-to-month,DSL,"Credit card (automatic)",Mid,No
6103-LIANB,Male,59,99.50,5861.75,"Two year","Fiber optic","Credit card (automatic)",Loyal,No
7319-VENRZ,Male,7,64.30,445.95,Month-to-month,DSL,"Bank transfer (automatic)",Mid,No
5846-NEQVZ,Male,71,70.85,4973.40,"Two year",DSL,"Credit card (automatic)",Loyal,No
6967-QIQRV,Male,15,101.90,1667.25,"One year","Fiber optic","Electronic check",Loyal,No
5781-RFZRP,Male,71,73.50,5357.75,"Two year",DSL,"Credit card (automatic)",Loyal,No
0939-YAPAF,Female,35,100.25,3527.60,Month-to-month,"Fiber optic","Electronic check",Loyal,Yes
0308-IVGOK,Female,11,40.40,422.60,"One year",DSL,"Credit card (automatic)",Mid,No
7025-WCBNE,Male,47,59.60,2754.00,"Two year",DSL,"Bank transfer (automatic)",Loyal,No
5756-JYOJT,Female,11,64.90,697.25,"One year",DSL,"Credit card (automatic)",Mid,No
4710-FDUIZ,Male,56,100.30,5614.45,"One year","Fiber optic","Credit card (automatic)",Loyal,Yes
6030-REHUX,Female,28,110.85,3204.40,Month-to-month,"Fiber optic","Electronic check",Loyal,No
9548-LIGTA,Male,61,81.05,4747.65,"Two year",DSL,"Mailed check",Loyal,No
5150-LJNSR,Male,31,98.05,3082.10,"One year","Fiber optic","Bank transfer (automatic)",Loyal,No
8270-RKSAP,Male,9,70.50,597.90,Month-to-month,"Fiber optic","Electronic check",Mid,No
6522-YRBXD,Male,35,94.55,3365.40,Month-to-month,"Fiber optic","Electronic check",Loyal,No
3627-FHKBK,Female,1,75.30,75.30,Month-to-month,"Fiber optic","Mailed check",New,Yes
2865-TCHJW,Female,4,89.20,346.20,Month-to-month,"Fiber optic","Electronic check",New,Yes
5192-EBGOV,Female,1,85.70,85.70,Month-to-month,"Fiber optic","Electronic check",New,Yes
4568-KNYWR,Male,52,63.25,3342.45,"Two year",DSL,"Credit card (automatic)",Loyal,No
0742-LAFQK,Male,72,99.15,7422.10,"Two year","Fiber optic","Electronic check",Loyal,No
0795-LAFGP,Male,71,90.40,6668.05,"Two year",DSL,"Electronic check",Loyal,No
0619-OLYUR,Male,72,111.90,8071.05,"Two year","Fiber optic","Credit card (automatic)",Loyal,No
0459-SPZHJ,Male,63,83.50,5435.00,"Two year",DSL,"Credit card (automatic)",Loyal,No
0215-BQKGS,Male,30,84.30,2438.60,Month-to-month,"Fiber optic","Credit card (automatic)",Loyal,No
9244-ZVAPM,Male,1,45.60,45.60,Month-to-month,DSL,"Mailed check",New,No
0719-SYFRB,Female,12,61.65,713.75,Month-to-month,DSL,"Mailed check",Mid,Yes
8208-EUMTE,Male,16,54.85,916.15,"Two year",DSL,"Mailed check",Loyal,No
5172-MIGPM,Male,4,65.55,237.20,Month-to-month,DSL,"Mailed check",New,No
1710-RCXUS,Male,51,90.35,4614.55,"One year","Fiber optic","Credit card (automatic)",Loyal,No
5839-SUYVZ,Male,16,74.55,1170.50,Month-to-month,"Fiber optic","Credit card (automatic)",Loyal,No
1096-ADRUX,Female,66,74.25,4859.25,"One year","Fiber optic","Bank transfer (automatic)",Loyal,No
2001-MCUUW,Male,46,108.65,4903.20,"Two year","Fiber optic","Electronic check",Loyal,No
2731-GJRDG,Female,32,109.55,3608.00,"One year","Fiber optic","Bank transfer (automatic)",Loyal,No
4723-BEGSG,Male,72,86.65,6094.25,"Two year",DSL,"Credit card (automatic)",Loyal,No
6516-NKQBO,Male,38,81.00,3084.90,"Two year",DSL,"Credit card (automatic)",Loyal,No
8672-OAUPW,Male,51,47.85,2356.75,"One year",DSL,"Credit card (automatic)",Loyal,No
8207-DMRVL,Male,72,114.55,8306.05,"Two year","Fiber optic","Bank transfer (automatic)",Loyal,No
3419-SNJJD,Female,65,105.25,6786.40,Month-to-month,"Fiber optic","Bank transfer (automatic)",Loyal,Yes
6543-CPZMK,Male,9,29.95,248.95,Month-to-month,DSL,"Electronic check",Mid,Yes
4765-OXPPD,Female,9,65.00,663.05,Month-to-month,DSL,"Mailed check",Mid,Yes
6689-VRRTK,Female,44,109.80,4860.35,"One year","Fiber optic","Credit card (automatic)",Loyal,No
7138-GIRSH,Male,50,69.50,3418.20,"Two year",DSL,"Bank transfer (automatic)",Loyal,No
9396-ZSFLL,Female,15,48.85,631.40,Month-to-month,DSL,"Mailed check",Loyal,No
6464-KEXXH,Male,8,25.25,186.30,Month-to-month,DSL,"Credit card (automatic)",Mid,No
7134-MJPDY,Female,66,102.85,6976.75,"One year","Fiber optic","Credit card (automatic)",Loyal,No
5240-CAOYT,Female,57,87.55,4884.85,Month-to-month,"Fiber optic","Bank transfer (automatic)",Loyal,No
4059-IIEBK,Female,7,78.55,522.95,Month-to-month,"Fiber optic","Bank transfer (automatic)",Mid,No
4881-JVQOD,Male,10,34.55,362.60,Month-to-month,DSL,"Bank transfer (automatic)",Mid,No
0516-UXRMT,Female,62,92.05,5755.80,"One year","Fiber optic","Electronic check",Loyal,No
4851-BQDNX,Male,40,85.05,3355.65,"One year","Fiber optic","Electronic check",Loyal,No
3003-CMDUU,Female,25,95.15,2395.70,Month-to-month,"Fiber optic","Electronic check",Loyal,No
5016-IBERQ,Male,23,84.25,1968.10,Month-to-month,"Fiber optic","Electronic check",Loyal,No
6797-UCJHZ,Female,66,104.60,6819.45,"One year","Fiber optic","Credit card (automatic)",Loyal,No
2469-DTSGX,Female,72,111.65,7943.45,"Two year","Fiber optic","Electronic check",Loyal,No
4554-YGZIH,Male,49,90.05,4547.25,Month-to-month,"Fiber optic","Credit card (automatic)",Loyal,Yes
5099-BAILX,Male,43,110.75,4687.90,Month-to-month,"Fiber optic","Bank transfer (automatic)",Loyal,Yes
9931-KGHOA,Female,46,55.00,2473.95,Month-to-month,DSL,"Bank transfer (automatic)",Loyal,No
1775-KWJKQ,Male,72,89.85,6562.90,"Two year",DSL,"Credit card (automatic)",Loyal,No
9411-TPQQV,Female,40,54.55,2236.20,"One year",DSL,"Bank transfer (automatic)",Loyal,No
7207-RMRDB,Female,65,105.50,6985.65,Month-to-month,"Fiber optic","Electronic check",Loyal,Yes
7954-MLBUN,Male,31,99.45,3109.90,"Two year","Fiber optic","Bank transfer (automatic)",Loyal,No
2077-DDHJK,Female,68,70.90,4911.35,"Two year",DSL,"Credit card (automatic)",Loyal,No
4913-EHYUI,Male,56,104.55,5794.65,"One year","Fiber optic","Bank transfer (automatic)",Loyal,Yes
0195-IESCP,Male,10,85.25,855.30,Month-to-month,"Fiber optic","Electronic check",Mid,Yes
4580-TMHJU,Female,43,56.15,2499.30,Month-to-month,DSL,"Electronic check",Loyal,Yes
0970-ETWGE,Male,1,89.55,89.55,Month-to-month,"Fiber optic","Electronic check",New,Yes
4908-XAXAY,Female,49,89.85,4287.20,"One year","Fiber optic","Bank transfer (automatic)",Loyal,No
1626-ERCMM,Male,20,94.55,1899.65,Month-to-month,"Fiber optic","Electronic check",Loyal,Yes
0887-HJGAR,Male,1,45.70,45.70,Month-to-month,DSL,"Mailed check",New,Yes
2391-IPLOP,Male,50,69.65,3442.15,"One year",DSL,"Electronic check",Loyal,No
5644-PDMZC,Female,2,89.50,161.50,Month-to-month,"Fiber optic","Electronic check",New,Yes
3509-GWQGF,Male,24,70.00,1732.60,Month-to-month,"Fiber optic","Credit card (automatic)",Loyal,No
9576-ANLXO,Female,3,69.55,222.30,Month-to-month,"Fiber optic","Bank transfer (automatic)",New,Yes
2024-BASKD,Female,1,74.60,74.60,Month-to-month,"Fiber optic","Mailed check",New,Yes
5183-SNMJQ,Male,10,95.10,865.10,Month-to-month,"Fiber optic","Credit card (automatic)",Mid,No
8100-PNJMH,Male,68,88.85,6132.70,"Two year",DSL,"Credit card (automatic)",Loyal,No
7838-LAZFO,Male,45,78.80,3597.50,"One year",DSL,"Bank transfer (automatic)",Loyal,No
5650-VDUDS,Female,4,24.25,96.05,Month-to-month,DSL,"Mailed check",New,Yes
8095-WANWK,Female,10,45.25,428.70,Month-to-month,DSL,"Mailed check",Mid,No
9565-FLVCG,Male,65,69.55,4459.15,"Two year",DSL,"Mailed check",Loyal,No
2800-VEQXM,Female,3,74.75,238.10,Month-to-month,"Fiber optic","Mailed check",New,No
7538-GWHML,Female,2,69.65,145.15,Month-to-month,"Fiber optic","Electronic check",New,Yes
5533-RJFTJ,Male,49,30.20,1453.10,Month-to-month,DSL,"Bank transfer (automatic)",Loyal,No
3859-CVCET,Female,4,45.65,191.05,Month-to-month,DSL,"Mailed check",New,Yes
0214-JHPFW,Female,70,57.80,4039.30,"Two year",DSL,"Bank transfer (automatic)",Loyal,No
3276-HDUEG,Female,1,75.05,75.05,Month-to-month,"Fiber optic","Mailed check",New,Yes
0823-HSCDJ,Male,52,49.15,2550.90,Month-to-month,DSL,"Electronic check",Loyal,Yes
3729-OWRVL,Male,65,110.35,7246.15,"Two year","Fiber optic","Electronic check",Loyal,No
0822-GAVAP,Female,2,34.70,62.25,Month-to-month,DSL,"Electronic check",New,Yes
5760-IFJOZ,Male,3,107.95,313.60,Month-to-month,"Fiber optic","Mailed check",New,No
2826-UWHIS,Male,45,81.40,3775.85,Month-to-month,"Fiber optic","Bank transfer (automatic)",Loyal,No
1448-PWKYE,Male,1,80.00,80.00,Month-to-month,"Fiber optic","Electronic check",New,Yes
7501-IWUNG,Female,61,73.80,4616.05,"Two year",DSL,"Bank transfer (automatic)",Loyal,No
4957-TREIR,Male,3,64.40,195.65,Month-to-month,DSL,"Credit card (automatic)",New,No
7251-LJBQN,Female,40,103.75,4188.40,"One year","Fiber optic","Credit card (automatic)",Loyal,No
8040-MNRTF,Female,1,71.10,71.10,Month-to-month,"Fiber optic","Mailed check",New,No
1536-HBSWP,Female,1,49.90,49.90,Month-to-month,DSL,"Electronic check",New,No
0067-DKWBL,Male,2,49.25,91.10,Month-to-month,DSL,"Electronic check",New,Yes
0946-FKYTX,Male,52,30.10,1623.40,"One year",DSL,"Mailed check",Loyal,No
5076-YVXCM,Male,51,83.40,4149.45,Month-to-month,"Fiber optic","Bank transfer (automatic)",Loyal,No
6663-JOCQO,Male,31,75.25,2344.50,"One year",DSL,"Bank transfer (automatic)",Loyal,No
2276-YDAVZ,Female,3,75.10,270.70,Month-to-month,"Fiber optic","Credit card (automatic)",New,Yes
0078-XZMHT,Male,72,85.15,6316.20,"Two year",DSL,"Bank transfer (automatic)",Loyal,No
5896-NPFWW,Male,3,50.15,168.15,Month-to-month,DSL,"Electronic check",New,Yes
9978-HYCIN,Male,47,84.95,4018.05,"One year","Fiber optic","Bank transfer (automatic)",Loyal,No
8338-QIUNR,Male,72,66.50,4811.60,"Two year",DSL,"Credit card (automatic)",Loyal,No
1525-LNLOJ,Male,66,63.30,4189.70,"Two year",DSL,"Bank transfer (automatic)",Loyal,No
9450-TRJUU,Male,35,83.15,2848.45,Month-to-month,"Fiber optic","Electronic check",Loyal,No
1766-GKNMI,Male,29,84.90,2516.20,Month-to-month,"Fiber optic","Electronic check",Loyal,No
1456-TWCGB,Male,4,49.25,208.45,Month-to-month,DSL,"Mailed check",New,No
7133-VBDCG,Female,25,79.85,2015.35,Month-to-month,"Fiber optic","Bank transfer (automatic)",Loyal,Yes
7596-ZYWBB,Female,65,59.60,3739.80,"Two year",DSL,"Mailed check",Loyal,No
8329-UTMVM,Male,27,104.65,2964.00,"One year","Fiber optic","Bank transfer (automatic)",Loyal,No
3014-WJKSM,Male,29,75.30,2263.40,Month-to-month,"Fiber optic","Credit card (automatic)",Loyal,No
3347-YJZZE,Male,29,80.10,2211.80,Month-to-month,DSL,"Credit card (automatic)",Loyal,No
7929-DMBCV,Female,20,81.00,1683.70,Month-to-month,"Fiber optic","Mailed check",Loyal,No
5433-KYGHE,Female,14,86.00,1164.05,Month-to-month,"Fiber optic","Mailed check",Loyal,No
5575-TPIZQ,Male,46,89.15,4245.55,Month-to-month,"Fiber optic","Credit card (automatic)",Loyal,No
0114-IGABW,Female,71,58.25,4145.90,"Two year",DSL,"Bank transfer (automatic)",Loyal,No
9944-AEXBM,Male,32,85.65,2664.30,Month-to-month,"Fiber optic","Bank transfer (automatic)",Loyal,No
1853-ARAAQ,Female,26,50.35,1277.50,Month-to-month,DSL,"Credit card (automatic)",Loyal,No
6952-OMNWB,Male,68,80.35,5589.30,Month-to-month,"Fiber optic","Credit card (automatic)",Loyal,No
4952-YSOGZ,Female,4,85.95,381.30,Month-to-month,"Fiber optic","Electronic check",New,Yes
1589-AGTLK,Male,3,45.35,141.50,Month-to-month,DSL,"Electronic check",New,Yes
5244-IRFIH,Male,33,94.50,3105.55,Month-to-month,"Fiber optic","Electronic check",Loyal,Yes
6786-OBWQR,Female,5,80.85,356.10,Month-to-month,"Fiber optic","Electronic check",New,No
2684-EIWEO,Female,30,91.70,2758.15,Month-to-month,"Fiber optic","Credit card (automatic)",Loyal,Yes
2753-JMMCV,Male,65,74.20,4805.65,"Two year",DSL,"Credit card (automatic)",Loyal,No
6439-GTPCA,Female,45,87.25,3941.70,Month-to-month,"Fiber optic","Electronic check",Loyal,Yes
1216-JWVUX,Male,25,75.50,1901.05,Month-to-month,"Fiber optic","Electronic check",Loyal,No
7564-GHCVB,Female,72,79.05,5730.70,"Two year","Fiber optic","Bank transfer (automatic)",Loyal,No
1173-NOEYG,Female,27,90.15,2423.40,Month-to-month,"Fiber optic","Bank transfer (automatic)",Loyal,No
7595-EHCDL,Male,32,50.60,1653.45,Month-to-month,DSL,"Credit card (automatic)",Loyal,No
6647-ZEDXT,Female,30,110.45,3327.05,"One year","Fiber optic","Credit card (automatic)",Loyal,No
2521-NPUZR,Male,70,101.00,7085.50,"Two year","Fiber optic","Credit card (automatic)",Loyal,No
1307-TVUFB,Male,42,79.35,3344.10,Month-to-month,"Fiber optic","Bank transfer (automatic)",Loyal,No
7503-MIOGA,Female,72,89.85,6697.35,"Two year",DSL,"Bank transfer (automatic)",Loyal,No
4381-MHQDC,Female,47,65.00,2879.90,"Two year",DSL,"Mailed check",Loyal,No
6923-JHPMP,Female,2,80.45,137.10,Month-to-month,"Fiber optic","Electronic check",New,No
5138-WVKYJ,Male,10,98.55,1008.55,Month-to-month,"Fiber optic","Electronic check",Mid,Yes
1635-FJFCC,Female,5,44.05,202.15,Month-to-month,DSL,"Credit card (automatic)",New,No
2499-AJYUA,Female,72,110.80,7882.25,"Two year","Fiber optic","Credit card (automatic)",Loyal,No
6919-ELBGL,Male,72,114.95,8196.40,"Two year","Fiber optic","Bank transfer (automatic)",Loyal,No
3966-HRMZA,Female,3,75.05,202.90,Month-to-month,"Fiber optic","Mailed check",New,No
8405-IGQFX,Female,63,90.05,5817.00,"One year","Fiber optic","Credit card (automatic)",Loyal,No
8224-IVVPA,Female,27,56.70,1652.95,Month-to-month,DSL,"Mailed check",Loyal,No
9477-LGWQI,Male,70,80.15,5600.15,"Two year",DSL,"Credit card (automatic)",Loyal,No
1410-RSCMR,Male,7,71.35,515.75,Month-to-month,DSL,"Credit card (automatic)",Mid,No
0139-IVFJG,Female,2,90.35,190.50,Month-to-month,"Fiber optic","Electronic check",New,No
6683-VLCTZ,Male,20,98.55,1842.80,Month-to-month,"Fiber optic","Electronic check",Loyal,Yes
2189-WWOEW,Female,15,85.90,1269.55,Month-to-month,"Fiber optic","Bank transfer (automatic)",Loyal,Yes
5684-FJVYR,Female,72,90.35,6563.40,"Two year","Fiber optic","Bank transfer (automatic)",Loyal,No
1894-IGFSG,Female,22,89.25,1907.85,Month-to-month,"Fiber optic","Electronic check",Loyal,Yes
7379-POKDZ,Male,3,70.30,208.85,Month-to-month,"Fiber optic","Electronic check",New,Yes
1266-NZYUI,Female,72,66.85,4758.80,"Two year",DSL,"Bank transfer (automatic)",Loyal,No
4718-DHSMV,Female,11,35.80,363.15,Month-to-month,DSL,"Mailed check",Mid,No
5175-WLYXL,Male,22,78.85,1600.25,Month-to-month,"Fiber optic","Mailed check",Loyal,No
8728-SKJLR,Male,41,74.25,3089.10,Month-to-month,"Fiber optic","Electronic check",Loyal,No
3137-NYQQI,Male,17,64.80,1175.60,"One year",DSL,"Mailed check",Loyal,No
0236-HFWSV,Male,15,93.35,1444.65,Month-to-month,"Fiber optic","Electronic check",Loyal,Yes
5842-POCOP,Female,5,88.90,454.15,Month-to-month,"Fiber optic","Mailed check",New,Yes
2037-XJFUP,Male,33,95.80,3036.75,"One year","Fiber optic","Electronic check",Loyal,Yes
8823-RLPWL,Female,72,110.65,8065.65,"Two year","Fiber optic","Credit card (automatic)",Loyal,No
9505-SQFSW,Female,3,40.30,92.50,Month-to-month,DSL,"Mailed check",New,No
7314-OXENN,Male,2,82.00,184.65,Month-to-month,"Fiber optic","Electronic check",New,Yes
3758-CKOQL,Female,59,107.00,6152.30,"One year","Fiber optic","Credit card (automatic)",Loyal,No
0322-CHQRU,Male,2,45.35,89.50,Month-to-month,DSL,"Electronic check",New,Yes
5676-CFLYY,Male,71,73.35,5154.50,"Two year",DSL,"Credit card (automatic)",Loyal,No
7521-AFHAB,Female,5,44.80,220.45,Month-to-month,DSL,"Mailed check",New,No
0285-INHLN,Male,27,54.75,1510.30,Month-to-month,DSL,"Credit card (automatic)",Loyal,No
4678-DVQEO,Female,1,52.20,52.20,Month-to-month,DSL,"Electronic check",New,Yes
5125-CNDSP,Male,63,40.60,2588.95,"One year",DSL,"Bank transfer (automatic)",Loyal,No
0691-IFBQW,Female,46,110.00,4874.80,"One year","Fiber optic","Electronic check",Loyal,Yes
4992-LTJNE,Male,72,55.30,3983.60,"Two year",DSL,"Bank transfer (automatic)",Loyal,No
2202-OUTMO,Female,34,60.85,2003.60,Month-to-month,DSL,"Bank transfer (automatic)",Loyal,No
0810-BDHAW,Female,24,78.40,1832.40,"One year",DSL,"Electronic check",Loyal,No
0229-LFJAF,Male,72,69.65,4908.25,"Two year",DSL,"Bank transfer (automatic)",Loyal,No
7131-ZQZNK,Female,60,59.85,3590.20,"Two year",DSL,"Credit card (automatic)",Loyal,No
3442-ZHHCC,Male,68,76.90,5023.00,"One year",DSL,"Credit card (automatic)",Loyal,No
9871-ELEYA,Female,34,67.65,2339.30,"Two year",DSL,"Credit card (automatic)",Loyal,No
4257-GAESD,Female,6,45.00,298.70,Month-to-month,DSL,"Credit card (automatic)",New,No
5173-WXOQV,Male,2,64.20,143.65,Month-to-month,DSL,"Mailed check",New,No
2040-OBMLJ,Male,31,81.70,2548.65,"One year","Fiber optic","Credit card (automatic)",Loyal,No
3009-JWMPU,Male,62,96.75,6125.40,"One year","Fiber optic","Electronic check",Loyal,Yes
5671-RQRLP,Female,70,75.65,5411.40,"Two year","Fiber optic","Credit card (automatic)",Loyal,No
1450-GALXR,Female,10,98.50,1058.25,Month-to-month,"Fiber optic","Electronic check",Mid,Yes
3174-AKMAS,Female,46,64.20,3009.50,"Two year",DSL,"Credit card (automatic)",Loyal,No
3138-BKYAV,Male,6,85.35,489.45,Month-to-month,"Fiber optic","Electronic check",New,Yes
9926-PJHDQ,Female,72,76.80,5468.45,"Two year",DSL,"Bank transfer (automatic)",Loyal,No
7382-DFJTU,Male,18,55.20,1058.10,Month-to-month,DSL,"Credit card (automatic)",Loyal,No
2798-NYLMZ,Male,71,108.55,7616.00,"Two year","Fiber optic","Credit card (automatic)",Loyal,No
4289-DTDKW,Male,40,101.30,4113.10,Month-to-month,"Fiber optic","Electronic check",Loyal,Yes
1820-TQVEV,Male,1,69.55,69.55,Month-to-month,"Fiber optic","Electronic check",New,Yes
2239-JALAW,Male,58,103.25,6017.65,"One year","Fiber optic","Bank transfer (automatic)",Loyal,Yes
4853-RULSV,Male,70,104.00,7250.15,"Two year","Fiber optic","Credit card (automatic)",Loyal,Yes
3551-GAEGL,Male,34,30.40,938.65,"One year",DSL,"Bank transfer (automatic)",Loyal,No
3196-NVXLZ,Female,25,84.60,2088.05,Month-to-month,"Fiber optic","Mailed check",Loyal,No
6275-YDUVO,Female,2,86.20,178.70,Month-to-month,"Fiber optic","Mailed check",New,Yes
0036-IHMOT,Female,55,103.70,5656.75,"One year","Fiber optic","Bank transfer (automatic)",Loyal,No
0115-TFERT,Male,21,111.20,2317.10,Month-to-month,"Fiber optic","Electronic check",Loyal,Yes
4178-EGMON,Male,70,88.00,5986.45,"Two year","Fiber optic","Credit card (automatic)",Loyal,No
4220-TINQT,Female,61,106.35,6751.35,Month-to-month,"Fiber optic","Electronic check",Loyal,No
5318-YKDPV,Male,43,79.15,3566.60,"Two year",DSL,"Credit card (automatic)",Loyal,No
7975-TZMLR,Male,47,103.10,4889.30,"One year","Fiber optic","Electronic check",Loyal,No
0295-QVKPB,Male,5,63.95,318.10,Month-to-month,DSL,"Credit card (automatic)",New,No
2311-QYMUQ,Female,16,89.45,1430.25,Month-to-month,"Fiber optic","Credit card (automatic)",Loyal,Yes
3643-AHCFP,Male,7,95.60,644.35,Month-to-month,"Fiber optic","Bank transfer (automatic)",Mid,Yes
3104-OWCGK,Male,60,90.95,5453.40,"One year","Fiber optic","Electronic check",Loyal,Yes
5337-IIWKZ,Male,34,44.85,1442.60,Month-to-month,DSL,"Electronic check",Loyal,No
9101-BWFSS,Female,50,108.55,5610.70,"One year","Fiber optic","Electronic check",Loyal,Yes
3487-EARAT,Female,70,74.10,5222.30,"One year",DSL,"Credit card (automatic)",Loyal,No
2672-TGEFF,Female,37,88.80,3340.55,Month-to-month,"Fiber optic","Electronic check",Loyal,No
9231-ZJYAM,Female,4,78.85,292.80,Month-to-month,"Fiber optic","Electronic check",New,Yes
4250-WAROZ,Male,60,93.25,5774.55,Month-to-month,"Fiber optic","Electronic check",Loyal,No
8184-WMOFI,Male,62,71.40,4487.30,"One year",DSL,"Credit card (automatic)",Loyal,No
6982-SSHFK,Male,1,44.40,44.40,Month-to-month,DSL,"Mailed check",New,Yes
6092-QZVPP,Male,36,79.20,2854.95,Month-to-month,DSL,"Credit card (automatic)",Loyal,No
0727-BMPLR,Female,55,100.00,5509.30,"One year","Fiber optic","Electronic check",Loyal,Yes
0392-BZIUW,Female,72,105.00,7589.80,"Two year","Fiber optic","Credit card (automatic)",Loyal,No
6549-NNDYT,Female,13,30.85,394.10,Month-to-month,DSL,"Bank transfer (automatic)",Loyal,No
3027-ZTDHO,Male,1,89.90,89.90,Month-to-month,"Fiber optic","Electronic check",New,Yes
6916-HIJSE,Female,65,84.85,5459.20,"Two year",DSL,"Bank transfer (automatic)",Loyal,No
2316-ESMLS,Female,12,33.15,444.75,"One year",DSL,"Credit card (automatic)",Mid,No
9778-OGKQZ,Male,72,92.00,6782.15,"Two year",DSL,"Credit card (automatic)",Loyal,No
7408-OFWXJ,Female,72,89.80,6510.45,"Two year",DSL,"Credit card (automatic)",Loyal,No
6007-TCTST,Female,72,115.80,8476.50,"Two year","Fiber optic","Bank transfer (automatic)",Loyal,No
2252-NKNSI,Male,52,85.15,4461.85,"Two year",DSL,"Mailed check",Loyal,No
7905-TVXTA,Female,5,64.35,352.65,Month-to-month,DSL,"Electronic check",New,No
2382-BCKQJ,Female,62,100.15,6413.65,"One year","Fiber optic","Electronic check",Loyal,Yes
8374-UULRV,Male,72,86.05,6309.65,"Two year",DSL,"Credit card (automatic)",Loyal,No
2207-NHRJK,Male,1,50.80,50.80,Month-to-month,DSL,"Electronic check",New,Yes
3224-DFQNQ,Female,66,89.00,5898.60,"One year","Fiber optic","Electronic check",Loyal,No
5275-PMFUT,Male,72,64.80,4719.75,"Two year",DSL,"Credit card (automatic)",Loyal,No
9777-IQHWP,Male,64,93.40,5822.30,"Two year","Fiber optic","Bank transfer (automatic)",Loyal,No
0947-MUGVO,Male,20,73.65,1463.50,Month-to-month,"Fiber optic","Electronic check",Loyal,Yes
9944-HKVVB,Female,3,95.10,307.40,Month-to-month,"Fiber optic","Electronic check",New,Yes
4124-MMETB,Male,22,94.65,2104.55,Month-to-month,"Fiber optic","Credit card (automatic)",Loyal,Yes
3671-SHRSP,Male,4,80.60,319.15,Month-to-month,"Fiber optic","Mailed check",New,Yes
0979-MOZQI,Male,62,39.00,2337.45,"Two year",DSL,"Bank transfer (automatic)",Loyal,No
3313-QKNKB,Male,59,85.55,5084.65,"One year","Fiber optic","Electronic check",Loyal,Yes
1937-OTUKY,Female,72,98.20,7015.90,"Two year","Fiber optic","Bank transfer (automatic)",Loyal,No
1573-LGXBA,Male,57,97.55,5598.00,"One year","Fiber optic","Credit card (automatic)",Loyal,No
5073-WXOYN,Female,60,50.80,3027.40,Month-to-month,DSL,"Electronic check",Loyal,Yes
4713-ZBURT,Male,45,99.70,4634.35,"Two year","Fiber optic","Bank transfer (automatic)",Loyal,No
3050-GBUSH,Female,3,34.80,113.95,Month-to-month,DSL,"Credit card (automatic)",New,No
0207-MDKNV,Female,15,105.10,1582.75,Month-to-month,"Fiber optic","Electronic check",Loyal,Yes
7876-AEHIG,Female,51,60.15,3077.00,"One year",DSL,"Bank transfer (automatic)",Loyal,No
7945-HLKEA,Female,60,64.75,4039.50,"One year",DSL,"Electronic check",Loyal,No
9342-VNIMQ,Male,33,54.65,1665.20,Month-to-month,DSL,"Bank transfer (automatic)",Loyal,No
9851-KIELU,Male,10,110.10,1043.30,Month-to-month,"Fiber optic","Electronic check",Mid,Yes
3908-BLSYF,Female,6,83.90,497.55,Month-to-month,"Fiber optic","Electronic check",New,Yes
3199-NPKCN,Female,67,111.25,7511.65,"One year","Fiber optic","Electronic check",Loyal,No
5170-PTRKA,Female,49,35.80,1782.00,"One year",DSL,"Credit card (automatic)",Loyal,No
2123-AGEEN,Female,7,84.35,609.65,Month-to-month,"Fiber optic","Electronic check",Mid,No
1258-YMZNM,Female,27,110.50,2857.60,"One year","Fiber optic","Bank transfer (automatic)",Loyal,No
0048-LUMLS,Male,37,91.20,3247.55,"One year","Fiber optic","Credit card (automatic)",Loyal,No
7549-MYGPK,Female,63,100.55,6215.35,Month-to-month,"Fiber optic","Electronic check",Loyal,Yes
5898-IGSLP,Male,31,89.30,2823.00,Month-to-month,"Fiber optic","Electronic check",Loyal,No
3804-RVTGV,Male,50,103.85,5017.90,Month-to-month,"Fiber optic","Bank transfer (automatic)",Loyal,Yes
6259-WJQLC,Male,32,81.10,2619.25,Month-to-month,"Fiber optic","Credit card (automatic)",Loyal,No
9227-LUNBG,Female,1,24.60,24.60,Month-to-month,DSL,"Electronic check",New,Yes
7997-EASSD,Female,63,81.20,4965.10,"One year","Fiber optic","Credit card (automatic)",Loyal,No
0730-KOAVE,Male,30,94.30,2679.70,Month-to-month,"Fiber optic","Credit card (automatic)",Loyal,No
8975-SKGRX,Male,71,116.10,8310.55,"Two year","Fiber optic","Bank transfer (automatic)",Loyal,No
0678-RLHVP,Female,53,105.55,5682.25,"Two year","Fiber optic","Electronic check",Loyal,No
4315-MURBD,Female,12,98.90,1120.95,Month-to-month,"Fiber optic","Bank transfer (automatic)",Mid,Yes
2267-FPIMA,Male,50,94.40,4914.90,Month-to-month,"Fiber optic","Credit card (automatic)",Loyal,No
9734-YWGEX,Female,9,98.30,923.50,Month-to-month,"Fiber optic","Credit card (automatic)",Mid,Yes
2719-BDAQO,Male,17,93.85,1625.65,Month-to-month,"Fiber optic","Electronic check",Loyal,Yes
5285-MVEHD,Female,56,105.60,6068.65,"One year","Fiber optic","Credit card (automatic)",Loyal,No
0379-DJQHR,Male,67,81.35,5398.60,"Two year",DSL,"Credit card (automatic)",Loyal,No
0781-LKXBR,Male,9,100.50,918.60,Month-to-month,"Fiber optic","Electronic check",Mid,Yes
5543-QDCRY,Male,4,56.40,234.85,Month-to-month,DSL,"Electronic check",New,No
0297-RBCSG,Male,19,65.35,1231.85,"One year",DSL,"Bank transfer (automatic)",Loyal,No
0835-JKADZ,Female,71,111.25,7984.15,"Two year","Fiber optic","Electronic check",Loyal,No
1907-UBQFC,Male,10,72.85,688.65,Month-to-month,"Fiber optic","Electronic check",Mid,Yes
7508-SMHXL,Female,15,89.00,1288.30,Month-to-month,"Fiber optic","Credit card (automatic)",Loyal,No
3865-YIOTT,Male,72,106.10,7848.50,"One year","Fiber optic","Bank transfer (automatic)",Loyal,No
6513-EECDB,Male,1,73.55,73.55,Month-to-month,"Fiber optic","Electronic check",New,Yes
3956-CJUST,Female,23,75.40,1643.55,Month-to-month,"Fiber optic","Bank transfer (automatic)",Loyal,No
4079-WWQQQ,Male,72,65.55,4807.45,"Two year",DSL,"Bank transfer (automatic)",Loyal,No
6103-BOCOU,Female,26,80.70,2193.00,Month-to-month,"Fiber optic","Electronic check",Loyal,No
5149-TGWDZ,Female,21,104.55,2239.40,"One year","Fiber optic","Mailed check",Loyal,No
4301-VVZKA,Male,16,75.40,1189.40,Month-to-month,"Fiber optic","Electronic check",Loyal,No
9199-PWQVC,Female,63,79.70,4786.15,"One year",DSL,"Credit card (automatic)",Loyal,No
4824-GUCBY,Female,22,81.70,1820.90,Month-to-month,"Fiber optic","Electronic check",Loyal,No
5393-HJZSM,Female,32,76.30,2404.15,Month-to-month,DSL,"Bank transfer (automatic)",Loyal,No
7074-IEVOJ,Female,3,79.40,205.05,Month-to-month,"Fiber optic","Electronic check",New,Yes
9625-QSTYE,Female,13,81.15,952.30,Month-to-month,"Fiber optic","Electronic check",Loyal,Yes
0862-PRCBS,Female,68,103.75,7039.45,"Two year","Fiber optic","Credit card (automatic)",Loyal,No
8812-ZRHFP,Female,30,86.45,2538.05,"One year","Fiber optic","Electronic check",Loyal,No
5146-CBVOE,Female,16,75.10,1212.85,Month-to-month,"Fiber optic","Bank transfer (automatic)",Loyal,No
0454-OKRCT,Male,33,80.60,2651.10,"Two year","Fiber optic","Bank transfer (automatic)",Loyal,No
4750-ZRXIU,Female,4,84.60,360.10,Month-to-month,"Fiber optic","Electronic check",New,Yes
4198-VFOEA,Female,12,33.60,435.45,"One year",DSL,"Mailed check",Mid,No
6630-UJZMY,Female,4,83.25,308.05,Month-to-month,"Fiber optic","Electronic check",New,No
6400-BWQKW,Female,6,79.05,434.50,Month-to-month,"Fiber optic","Electronic check",New,Yes
2692-AQCPF,Female,65,108.05,7118.90,"One year","Fiber optic","Credit card (automatic)",Loyal,No
0811-GSDTP,Female,13,30.15,382.20,Month-to-month,DSL,"Electronic check",Loyal,No
7567-ECMCM,Male,24,79.85,2001.00,Month-to-month,"Fiber optic","Credit card (automatic)",Loyal,No
6115-ZTBFQ,Female,72,65.50,4919.70,"Two year",DSL,"Bank transfer (automatic)",Loyal,No
6353-BRMMA,Female,54,104.10,5645.80,Month-to-month,"Fiber optic","Bank transfer (automatic)",Loyal,No
6680-WKXRZ,Female,3,74.40,215.80,Month-to-month,"Fiber optic","Bank transfer (automatic)",New,Yes
9904-EHEVJ,Female,32,91.35,2896.55,Month-to-month,"Fiber optic","Mailed check",Loyal,No
7028-DVOIQ,Male,35,99.05,3395.80,Month-to-month,"Fiber optic","Electronic check",Loyal,Yes
4208-UFFGW,Male,2,44.95,85.15,Month-to-month,DSL,"Mailed check",New,Yes
8584-KMVXD,Female,8,75.60,535.55,Month-to-month,"Fiber optic","Electronic check",Mid,No
8467-WYNSR,Male,22,55.10,1253.15,Month-to-month,DSL,"Mailed check",Loyal,No
0851-DFJKB,Female,15,58.95,955.15,Month-to-month,DSL,"Electronic check",Loyal,No
5382-SOYZL,Male,22,95.10,2162.60,Month-to-month,"Fiber optic","Electronic check",Loyal,No
9448-REEVD,Male,1,44.70,44.70,Month-to-month,DSL,"Credit card (automatic)",New,Yes
8388-FYNPZ,Male,4,56.75,245.15,Month-to-month,DSL,"Electronic check",New,No
4002-BQWPQ,Male,25,81.75,2028.80,Month-to-month,DSL,"Bank transfer (automatic)",Loyal,No
5651-YLPRD,Female,32,86.10,2723.75,Month-to-month,"Fiber optic","Electronic check",Loyal,No
2826-DXLQO,Male,7,29.80,220.45,Month-to-month,DSL,"Bank transfer (automatic)",Mid,No
9489-UTFKA,Male,8,60.90,551.95,Month-to-month,DSL,"Bank transfer (automatic)",Mid,No
4849-PYRLQ,Female,56,73.25,4054.20,"Two year",DSL,"Bank transfer (automatic)",Loyal,No
9117-SHLZX,Male,1,45.70,45.70,Month-to-month,DSL,"Mailed check",New,Yes
9889-TMAHG,Male,8,100.30,832.35,Month-to-month,"Fiber optic","Credit card (automatic)",Mid,Yes
3429-IFLEM,Female,71,77.35,5550.10,"Two year",DSL,"Credit card (automatic)",Loyal,No
3158-MOERK,Female,2,96.00,174.80,Month-to-month,"Fiber optic","Electronic check",New,Yes
7294-TMAOP,Female,1,90.55,90.55,Month-to-month,"Fiber optic","Electronic check",New,Yes
5002-GCQFH,Male,49,93.85,4733.10,Month-to-month,"Fiber optic","Bank transfer (automatic)",Loyal,No
0556-FJEGU,Male,58,70.10,4048.95,"Two year",DSL,"Bank transfer (automatic)",Loyal,No
8919-FYFQZ,Male,44,30.35,1359.70,Month-to-month,DSL,"Electronic check",Loyal,Yes
0604-THJFP,Female,59,75.95,4542.35,"Two year",DSL,"Credit card (automatic)",Loyal,No
2834-JRTUA,Male,71,108.05,7532.15,"Two year","Fiber optic","Electronic check",Loyal,Yes
5875-YPQFJ,Male,1,69.90,69.90,Month-to-month,"Fiber optic","Electronic check",New,Yes
5879-SESNB,Female,11,75.25,888.65,Month-to-month,"Fiber optic","Electronic check",Mid,No
6646-QVXLR,Male,62,103.75,6383.35,"One year","Fiber optic","Electronic check",Loyal,Yes
6461-PPAXN,Female,35,54.95,1916.00,"One year",DSL,"Bank transfer (automatic)",Loyal,No
2483-XSSMZ,Female,39,47.85,1886.40,"One year",DSL,"Electronic check",Loyal,No
8603-IJWDN,Male,1,86.60,86.60,Month-to-month,"Fiber optic","Electronic check",New,Yes
9369-XFEHK,Female,33,80.60,2656.50,Month-to-month,"Fiber optic","Bank transfer (automatic)",Loyal,Yes
2604-XVDAM,Female,12,43.80,540.95,Month-to-month,DSL,"Bank transfer (automatic)",Mid,No
1206-EHBDD,Female,56,80.30,4513.65,"Two year","Fiber optic","Bank transfer (automatic)",Loyal,No
3842-IYKUE,Female,35,85.30,2917.50,Month-to-month,"Fiber optic","Credit card (automatic)",Loyal,Yes
6641-XRPSU,Female,34,70.00,2416.10,Month-to-month,"Fiber optic","Credit card (automatic)",Loyal,Yes
1374-DMZUI,Female,4,94.30,424.45,Month-to-month,"Fiber optic","Electronic check",New,Yes
3234-VKACU,Male,2,70.30,132.40,Month-to-month,DSL,"Electronic check",New,No
8357-EQXFO,Female,7,95.35,660.90,Month-to-month,"Fiber optic","Electronic check",Mid,Yes
1989-PRJHP,Male,27,75.50,1893.95,Month-to-month,"Fiber optic","Electronic check",Loyal,Yes
8120-JDCAM,Male,4,69.55,284.90,Month-to-month,"Fiber optic","Mailed check",New,No
2858-EIMXH,Female,53,95.85,5016.25,"One year","Fiber optic","Credit card (automatic)",Loyal,No
9524-EGPJC,Female,18,90.10,1612.75,Month-to-month,"Fiber optic","Electronic check",Loyal,Yes
6993-OHLXR,Female,2,68.95,119.75,Month-to-month,"Fiber optic","Electronic check",New,Yes
8818-XYFCQ,Male,32,99.55,3204.65,Month-to-month,"Fiber optic","Credit card (automatic)",Loyal,Yes
0929-HYQEW,Male,3,50.15,160.85,Month-to-month,DSL,"Mailed check",New,No
6614-YOLAC,Female,71,58.65,4145.25,"Two year",DSL,"Mailed check",Loyal,No
7426-RHZGU,Male,9,95.90,827.45,Month-to-month,"Fiber optic","Bank transfer (automatic)",Mid,No
4065-JJAVA,Female,1,49.50,49.50,Month-to-month,DSL,"Electronic check",New,No
4695-VADHF,Male,18,57.45,990.85,Month-to-month,DSL,"Electronic check",Loyal,Yes
3863-IUBJR,Male,12,53.65,696.35,"One year",DSL,"Credit card (automatic)",Mid,Yes
7649-SIJJF,Male,71,80.10,5585.40,"Two year",DSL,"Mailed check",Loyal,No
3748-FVMZZ,Male,4,40.05,162.45,Month-to-month,DSL,"Electronic check",New,No
1452-XRSJV,Female,39,51.05,2066.00,Month-to-month,DSL,"Credit card (automatic)",Loyal,No
3422-WJOYD,Male,28,54.35,1426.45,"One year",DSL,"Mailed check",Loyal,No
8242-SOQUO,Female,5,84.70,392.50,Month-to-month,"Fiber optic","Electronic check",New,No
7460-ITWWP,Female,45,86.10,3861.45,Month-to-month,"Fiber optic","Electronic check",Loyal,No
7147-AYBAA,Male,37,70.35,2552.90,Month-to-month,"Fiber optic","Mailed check",Loyal,No
7868-TMWMZ,Female,60,110.00,6668.35,"Two year","Fiber optic","Bank transfer (automatic)",Loyal,No
4822-RVYBB,Male,8,100.60,819.40,Month-to-month,"Fiber optic","Electronic check",Mid,Yes
6732-FZUGP,Female,47,94.90,4615.25,"One year","Fiber optic","Credit card (automatic)",Loyal,No
8436-BJUMM,Male,26,83.75,2070.60,Month-to-month,"Fiber optic","Electronic check",Loyal,Yes
4184-TJFAN,Female,3,88.30,273.75,Month-to-month,"Fiber optic","Mailed check",New,Yes
8329-GWVPJ,Female,50,69.75,3557.70,Month-to-month,"Fiber optic","Bank transfer (automatic)",Loyal,No
1352-VHKAJ,Male,27,71.60,1957.10,Month-to-month,DSL,"Bank transfer (automatic)",Loyal,No
4145-UQXUQ,Female,8,92.10,729.95,Month-to-month,"Fiber optic","Electronic check",Mid,Yes
8146-QQKZH,Female,71,81.85,5924.40,"Two year",DSL,"Bank transfer (automatic)",Loyal,No
6445-TNRXS,Male,68,114.70,7849.85,"Two year","Fiber optic","Bank transfer (automatic)",Loyal,No
4581-LNWUM,Female,13,49.15,649.40,Month-to-month,DSL,"Electronic check",Loyal,No
4869-EPIUS,Male,56,80.90,4557.50,"One year","Fiber optic","Electronic check",Loyal,No
9948-YPTDG,Male,38,79.45,3013.05,Month-to-month,"Fiber optic","Electronic check",Loyal,Yes
1236-WFCDV,Male,14,90.45,1266.10,Month-to-month,"Fiber optic","Credit card (automatic)",Loyal,Yes
7296-PIXQY,Female,14,70.20,1046.50,Month-to-month,"Fiber optic","Electronic check",Loyal,No
4883-QICIH,Male,32,69.75,2347.90,Month-to-month,"Fiber optic","Bank transfer (automatic)",Loyal,Yes
3354-OADJP,Female,8,54.25,447.75,"One year",DSL,"Bank transfer (automatic)",Mid,No
3524-WQDSG,Female,43,99.30,4209.95,Month-to-month,"Fiber optic","Bank transfer (automatic)",Loyal,No
0810-DHDBD,Female,52,74.00,3877.65,"One year",DSL,"Credit card (automatic)",Loyal,No
4026-SKKHW,Male,3,50.25,152.30,Month-to-month,DSL,"Mailed check",New,No
1271-SJBGZ,Male,12,43.65,526.95,Month-to-month,DSL,"Electronic check",Mid,Yes
3845-JHAMY,Female,16,35.50,552.70,Month-to-month,DSL,"Credit card (automatic)",Loyal,No
7013-PSXHK,Female,40,80.75,3208.65,"One year",DSL,"Mailed check",Loyal,No
5669-SRAIP,Female,5,39.50,210.75,Month-to-month,DSL,"Electronic check",New,Yes
5981-ITEMU,Male,40,97.10,3706.95,Month-to-month,"Fiber optic","Bank transfer (automatic)",Loyal,Yes
6941-PMGEP,Female,5,80.00,412.50,Month-to-month,"Fiber optic","Electronic check",New,Yes
1624-WOIWJ,Female,10,84.70,832.05,Month-to-month,"Fiber optic","Mailed check",Mid,Yes
2074-GKOWZ,Male,2,89.55,185.55,Month-to-month,"Fiber optic","Bank transfer (automatic)",New,Yes
0376-YMCJC,Male,23,90.60,1943.20,Month-to-month,"Fiber optic","Electronic check",Loyal,Yes
4829-ZLJTK,Female,72,112.40,8046.85,"Two year","Fiber optic","Electronic check",Loyal,No
1730-VFMWO,Female,34,50.20,1815.30,Month-to-month,DSL,"Bank transfer (automatic)",Loyal,No
7143-BQIBA,Male,10,62.25,612.95,Month-to-month,DSL,"Bank transfer (automatic)",Mid,No
3800-LYTRK,Female,14,55.70,795.15,"One year",DSL,"Mailed check",Loyal,No
0634-SZPQA,Female,23,90.05,2169.80,Month-to-month,"Fiber optic","Bank transfer (automatic)",Loyal,Yes
7030-NJVDP,Male,24,89.25,2210.20,Month-to-month,"Fiber optic","Electronic check",Loyal,No
5536-RTPWK,Male,49,99.05,4853.75,Month-to-month,"Fiber optic","Bank transfer (automatic)",Loyal,Yes
8883-GRDWQ,Male,20,54.00,1055.90,"One year",DSL,"Mailed check",Loyal,No
6166-ILMNY,Female,2,69.75,144.55,Month-to-month,"Fiber optic","Bank transfer (automatic)",New,Yes
3097-NNSPB,Female,2,49.05,91.10,Month-to-month,DSL,"Credit card (automatic)",New,Yes
7771-ZONAT,Male,22,56.75,1304.85,"Two year",DSL,"Bank transfer (automatic)",Loyal,No
0655-RBDUG,Male,7,98.05,713.00,Month-to-month,"Fiber optic","Bank transfer (automatic)",Mid,Yes
4194-WHFCB,Female,59,96.65,5580.80,Month-to-month,"Fiber optic","Bank transfer (automatic)",Loyal,No
4361-BKAXE,Female,41,114.50,4527.45,Month-to-month,"Fiber optic","Bank transfer (automatic)",Loyal,Yes
9845-PEEKO,Female,59,79.20,4590.35,"Two year","Fiber optic","Credit card (automatic)",Loyal,No
0455-XFASS,Female,3,69.55,200.20,Month-to-month,"Fiber optic","Electronic check",New,No
1751-NCDLI,Male,46,98.85,4564.90,Month-to-month,"Fiber optic","Electronic check",Loyal,No
9878-TNQGW,Male,2,80.95,171.15,Month-to-month,"Fiber optic","Electronic check",New,Yes
4441-NIHPT,Female,13,74.30,940.35,Month-to-month,"Fiber optic","Electronic check",Loyal,Yes
8999-BOHSE,Female,11,89.70,1047.70,Month-to-month,"Fiber optic","Bank transfer (automatic)",Mid,Yes
7241-AJHFS,Male,32,87.65,2766.40,Month-to-month,"Fiber optic","Bank transfer (automatic)",Loyal,No
7029-RPUAV,Male,17,100.45,1622.45,Month-to-month,"Fiber optic","Credit card (automatic)",Loyal,Yes
4546-FOKWR,Female,16,74.75,1129.35,Month-to-month,"Fiber optic","Credit card (automatic)",Loyal,No
9036-CSKBW,Female,51,107.45,5680.90,"One year","Fiber optic","Bank transfer (automatic)",Loyal,No
5832-TRLPB,Male,29,75.35,2243.90,"One year",DSL,"Bank transfer (automatic)",Loyal,No
8590-YFFQO,Male,70,64.95,4523.25,"Two year",DSL,"Credit card (automatic)",Loyal,No
8659-IOOPU,Female,71,100.45,7159.70,"Two year","Fiber optic","Electronic check",Loyal,No
1338-CECEE,Male,41,68.50,2839.95,"One year",DSL,"Bank transfer (automatic)",Loyal,No
7439-DKZTW,Male,1,80.55,80.55,Month-to-month,"Fiber optic","Electronic check",New,No
4646-QZXTF,Female,7,81.25,580.10,Month-to-month,DSL,"Bank transfer (automatic)",Mid,No
4607-CHPCA,Male,25,90.40,2178.60,"One year","Fiber optic","Electronic check",Loyal,Yes
9742-XOKTS,Male,67,89.55,6038.55,"One year","Fiber optic","Electronic check",Loyal,No
6921-OZMFH,Male,5,55.70,259.40,Month-to-month,DSL,"Mailed check",New,No
8824-RWFXJ,Male,3,56.15,168.15,Month-to-month,DSL,"Mailed check",New,Yes
7722-CVFXN,Male,54,105.20,5637.85,"One year","Fiber optic","Electronic check",Loyal,No
7363-QTBIW,Female,9,79.75,769.10,Month-to-month,"Fiber optic","Electronic check",Mid,No
4159-NAAIX,Female,63,97.45,6253.00,"Two year","Fiber optic","Bank transfer (automatic)",Loyal,No
3391-JSQEW,Male,40,50.15,2058.50,Month-to-month,DSL,"Mailed check",Loyal,No
0343-QLUZP,Male,60,39.60,2424.50,"Two year",DSL,"Bank transfer (automatic)",Loyal,No
9763-PDTKK,Female,4,94.40,387.20,Month-to-month,"Fiber optic","Bank transfer (automatic)",New,Yes
2176-LVPNX,Female,71,89.85,6293.45,"Two year",DSL,"Mailed check",Loyal,No
7627-JKIAZ,Female,37,78.95,2839.65,Month-to-month,"Fiber optic","Credit card (automatic)",Loyal,Yes
3312-UUMZW,Male,32,98.85,3145.90,Month-to-month,"Fiber optic","Credit card (automatic)",Loyal,No
1271-UODNO,Male,39,53.85,2200.70,"Two year",DSL,"Credit card (automatic)",Loyal,No
6900-RBKER,Male,52,89.45,4577.75,"Two year","Fiber optic","Credit card (automatic)",Loyal,No
6891-JPYFF,Female,48,105.25,4997.50,Month-to-month,"Fiber optic","Credit card (automatic)",Loyal,No
1459-QNFQT,Male,70,59.50,4144.80,"Two year",DSL,"Bank transfer (automatic)",Loyal,No
1047-NNCBF,Male,20,70.55,1493.55,Month-to-month,"Fiber optic","Credit card (automatic)",Loyal,No
3696-XRIEN,Female,50,82.50,4179.10,"One year",DSL,"Credit card (automatic)",Loyal,No
4081-DYXAV,Female,19,44.85,893.55,"One year",DSL,"Credit card (automatic)",Loyal,Yes
0074-HDKDG,Male,25,61.60,1611.00,"One year",DSL,"Bank transfer (automatic)",Loyal,No
8791-GFXLZ,Male,12,49.05,593.05,Month-to-month,DSL,"Bank transfer (automatic)",Mid,No
8111-SLLHI,Male,39,105.65,4284.80,Month-to-month,"Fiber optic","Electronic check",Loyal,Yes
0927-LCSMG,Male,7,74.65,544.55,Month-to-month,"Fiber optic","Mailed check",Mid,Yes
9330-DHBFL,Female,23,66.25,1533.80,"One year",DSL,"Mailed check",Loyal,No
3452-ABWRL,Male,47,86.05,3865.60,Month-to-month,"Fiber optic","Credit card (automatic)",Loyal,No
8257-RZAHR,Female,14,64.70,941.00,Month-to-month,DSL,"Bank transfer (automatic)",Loyal,Yes
5293-WXJAK,Female,11,104.05,1133.65,Month-to-month,"Fiber optic","Bank transfer (automatic)",Mid,Yes
2208-NQBCT,Female,26,81.95,2070.05,Month-to-month,"Fiber optic","Electronic check",Loyal,No
1779-PWPMG,Female,72,114.65,8333.95,"Two year","Fiber optic","Bank transfer (automatic)",Loyal,No
0774-IFUVM,Male,11,65.15,723.35,Month-to-month,DSL,"Bank transfer (automatic)",Mid,No
9553-DLCLU,Female,13,88.95,1161.75,"Two year",DSL,"Credit card (automatic)",Loyal,No
2460-NGXBJ,Male,11,75.20,775.30,Month-to-month,"Fiber optic","Credit card (automatic)",Mid,No
2446-ZKVAF,Male,18,56.80,1074.65,Month-to-month,DSL,"Credit card (automatic)",Loyal,No
0841-NULXI,Male,1,35.55,35.55,Month-to-month,DSL,"Electronic check",New,Yes
3522-CDKHF,Female,32,75.50,2324.70,Month-to-month,"Fiber optic","Bank transfer (automatic)",Loyal,No
1430-SFQSA,Male,29,35.60,1072.60,"One year",DSL,"Mailed check",Loyal,No
0411-EZJZE,Female,3,60.25,170.50,Month-to-month,DSL,"Electronic check",New,No
7851-WZEKY,Female,2,95.15,196.90,Month-to-month,"Fiber optic","Electronic check",New,Yes
8844-TONUD,Male,13,96.65,1162.85,Month-to-month,"Fiber optic","Mailed check",Loyal,Yes
8807-ARQET,Female,41,40.35,1677.85,Month-to-month,DSL,"Electronic check",Loyal,No
4320-QMLLA,Male,7,54.85,370.40,Month-to-month,DSL,"Mailed check",Mid,No
8777-PVYGU,Female,52,64.30,3410.60,"One year",DSL,"Mailed check",Loyal,No
6870-ZWMNX,Male,70,76.10,5264.25,"Two year",DSL,"Credit card (automatic)",Loyal,No
5268-DSMNQ,Female,62,97.95,5936.55,"One year","Fiber optic","Credit card (automatic)",Loyal,No
5334-JLAXU,Female,60,94.10,5475.90,Month-to-month,"Fiber optic","Credit card (automatic)",Loyal,No
4086-YQSNZ,Female,3,80.40,224.05,Month-to-month,"Fiber optic","Electronic check",New,Yes
6242-MBHPK,Female,23,95.10,2326.05,Month-to-month,"Fiber optic","Electronic check",Loyal,No
5868-CZJDR,Male,1,31.35,31.35,Month-to-month,DSL,"Mailed check",New,Yes
9359-UGBTK,Female,67,72.35,4991.50,"One year",DSL,"Bank transfer (automatic)",Loyal,No
0135-NMXAP,Female,12,89.75,1052.40,Month-to-month,"Fiber optic","Bank transfer (automatic)",Mid,Yes
4782-OSFXZ,Female,71,82.70,5831.20,"Two year",DSL,"Bank transfer (automatic)",Loyal,No
7129-ACFOG,Female,5,53.80,283.95,Month-to-month,DSL,"Electronic check",New,No
4189-NAKJS,Male,26,51.55,1295.40,"One year",DSL,"Credit card (automatic)",Loyal,No
1282-IHQAC,Male,70,44.05,3011.65,"One year",DSL,"Credit card (automatic)",Loyal,No
9127-FHJBZ,Male,72,114.00,8093.15,"Two year","Fiber optic","Electronic check",Loyal,No
6270-OMFIW,Male,60,94.40,5610.25,"One year","Fiber optic","Electronic check",Loyal,Yes
1641-RQDAY,Female,32,100.40,3217.65,Month-to-month,"Fiber optic","Electronic check",Loyal,No
6994-ORCWG,Female,14,54.25,773.20,"One year",DSL,"Mailed check",Loyal,No
1346-UFHAX,Female,13,80.00,1029.35,Month-to-month,"Fiber optic","Credit card (automatic)",Loyal,No
3992-YWPKO,Female,6,109.90,669.45,Month-to-month,"Fiber optic","Credit card (automatic)",New,Yes
2933-XEUJM,Female,46,79.20,3593.80,"Two year",DSL,"Mailed check",Loyal,No
0125-LZQXK,Male,15,101.35,1553.95,Month-to-month,"Fiber optic","Electronic check",Loyal,Yes
5461-QKNTN,Male,43,94.30,3953.15,Month-to-month,"Fiber optic","Electronic check",Loyal,No
4835-YSJMR,Male,39,49.80,1971.15,"Two year",DSL,"Bank transfer (automatic)",Loyal,No
8399-YNDCH,Male,21,60.05,1236.15,Month-to-month,DSL,"Bank transfer (automatic)",Loyal,Yes
3164-YAXFY,Male,57,53.75,3196.00,Month-to-month,DSL,"Electronic check",Loyal,No
0887-WBJVH,Female,53,93.45,4872.20,"One year","Fiber optic","Electronic check",Loyal,No
4660-IRIBM,Male,18,87.90,1500.50,Month-to-month,"Fiber optic","Mailed check",Loyal,No
5673-FSSMF,Female,1,60.15,60.15,Month-to-month,DSL,"Electronic check",New,Yes
7670-ZBPOQ,Female,58,61.05,3478.75,"One year",DSL,"Bank transfer (automatic)",Loyal,No
8089-UZWLX,Female,71,104.05,7413.55,"Two year","Fiber optic","Bank transfer (automatic)",Loyal,No
0080-OROZO,Female,35,99.25,3532.00,"One year","Fiber optic","Electronic check",Loyal,No
3916-NRPAP,Male,3,85.70,256.75,Month-to-month,"Fiber optic","Credit card (automatic)",New,No
6807-SIWJI,Male,38,104.85,3887.25,"One year","Fiber optic","Electronic check",Loyal,No
8221-HVAYI,Male,35,69.15,2490.15,"Two year",DSL,"Credit card (automatic)",Loyal,No
1579-KLYDT,Male,7,90.45,593.45,Month-to-month,"Fiber optic","Electronic check",Mid,Yes
5232-NXPAY,Female,47,74.45,3510.30,"Two year",DSL,"Mailed check",Loyal,No
8967-SZQAS,Female,14,50.45,765.45,Month-to-month,DSL,"Electronic check",Loyal,No
4468-KAZHE,Female,20,60.00,1259.35,Month-to-month,DSL,"Electronic check",Loyal,No
0455-ENTCR,Male,66,85.25,5538.35,"Two year",DSL,"Electronic check",Loyal,No
7126-RBHSD,Female,17,78.90,1348.95,Month-to-month,"Fiber optic","Electronic check",Loyal,No
5370-IIVVL,Male,37,104.50,3778.00,"One year","Fiber optic","Credit card (automatic)",Loyal,No
6789-HJBWG,Female,12,49.40,611.65,Month-to-month,DSL,"Electronic check",Mid,No
3927-NLNRY,Male,53,94.25,4867.95,"One year","Fiber optic","Bank transfer (automatic)",Loyal,Yes
6791-YBNAK,Male,18,25.55,467.85,Month-to-month,DSL,"Credit card (automatic)",Loyal,No
6358-LYNGM,Male,1,74.90,74.90,Month-to-month,"Fiber optic","Electronic check",New,Yes
6077-BDPXA,Female,3,70.15,194.20,Month-to-month,"Fiber optic","Electronic check",New,No
0013-MHZWF,Female,9,69.40,571.45,Month-to-month,DSL,"Credit card (automatic)",Mid,No
5494-HECPR,Female,1,80.25,80.25,Month-to-month,"Fiber optic","Electronic check",New,Yes
8268-YDIXR,Male,56,93.15,5253.95,"One year","Fiber optic","Electronic check",Loyal,No
9824-BEMCV,Male,17,69.00,1149.65,Month-to-month,"Fiber optic","Electronic check",Loyal,Yes
1373-ORVIZ,Female,11,66.35,740.80,Month-to-month,DSL,"Electronic check",Mid,Yes
4291-SHSBH,Male,7,69.55,521.35,Month-to-month,"Fiber optic","Electronic check",Mid,No
9866-QEVEE,Male,19,86.00,1532.45,Month-to-month,"Fiber optic","Bank transfer (automatic)",Loyal,Yes
9897-KXHCM,Female,3,80.30,250.05,Month-to-month,"Fiber optic","Electronic check",New,Yes
7979-CORPM,Male,24,90.55,2282.55,Month-to-month,"Fiber optic","Credit card (automatic)",Loyal,Yes
2294-DMMUS,Female,62,70.45,4300.45,Month-to-month,DSL,"Credit card (automatic)",Loyal,No
0872-JCPIB,Male,17,65.75,1111.20,Month-to-month,DSL,"Bank transfer (automatic)",Loyal,No
3055-MJDSB,Male,9,24.60,190.10,Month-to-month,DSL,"Mailed check",Mid,No
9091-WTUUY,Male,64,69.25,4447.75,"Two year",DSL,"Mailed check",Loyal,No
1618-CFHME,Female,2,75.90,143.35,Month-to-month,"Fiber optic","Electronic check",New,Yes
3165-HDOEW,Male,1,45.85,45.85,Month-to-month,DSL,"Mailed check",New,Yes
6581-NQCBA,Female,16,49.95,810.20,Month-to-month,DSL,"Electronic check",Loyal,Yes
8496-DMZUK,Male,30,90.40,2820.65,"One year","Fiber optic","Bank transfer (automatic)",Loyal,No
2040-VZIKE,Female,49,100.85,4847.35,Month-to-month,"Fiber optic","Mailed check",Loyal,No
9068-VPWQQ,Male,61,75.35,4729.30,"Two year",DSL,"Credit card (automatic)",Loyal,No
0178-SZBHO,Male,47,87.20,4017.45,Month-to-month,"Fiber optic","Electronic check",Loyal,No
0384-RVBPI,Male,20,64.40,1398.60,Month-to-month,DSL,"Credit card (automatic)",Loyal,No
1689-MRZQR,Male,34,78.30,2564.30,Month-to-month,"Fiber optic","Electronic check",Loyal,Yes
4525-VZCZG,Male,54,105.85,5826.65,"One year","Fiber optic","Electronic check",Loyal,No
1543-LLLFT,Male,61,98.30,6066.55,"One year","Fiber optic","Mailed check",Loyal,No
5835-BEQEU,Male,3,76.95,228.40,Month-to-month,"Fiber optic","Electronic check",New,Yes
5565-FILXA,Female,16,96.15,1529.20,Month-to-month,"Fiber optic","Electronic check",Loyal,Yes
0319-QZTCO,Female,3,58.70,168.60,Month-to-month,DSL,"Credit card (automatic)",New,No
0096-FCPUF,Male,30,64.50,1888.45,Month-to-month,DSL,"Mailed check",Loyal,No
0668-OGMHD,Female,21,28.50,629.35,Month-to-month,DSL,"Electronic check",Loyal,No
5552-ZNFSJ,Male,1,45.30,45.30,Month-to-month,DSL,"Electronic check",New,Yes
6507-ZJSUR,Male,23,90.45,2117.25,Month-to-month,"Fiber optic","Electronic check",Loyal,No
9408-HRXRK,Female,45,105.15,4730.90,Month-to-month,"Fiber optic","Electronic check",Loyal,No
5593-SUAOO,Female,24,83.15,2033.05,"One year","Fiber optic","Bank transfer (automatic)",Loyal,No
7321-PKUYW,Female,11,90.15,987.95,Month-to-month,"Fiber optic","Electronic check",Mid,Yes
2833-SLKDQ,Male,1,45.05,45.05,Month-to-month,DSL,"Mailed check",New,Yes
6766-HFKLA,Female,56,103.20,5744.35,"Two year","Fiber optic","Bank transfer (automatic)",Loyal,No
7595-EUIVN,Female,1,75.80,75.80,Month-to-month,"Fiber optic","Electronic check",New,Yes
2026-TGDHM,Female,7,79.30,523.15,Month-to-month,"Fiber optic","Electronic check",Mid,Yes
9220-ZNKJI,Female,55,88.80,4805.30,"Two year","Fiber optic","Credit card (automatic)",Loyal,No
4030-VPZBD,Female,2,30.90,59.05,Month-to-month,DSL,"Electronic check",New,Yes
2226-ICFDO,Female,72,85.90,6110.75,"Two year",DSL,"Credit card (automatic)",Loyal,No
0723-VSOBE,Female,45,34.20,1596.60,"One year",DSL,"Electronic check",Loyal,No
4187-CINZD,Female,46,95.25,4424.20,"One year","Fiber optic","Credit card (automatic)",Loyal,Yes
9992-UJOEL,Male,2,50.30,92.75,Month-to-month,DSL,"Mailed check",New,No
4741-WWJQZ,Female,2,80.15,194.55,Month-to-month,"Fiber optic","Electronic check",New,No
6625-UTXEW,Female,12,51.25,612.10,Month-to-month,DSL,"Electronic check",Mid,No
6818-WOBHJ,Female,68,89.60,6127.60,Month-to-month,"Fiber optic","Bank transfer (automatic)",Loyal,Yes
6244-BESBM,Male,69,95.20,6671.70,"Two year","Fiber optic","Credit card (automatic)",Loyal,No
1004-NOZNR,Male,56,94.80,5264.30,"One year","Fiber optic","Credit card (automatic)",Loyal,No
1251-STYSZ,Female,4,80.25,303.70,Month-to-month,"Fiber optic","Electronic check",New,No
2612-PHGOX,Male,64,76.10,4818.80,"Two year",DSL,"Bank transfer (automatic)",Loyal,No
2408-TZMJL,Male,59,110.15,6448.05,"One year","Fiber optic","Electronic check",Loyal,Yes
8480-PPONV,Male,62,115.55,7159.05,"Two year","Fiber optic","Bank transfer (automatic)",Loyal,No
4598-ZADCK,Female,53,53.60,2879.20,"One year",DSL,"Electronic check",Loyal,No
9681-KYGYB,Male,49,88.20,4159.45,Month-to-month,"Fiber optic","Electronic check",Loyal,No
7182-OVLBJ,Female,62,101.15,6638.35,"Two year","Fiber optic","Bank transfer (automatic)",Loyal,No
5095-ETBRJ,Female,55,56.80,3112.05,"Two year",DSL,"Mailed check",Loyal,No
7005-CYUIL,Female,71,99.40,7168.25,"Two year","Fiber optic","Electronic check",Loyal,No
4730-AWNAU,Male,36,60.70,2234.55,"One year",DSL,"Credit card (automatic)",Loyal,No
2388-LAESQ,Female,72,114.85,8317.95,"Two year","Fiber optic","Bank transfer (automatic)",Loyal,No
6260-ONULR,Male,1,62.80,62.80,Month-to-month,DSL,"Mailed check",New,No
4389-UEFCZ,Female,72,105.50,7544.00,"Two year","Fiber optic","Electronic check",Loyal,No
9134-CEQMF,Male,7,89.50,676.70,Month-to-month,"Fiber optic","Electronic check",Mid,Yes
8985-OOPOS,Female,1,74.10,74.10,"One year",DSL,"Credit card (automatic)",New,No
8800-ZKRFW,Female,30,107.50,3242.50,Month-to-month,"Fiber optic","Electronic check",Loyal,No
9968-FFVVH,Male,63,68.80,4111.35,"One year",DSL,"Bank transfer (automatic)",Loyal,No
3108-PCCGG,Male,72,84.45,5899.85,"Two year",DSL,"Credit card (automatic)",Loyal,No
7993-PYKOF,Male,8,75.00,632.95,Month-to-month,"Fiber optic","Electronic check",Mid,Yes
8390-FESFV,Female,62,84.50,5193.20,"Two year",DSL,"Bank transfer (automatic)",Loyal,No
3022-BEXHZ,Male,67,111.20,7530.80,"Two year","Fiber optic","Bank transfer (automatic)",Loyal,No
5027-XWQHA,Male,6,44.75,270.95,Month-to-month,DSL,"Electronic check",New,Yes
6248-TKCQV,Female,70,80.60,5460.20,"Two year",DSL,"Bank transfer (automatic)",Loyal,No
6729-GDNGC,Female,20,80.70,1614.20,Month-to-month,"Fiber optic","Bank transfer (automatic)",Loyal,No
6198-ZFIOJ,Female,5,75.60,402.50,Month-to-month,"Fiber optic","Electronic check",New,No
5989-OMNJE,Female,24,57.60,1367.75,"One year",DSL,"Electronic check",Loyal,No
4566-QVRRW,Female,11,44.05,483.70,Month-to-month,DSL,"Electronic check",Mid,Yes
1291-CUOCY,Male,72,110.60,7962.20,"Two year","Fiber optic","Credit card (automatic)",Loyal,No
9795-SHUHB,Female,66,58.20,3810.80,"Two year",DSL,"Credit card (automatic)",Loyal,No
3230-IUALN,Female,45,81.00,3533.60,"Two year",DSL,"Mailed check",Loyal,No
8519-IMDHU,Male,15,85.60,1345.55,Month-to-month,"Fiber optic","Bank transfer (automatic)",Loyal,Yes
4945-RVMTE,Female,28,59.55,1646.45,Month-to-month,DSL,"Bank transfer (automatic)",Loyal,No
0201-OAMXR,Female,70,115.55,8127.60,"One year","Fiber optic","Credit card (automatic)",Loyal,Yes
1866-NXPSP,Female,36,75.55,2680.15,"One year",DSL,"Mailed check",Loyal,No
3372-KWFBM,Male,16,86.60,1281.00,Month-to-month,"Fiber optic","Electronic check",Loyal,Yes
7831-QGOXH,Female,18,85.20,1553.90,Month-to-month,"Fiber optic","Electronic check",Loyal,Yes
6393-WRYZE,Female,34,97.65,3207.55,Month-to-month,"Fiber optic","Electronic check",Loyal,Yes
3941-XTSKM,Male,42,45.10,2049.05,"One year",DSL,"Credit card (automatic)",Loyal,No
1661-CZBAU,Male,48,70.95,3629.20,"One year",DSL,"Bank transfer (automatic)",Loyal,No
6599-RCLCJ,Male,47,109.55,5124.55,Month-to-month,"Fiber optic","Electronic check",Loyal,Yes
9831-BPFRI,Female,39,89.55,3474.45,"One year","Fiber optic","Electronic check",Loyal,Yes
1907-YLNYW,Male,8,66.70,579.00,Month-to-month,DSL,"Electronic check",Mid,No
8947-YRTDV,Male,32,94.80,3131.55,"One year","Fiber optic","Mailed check",Loyal,No
3161-ONRWK,Male,60,65.85,3928.30,"One year",DSL,"Bank transfer (automatic)",Loyal,No
7206-GZCDC,Female,1,69.25,69.25,Month-to-month,"Fiber optic","Electronic check",New,Yes
6682-VCIXC,Female,43,51.25,2151.60,"One year",DSL,"Bank transfer (automatic)",Loyal,No
4791-QRGMF,Male,59,99.50,5961.10,"One year","Fiber optic","Bank transfer (automatic)",Loyal,Yes
6475-VHUIZ,Female,23,54.25,1221.55,Month-to-month,DSL,"Electronic check",Loyal,No
0661-WCQNQ,Male,22,56.25,1292.20,"One year",DSL,"Credit card (automatic)",Loyal,No
7537-RBWEA,Female,1,25.15,25.15,Month-to-month,DSL,"Mailed check",New,No
0121-SNYRK,Male,50,35.40,1748.90,"One year",DSL,"Mailed check",Loyal,No
1768-ZAIFU,Female,1,25.20,25.20,Month-to-month,DSL,"Electronic check",New,Yes
4671-LXRDQ,Male,2,45.00,96.45,Month-to-month,DSL,"Mailed check",New,Yes
3733-LSYCE,Female,15,75.35,1114.55,Month-to-month,"Fiber optic","Bank transfer (automatic)",Loyal,No
3838-OZURD,Male,66,105.00,7133.25,Month-to-month,"Fiber optic","Credit card (automatic)",Loyal,Yes
9269-CQOOL,Male,3,54.70,169.45,Month-to-month,DSL,"Credit card (automatic)",New,Yes
7690-KPNCU,Male,64,73.05,4688.65,"One year",DSL,"Credit card (automatic)",Loyal,No
2293-IJWPS,Female,57,100.75,5985.00,"One year","Fiber optic","Credit card (automatic)",Loyal,No
2845-HSJCY,Female,14,87.25,1258.60,Month-to-month,"Fiber optic","Electronic check",Loyal,Yes
1184-PJVDB,Male,10,79.95,857.20,Month-to-month,"Fiber optic","Electronic check",Mid,Yes
2625-TRCZQ,Female,51,49.65,2553.35,Month-to-month,DSL,"Electronic check",Loyal,No
4102-HLENU,Female,67,65.65,4322.85,"Two year",DSL,"Mailed check",Loyal,No
7722-VJRQD,Male,72,60.95,4549.05,"Two year",DSL,"Bank transfer (automatic)",Loyal,No
9415-DPEWS,Female,18,88.35,1639.30,Month-to-month,"Fiber optic","Electronic check",Loyal,Yes
0196-JTUQI,Female,9,75.20,633.85,Month-to-month,"Fiber optic","Credit card (automatic)",Mid,No
7130-YXBRO,Male,48,111.45,5315.10,Month-to-month,"Fiber optic","Bank transfer (automatic)",Loyal,No
9272-LSVYH,Male,10,70.15,735.50,Month-to-month,"Fiber optic","Mailed check",Mid,No
7943-RQCHR,Female,9,94.75,889.90,Month-to-month,"Fiber optic","Electronic check",Mid,Yes
3793-MMFUH,Female,13,95.05,1290.00,Month-to-month,"Fiber optic","Electronic check",Loyal,Yes
3249-ZPQRG,Male,4,78.45,330.05,Month-to-month,"Fiber optic","Electronic check",New,Yes
2568-BRGYX,Male,4,70.20,237.95,Month-to-month,"Fiber optic","Electronic check",New,Yes
3084-DOWLE,Female,72,92.00,6474.40,"Two year",DSL,"Bank transfer (automatic)",Loyal,No
1084-MNSMJ,Female,51,85.50,4421.95,"Two year",DSL,"Credit card (automatic)",Loyal,No
7721-JXEAW,Male,59,41.05,2452.70,Month-to-month,DSL,"Bank transfer (automatic)",Loyal,Yes
7249-WBIYX,Male,10,85.60,813.85,Month-to-month,"Fiber optic","Electronic check",Mid,Yes
4238-HFHSN,Male,61,82.15,4904.85,Month-to-month,"Fiber optic","Electronic check",Loyal,No
6250-CGGUN,Male,54,84.40,4484.05,"One year","Fiber optic","Electronic check",Loyal,No
5478-JJVZK,Female,33,60.90,2033.85,Month-to-month,DSL,"Mailed check",Loyal,No
6567-HOOPW,Female,1,79.20,79.20,Month-to-month,"Fiber optic","Electronic check",New,Yes
9793-WECQC,Male,23,95.30,2192.90,Month-to-month,"Fiber optic","Mailed check",Loyal,No
8999-YPYBV,Male,45,84.35,3858.05,"Two year",DSL,"Mailed check",Loyal,No
3164-AALRN,Male,5,70.00,347.40,"One year",DSL,"Mailed check",New,Yes
3071-MVJCD,Male,72,82.30,5815.15,"Two year",DSL,"Bank transfer (automatic)",Loyal,No
1697-BCSHV,Female,58,66.80,3970.40,Month-to-month,DSL,"Bank transfer (automatic)",Loyal,No
0562-KBDVM,Female,70,44.60,3058.15,"Two year",DSL,"Bank transfer (automatic)",Loyal,No
1131-SUEKT,Male,61,98.45,6145.20,"One year","Fiber optic","Bank transfer (automatic)",Loyal,No
3717-OEAUQ,Male,2,70.70,129.20,Month-to-month,"Fiber optic","Mailed check",New,No
3334-CTHOL,Female,1,49.95,49.95,Month-to-month,DSL,"Bank transfer (automatic)",New,Yes
4704-ERYFC,Female,22,69.25,1554.00,Month-to-month,"Fiber optic","Electronic check",Loyal,Yes
9432-RUVSL,Female,48,102.50,4904.25,"Two year","Fiber optic","Credit card (automatic)",Loyal,No
8060-HIWJJ,Male,64,86.55,5632.55,"Two year",DSL,"Credit card (automatic)",Loyal,No
9089-UOWJG,Female,12,58.35,740.55,Month-to-month,DSL,"Credit card (automatic)",Mid,No
8621-MNIHH,Female,34,94.25,3217.55,Month-to-month,"Fiber optic","Electronic check",Loyal,Yes
8039-ACLPL,Female,72,68.75,4888.20,"Two year",DSL,"Credit card (automatic)",Loyal,No
9885-AIBVB,Male,29,85.80,2440.25,Month-to-month,"Fiber optic","Electronic check",Loyal,No
2272-JKMSI,Female,62,110.80,6840.95,"One year","Fiber optic","Electronic check",Loyal,No
0471-LVHGK,Male,41,73.00,3001.20,"One year",DSL,"Electronic check",Loyal,Yes
9518-RWHZL,Female,64,100.05,6254.20,"One year","Fiber optic","Credit card (automatic)",Loyal,Yes
8714-CTZJW,Female,4,82.85,319.60,Month-to-month,"Fiber optic","Credit card (automatic)",New,No
3569-EDBPQ,Female,24,84.35,1938.05,Month-to-month,"Fiber optic","Electronic check",Loyal,No
5419-CONWX,Female,4,99.80,442.85,Month-to-month,"Fiber optic","Credit card (automatic)",New,Yes
6240-EURKS,Female,18,35.00,553.00,Month-to-month,DSL,"Electronic check",Loyal,Yes
2373-NTKOD,Male,8,66.25,546.45,Month-to-month,DSL,"Electronic check",Mid,No
6960-HVYXR,Female,1,76.00,76.00,Month-to-month,"Fiber optic","Electronic check",New,Yes
0895-UADGO,Male,8,44.55,343.45,"Two year",DSL,"Mailed check",Mid,No
5678-VFNEQ,Female,71,104.10,7412.25,"One year","Fiber optic","Credit card (automatic)",Loyal,No
5977-CKHON,Female,43,92.55,4039.00,Month-to-month,"Fiber optic","Bank transfer (automatic)",Loyal,No
7024-OHCCK,Female,2,93.85,170.85,Month-to-month,"Fiber optic","Electronic check",New,Yes
2692-BUCFV,Male,29,101.45,2948.60,Month-to-month,"Fiber optic","Bank transfer (automatic)",Loyal,No
7861-UVUFT,Female,15,84.30,1308.40,Month-to-month,"Fiber optic","Electronic check",Loyal,Yes
1830-GGFNM,Male,65,94.55,6078.75,"Two year","Fiber optic","Credit card (automatic)",Loyal,No
5302-BDJNT,Male,35,95.50,3418.20,Month-to-month,"Fiber optic","Electronic check",Loyal,No
5223-UZAVK,Male,64,100.30,6603.80,"One year","Fiber optic","Credit card (automatic)",Loyal,No
4859-ZSRDZ,Female,58,55.50,3166.90,"Two year",DSL,"Credit card (automatic)",Loyal,No
5651-WYIPH,Female,18,49.85,865.75,Month-to-month,DSL,"Credit card (automatic)",Loyal,No
9350-VLHMB,Male,67,89.55,6373.10,Month-to-month,"Fiber optic","Bank transfer (automatic)",Loyal,No
8785-CJSHH,Female,60,99.80,5985.75,Month-to-month,"Fiber optic","Electronic check",Loyal,No
5357-TZHPP,Male,9,84.40,732.50,Month-to-month,"Fiber optic","Credit card (automatic)",Mid,Yes
3870-SPZSI,Female,70,113.05,7869.05,"Two year","Fiber optic","Credit card (automatic)",Loyal,No
0680-DFNNY,Male,15,101.10,1504.05,Month-to-month,"Fiber optic","Electronic check",Loyal,Yes
7077-XJMET,Male,12,74.15,741.40,Month-to-month,DSL,"Electronic check",Mid,No
8752-GHJFU,Male,71,92.00,6585.20,"One year","Fiber optic","Electronic check",Loyal,No
6896-SRVYQ,Male,44,73.85,3122.40,Month-to-month,"Fiber optic","Electronic check",Loyal,No
7767-UXAGJ,Male,1,50.45,50.45,Month-to-month,DSL,"Electronic check",New,Yes
6718-BDGHG,Female,43,64.85,2908.20,"One year",DSL,"Bank transfer (automatic)",Loyal,No
6439-LAJXL,Male,9,68.95,593.85,Month-to-month,DSL,"Mailed check",Mid,No
1571-SAVHK,Male,12,99.95,1132.75,Month-to-month,"Fiber optic","Mailed check",Mid,Yes
9052-VKDUW,Female,65,109.40,7227.45,Month-to-month,"Fiber optic","Credit card (automatic)",Loyal,No
9546-CQJSU,Female,2,91.40,193.60,Month-to-month,"Fiber optic","Electronic check",New,Yes
1666-JZPZT,Male,27,49.00,1291.35,Month-to-month,DSL,"Mailed check",Loyal,No
5777-KJIRB,Female,40,50.25,2023.55,"One year",DSL,"Mailed check",Loyal,No
0506-LVNGN,Female,5,75.55,349.65,Month-to-month,"Fiber optic","Credit card (automatic)",New,Yes
2480-EJWYP,Female,58,97.80,5458.80,"One year","Fiber optic","Bank transfer (automatic)",Loyal,No
3253-HKOKL,Female,52,100.30,5244.45,"One year","Fiber optic","Electronic check",Loyal,No
7055-HNEOJ,Male,3,55.80,154.55,Month-to-month,DSL,"Mailed check",New,No
5514-YQENT,Male,41,111.15,4507.15,"Two year","Fiber optic","Electronic check",Loyal,No
3211-AAPKX,Male,20,98.55,2031.95,Month-to-month,"Fiber optic","Mailed check",Loyal,No
8445-DNBAE,Male,1,50.05,50.05,Month-to-month,DSL,"Electronic check",New,No
2951-QOQTK,Male,4,80.80,332.45,Month-to-month,"Fiber optic","Credit card (automatic)",New,Yes
6890-PFRQX,Male,18,69.50,1199.40,Month-to-month,DSL,"Mailed check",Loyal,No
0222-CNVPT,Male,52,48.80,2555.05,Month-to-month,DSL,"Credit card (automatic)",Loyal,No
5899-OUVKV,Male,31,94.50,2979.20,Month-to-month,"Fiber optic","Electronic check",Loyal,No
1621-YNCJH,Female,36,106.05,3834.40,"Two year","Fiber optic","Credit card (automatic)",Loyal,No
3473-XIIIT,Female,16,100.00,1534.75,Month-to-month,"Fiber optic","Electronic check",Loyal,Yes
6362-QHAFM,Male,42,108.30,4586.15,"One year","Fiber optic","Electronic check",Loyal,No
3070-BDOQC,Female,60,99.65,5941.05,"Two year","Fiber optic","Electronic check",Loyal,No
2952-QAYZF,Male,5,85.30,424.15,Month-to-month,"Fiber optic","Electronic check",New,Yes
6234-PFPXL,Male,22,95.90,2234.95,Month-to-month,"Fiber optic","Credit card (automatic)",Loyal,No
4763-PGDPO,Female,4,70.40,281.00,Month-to-month,"Fiber optic","Electronic check",New,Yes
4283-IVYCI,Male,9,64.95,547.80,Month-to-month,DSL,"Mailed check",Mid,No
1866-OBPNR,Male,1,74.60,74.60,Month-to-month,"Fiber optic","Credit card (automatic)",New,No
8205-MQUGY,Male,12,49.20,571.15,Month-to-month,DSL,"Electronic check",Mid,No
8970-ANWXO,Female,23,73.75,1756.60,"One year",DSL,"Mailed check",Loyal,No
9480-BQJEI,Male,62,92.30,5731.45,"One year","Fiber optic","Bank transfer (automatic)",Loyal,No
5394-SVGJV,Male,37,98.80,3475.55,Month-to-month,"Fiber optic","Bank transfer (automatic)",Loyal,Yes
9777-WJJPR,Male,31,88.65,2683.20,Month-to-month,"Fiber optic","Credit card (automatic)",Loyal,No
9283-LZQOH,Male,13,74.40,896.75,Month-to-month,"Fiber optic","Credit card (automatic)",Loyal,Yes
7079-QRCBC,Female,24,98.75,2407.30,Month-to-month,"Fiber optic","Electronic check",Loyal,Yes
9495-SKLKD,Male,45,95.95,4456.65,Month-to-month,"Fiber optic","Bank transfer (automatic)",Loyal,No
6048-UWKAL,Female,69,105.40,6998.95,"Two year","Fiber optic","Credit card (automatic)",Loyal,No
5469-CTCWN,Male,61,106.00,6547.70,"One year","Fiber optic","Electronic check",Loyal,Yes
9851-QXEEQ,Male,41,104.70,4346.40,Month-to-month,"Fiber optic","Electronic check",Loyal,Yes
6281-FKEWS,Female,44,49.05,2265.00,"One year",DSL,"Electronic check",Loyal,No
8898-KASCD,Male,39,35.55,1309.15,"One year",DSL,"Mailed check",Loyal,No
9242-TKFSV,Male,72,65.10,4754.30,"Two year",DSL,"Credit card (automatic)",Loyal,No
9290-SHCMB,Female,13,96.85,1235.55,Month-to-month,"Fiber optic","Electronic check",Loyal,No
0743-HNPFG,Female,51,69.75,3562.50,"One year",DSL,"Credit card (automatic)",Loyal,No
2277-BKJKN,Female,71,99.20,7213.75,"Two year","Fiber optic","Electronic check",Loyal,No
9809-IMGCQ,Male,22,96.70,2082.95,Month-to-month,"Fiber optic","Electronic check",Loyal,Yes
5208-HFSBT,Female,2,55.05,102.75,Month-to-month,DSL,"Credit card (automatic)",New,Yes
5035-PGZXH,Female,56,106.80,5914.40,"One year","Fiber optic","Electronic check",Loyal,No
8695-WDYEA,Male,1,51.25,51.25,Month-to-month,DSL,"Mailed check",New,No
6543-JXSOO,Female,23,57.75,1282.85,"One year",DSL,"Mailed check",Loyal,No
8016-ZMGMO,Female,66,70.85,4738.85,"One year",DSL,"Bank transfer (automatic)",Loyal,No
3254-YRILK,Male,19,88.20,1775.80,Month-to-month,"Fiber optic","Electronic check",Loyal,Yes
6416-YJTTB,Male,11,79.50,795.65,Month-to-month,"Fiber optic","Bank transfer (automatic)",Mid,No
4472-VESGY,Female,52,98.15,4993.40,Month-to-month,"Fiber optic","Bank transfer (automatic)",Loyal,No
3128-YOVTD,Female,51,79.15,4018.55,Month-to-month,"Fiber optic","Bank transfer (automatic)",Loyal,No
0529-ONKER,Male,15,75.65,1146.65,Month-to-month,"Fiber optic","Electronic check",Loyal,Yes
1728-CXQBE,Male,64,94.25,6081.40,Month-to-month,"Fiber optic","Electronic check",Loyal,No
7041-TXQJH,Female,37,40.20,1478.85,Month-to-month,DSL,"Credit card (automatic)",Loyal,No
5724-BIDBU,Male,49,55.35,2633.95,"One year",DSL,"Electronic check",Loyal,No
0481-SUMCB,Female,45,102.15,4735.35,"One year","Fiber optic","Bank transfer (automatic)",Loyal,No
1769-GRUIK,Female,18,71.10,1247.75,Month-to-month,"Fiber optic","Electronic check",Loyal,No
5240-IJOQT,Male,1,74.70,74.70,Month-to-month,"Fiber optic","Electronic check",New,Yes
8819-WFGGJ,Male,68,54.10,3794.50,"Two year",DSL,"Bank transfer (automatic)",Loyal,No
2811-POVEX,Female,23,88.45,2130.55,Month-to-month,"Fiber optic","Bank transfer (automatic)",Loyal,No
1092-GANHU,Male,17,76.65,1313.55,Month-to-month,"Fiber optic","Electronic check",Loyal,Yes
7898-PDWQE,Male,71,80.40,5727.15,"Two year",DSL,"Credit card (automatic)",Loyal,No
9314-IJWSQ,Female,14,84.80,1203.90,Month-to-month,"Fiber optic","Electronic check",Loyal,No
0661-XEYAN,Female,1,25.80,25.80,Month-to-month,DSL,"Mailed check",New,Yes
1921-KYSAY,Female,41,68.60,2877.05,"One year",DSL,"Electronic check",Loyal,No
6198-RTPMF,Female,17,92.60,1579.70,Month-to-month,"Fiber optic","Electronic check",Loyal,No
2924-KHUVI,Male,56,100.55,5514.95,"One year","Fiber optic","Electronic check",Loyal,No
7881-EVUAD,Female,2,42.60,72.40,Month-to-month,DSL,"Electronic check",New,Yes
9207-ZPANB,Male,37,67.45,2443.30,"One year",DSL,"Electronic check",Loyal,No
5766-XQXMQ,Female,29,68.85,1970.50,Month-to-month,DSL,"Bank transfer (automatic)",Loyal,Yes
9327-QSDED,Male,8,43.55,335.40,Month-to-month,DSL,"Mailed check",Mid,No
1656-DRSMG,Female,63,109.85,7002.95,Month-to-month,"Fiber optic","Credit card (automatic)",Loyal,No
2984-AFWNC,Female,3,95.40,293.15,Month-to-month,"Fiber optic","Electronic check",New,No
8096-LOIST,Female,19,56.20,1093.40,Month-to-month,DSL,"Electronic check",Loyal,No
3703-VAVCL,Male,2,90.00,190.05,Month-to-month,"Fiber optic","Credit card (automatic)",New,Yes
8519-QJGJD,Female,14,75.35,1025.95,Month-to-month,"Fiber optic","Electronic check",Loyal,Yes
7905-NJMXS,Male,7,64.20,475.00,Month-to-month,DSL,"Electronic check",Mid,No
2882-WDTBA,Male,69,75.75,5388.15,"Two year",DSL,"Bank transfer (automatic)",Loyal,No
2091-GPPIQ,Female,72,78.95,5730.15,"Two year",DSL,"Electronic check",Loyal,No
6326-MTTXK,Male,8,100.85,819.55,Month-to-month,"Fiber optic","Electronic check",Mid,Yes
5071-FBJFS,Female,4,50.30,217.10,Month-to-month,DSL,"Electronic check",New,No
2796-UUZZO,Male,63,80.30,4896.35,Month-to-month,"Fiber optic","Credit card (automatic)",Loyal,No
0330-IVZHA,Female,5,69.95,330.15,Month-to-month,"Fiber optic","Electronic check",New,Yes
3794-NFNCH,Male,30,50.00,1474.90,Month-to-month,DSL,"Mailed check",Loyal,No
5193-QLVZB,Male,63,104.75,6536.50,"Two year","Fiber optic","Bank transfer (automatic)",Loyal,No
2886-KEFUM,Female,63,107.50,6873.75,"One year","Fiber optic","Electronic check",Loyal,Yes
5522-NYKPB,Male,25,85.90,2199.05,Month-to-month,"Fiber optic","Electronic check",Loyal,No
4237-RLAQD,Male,1,45.85,45.85,Month-to-month,DSL,"Mailed check",New,Yes
9957-YODKZ,Male,6,80.80,457.10,Month-to-month,"Fiber optic","Electronic check",New,No
2245-ADZFJ,Female,31,80.55,2471.60,"Two year",DSL,"Bank transfer (automatic)",Loyal,No
7776-QGYJC,Female,39,81.50,3107.30,Month-to-month,"Fiber optic","Bank transfer (automatic)",Loyal,No
9651-GTSAQ,Female,53,106.10,5769.75,"One year","Fiber optic","Bank transfer (automatic)",Loyal,Yes
3186-BAXNB,Female,1,91.70,91.70,Month-to-month,"Fiber optic","Electronic check",New,Yes
4672-FOTSD,Male,12,67.25,832.30,Month-to-month,DSL,"Electronic check",Mid,No
0637-YLETY,Female,16,95.60,1555.65,Month-to-month,"Fiber optic","Credit card (automatic)",Loyal,Yes
7338-ERIVA,Male,39,45.05,1790.60,"One year",DSL,"Bank transfer (automatic)",Loyal,No
1157-BQCUW,Male,1,74.95,74.95,Month-to-month,"Fiber optic","Electronic check",New,Yes
8259-NFJTV,Female,7,34.65,246.60,Month-to-month,DSL,"Mailed check",Mid,No
3223-DWFIO,Male,4,69.35,261.65,Month-to-month,"Fiber optic","Electronic check",New,No
2660-EMUBI,Male,10,95.35,898.35,Month-to-month,"Fiber optic","Electronic check",Mid,Yes
6968-GMKPR,Female,55,81.55,4509.50,Month-to-month,"Fiber optic","Electronic check",Loyal,No
4751-ERMAN,Male,72,75.40,5480.25,"Two year",DSL,"Bank transfer (automatic)",Loyal,No
1436-ZMJAN,Female,10,67.80,653.15,Month-to-month,DSL,"Credit card (automatic)",Mid,No
3292-PBZEJ,Male,11,111.40,1183.05,Month-to-month,"Fiber optic","Electronic check",Mid,No
0799-DDIHE,Female,15,46.30,639.45,Month-to-month,DSL,"Electronic check",Loyal,No
7675-OZCZG,Female,3,45.00,127.10,Month-to-month,DSL,"Electronic check",New,Yes
5014-WUQMG,Male,47,96.10,4391.45,"One year","Fiber optic","Electronic check",Loyal,No
2003-CKLOR,Male,66,99.50,6710.50,Month-to-month,"Fiber optic","Electronic check",Loyal,Yes
0993-OSGPT,Female,68,60.65,3975.90,"One year",DSL,"Bank transfer (automatic)",Loyal,No
9254-RBFON,Female,17,98.60,1704.95,"One year","Fiber optic","Bank transfer (automatic)",Loyal,Yes
1205-WNWPJ,Female,7,59.50,415.95,Month-to-month,DSL,"Mailed check",Mid,Yes
9391-EOYLI,Male,12,80.45,950.20,Month-to-month,"Fiber optic","Electronic check",Mid,Yes
7108-DGVUU,Female,21,71.70,1497.05,"One year",DSL,"Bank transfer (automatic)",Loyal,No
2782-JEEBU,Male,21,36.00,780.15,Month-to-month,DSL,"Mailed check",Loyal,No
5127-BZENZ,Female,56,65.20,3512.15,"One year",DSL,"Bank transfer (automatic)",Loyal,No
2720-FVBQP,Female,6,48.95,273.25,Month-to-month,DSL,"Credit card (automatic)",New,No
9906-NHHVC,Female,65,53.50,3517.90,"Two year",DSL,"Bank transfer (automatic)",Loyal,No
4522-XRWWI,Male,42,80.45,3375.90,"One year",DSL,"Credit card (automatic)",Loyal,No
3766-EJLFL,Female,68,109.05,7508.55,"Two year","Fiber optic","Bank transfer (automatic)",Loyal,No
8152-UOBNY,Female,50,106.80,5347.95,"One year","Fiber optic","Electronic check",Loyal,No
7351-KYHQH,Female,7,64.95,493.65,Month-to-month,DSL,"Electronic check",Mid,No
8387-MOJJT,Female,42,77.95,3384.00,Month-to-month,"Fiber optic","Credit card (automatic)",Loyal,Yes
2761-OCIAX,Male,2,74.70,165.40,Month-to-month,"Fiber optic","Electronic check",New,Yes
7321-VGNKU,Female,2,70.35,120.25,Month-to-month,"Fiber optic","Electronic check",New,No
5327-CNLUQ,Male,48,96.90,4473.45,"Two year","Fiber optic","Bank transfer (automatic)",Loyal,No
5816-JMLGY,Female,70,80.40,5717.85,"Two year",DSL,"Bank transfer (automatic)",Loyal,No
3068-OMWZA,Male,1,88.80,88.80,Month-to-month,"Fiber optic","Electronic check",New,Yes
2927-QRRQV,Male,46,94.65,4312.50,"One year","Fiber optic","Electronic check",Loyal,No
6032-KRXXO,Male,30,90.25,2755.35,Month-to-month,"Fiber optic","Electronic check",Loyal,Yes
7459-RRWQZ,Female,15,64.65,994.55,Month-to-month,DSL,"Bank transfer (automatic)",Loyal,Yes
6265-SXWBU,Male,69,95.75,6511.25,"One year","Fiber optic","Credit card (automatic)",Loyal,No
6374-NTQLP,Male,72,104.10,7447.70,"Two year","Fiber optic","Credit card (automatic)",Loyal,No
4154-AQUGT,Male,13,89.05,1169.35,Month-to-month,"Fiber optic","Bank transfer (automatic)",Loyal,Yes
3584-WKTTW,Male,51,111.55,5720.35,"One year","Fiber optic","Electronic check",Loyal,No
3399-BMLVW,Male,51,60.50,3121.45,"Two year",DSL,"Credit card (automatic)",Loyal,No
1971-DTCZB,Female,72,90.95,6468.60,"Two year",DSL,"Bank transfer (automatic)",Loyal,No
3092-IGHWF,Male,67,87.40,5918.80,"One year","Fiber optic","Electronic check",Loyal,Yes
3813-DHBBB,Male,67,50.95,3521.70,"Two year",DSL,"Bank transfer (automatic)",Loyal,No
4939-KYYPY,Male,27,59.45,1611.65,Month-to-month,DSL,"Electronic check",Loyal,No
8017-LXHFA,Female,23,94.75,2293.60,Month-to-month,"Fiber optic","Electronic check",Loyal,Yes
5930-GBIWP,Male,69,81.50,5553.25,"Two year",DSL,"Credit card (automatic)",Loyal,No
6022-KOUQO,Female,2,29.05,44.75,Month-to-month,DSL,"Bank transfer (automatic)",New,No
6352-TWCAU,Female,35,86.45,3029.10,Month-to-month,"Fiber optic","Electronic check",Loyal,Yes
2361-UPSND,Female,46,70.60,3231.05,"One year",DSL,"Mailed check",Loyal,No
6035-RIIOM,Female,54,97.20,5129.45,"Two year","Fiber optic","Bank transfer (automatic)",Loyal,No
2929-QNSRW,Female,56,98.25,5508.35,"One year","Fiber optic","Electronic check",Loyal,Yes
1262-OPMFY,Female,9,75.75,655.90,Month-to-month,"Fiber optic","Bank transfer (automatic)",Mid,Yes
9504-DSHWM,Male,20,59.20,1191.20,Month-to-month,DSL,"Bank transfer (automatic)",Loyal,No
5035-BVCXS,Male,11,75.90,866.40,Month-to-month,"Fiber optic","Mailed check",Mid,No
6267-DCFFZ,Female,30,90.05,2627.20,Month-to-month,"Fiber optic","Electronic check",Loyal,No
3533-UVMOM,Male,68,70.95,4741.45,"Two year",DSL,"Bank transfer (automatic)",Loyal,No
2439-LYPMQ,Male,38,102.60,4009.20,Month-to-month,"Fiber optic","Electronic check",Loyal,No
4248-QPAVC,Female,17,85.35,1463.45,Month-to-month,"Fiber optic","Bank transfer (automatic)",Loyal,Yes
1899-VXWXM,Male,48,106.10,5082.80,"One year","Fiber optic","Credit card (automatic)",Loyal,Yes
1478-VPOAD,Female,1,43.80,43.80,Month-to-month,DSL,"Electronic check",New,No
9995-HOTOH,Male,63,59.00,3707.60,"Two year",DSL,"Electronic check",Loyal,No
2988-PLAHS,Female,3,69.95,220.45,"One year",DSL,"Electronic check",New,No
4999-IEZLT,Male,66,29.45,1983.15,"One year",DSL,"Credit card (automatic)",Loyal,No
8883-ANODQ,Female,68,84.40,5746.75,"Two year","Fiber optic","Credit card (automatic)",Loyal,No
4690-LLKUA,Male,17,45.05,770.60,Month-to-month,DSL,"Electronic check",Loyal,Yes
5980-BDHPY,Male,72,87.10,6230.10,"Two year",DSL,"Bank transfer (automatic)",Loyal,No
9469-WEJBT,Male,37,90.35,3419.30,Month-to-month,"Fiber optic","Electronic check",Loyal,No
3331-HQDTW,Female,34,109.80,3587.25,Month-to-month,"Fiber optic","Mailed check",Loyal,Yes
9490-DFPMD,Female,42,84.65,3541.35,Month-to-month,"Fiber optic","Electronic check",Loyal,Yes
2581-VKIRT,Female,59,65.50,3801.30,"One year",DSL,"Mailed check",Loyal,No
5442-XSDCW,Male,11,79.50,868.50,Month-to-month,"Fiber optic","Bank transfer (automatic)",Mid,Yes
7426-WEIJX,Male,60,80.95,4859.10,Month-to-month,"Fiber optic","Electronic check",Loyal,No
2851-MMUTZ,Female,27,56.15,1439.35,Month-to-month,DSL,"Mailed check",Loyal,No
3049-NDXFL,Female,1,85.80,85.80,Month-to-month,"Fiber optic","Mailed check",New,Yes
8580-AECUZ,Male,1,79.10,79.10,Month-to-month,"Fiber optic","Electronic check",New,Yes
3307-TLCUD,Male,17,34.40,592.75,Month-to-month,DSL,"Mailed check",Loyal,No
7963-GQRMY,Female,3,44.30,134.50,Month-to-month,DSL,"Mailed check",New,Yes
8189-HBVRW,Female,53,90.80,4921.20,Month-to-month,"Fiber optic","Electronic check",Loyal,No
1228-FZFRV,Male,50,105.95,5341.80,Month-to-month,"Fiber optic","Credit card (automatic)",Loyal,Yes
3500-NSDOA,Male,68,70.80,4859.95,"Two year",DSL,"Credit card (automatic)",Loyal,No
3761-FLYZI,Female,65,108.80,7082.45,Month-to-month,"Fiber optic","Bank transfer (automatic)",Loyal,No
2058-DCJBE,Male,5,69.75,324.60,Month-to-month,"Fiber optic","Electronic check",New,Yes
5364-XYIRR,Male,51,94.65,4812.75,Month-to-month,"Fiber optic","Electronic check",Loyal,Yes
4829-AUOAX,Female,46,96.05,4399.50,Month-to-month,"Fiber optic","Bank transfer (automatic)",Loyal,Yes
1219-NNDDO,Female,9,76.85,663.55,Month-to-month,"Fiber optic","Electronic check",Mid,No
9659-QEQSY,Female,45,115.65,5125.50,Month-to-month,"Fiber optic","Electronic check",Loyal,No
5405-ZMYXQ,Female,8,74.60,548.90,Month-to-month,"Fiber optic","Credit card (automatic)",Mid,No
5047-LHVLY,Male,1,50.15,50.15,Month-to-month,DSL,"Mailed check",New,Yes
1442-OKRJE,Male,66,103.15,7031.30,"One year","Fiber optic","Bank transfer (automatic)",Loyal,No
4737-AQCPU,Male,72,72.10,5016.65,"Two year",DSL,"Credit card (automatic)",Loyal,No
9158-VCTQB,Female,41,113.60,4594.95,Month-to-month,"Fiber optic","Bank transfer (automatic)",Loyal,Yes
6311-UEUME,Female,29,78.90,2384.15,Month-to-month,"Fiber optic","Electronic check",Loyal,Yes
0793-TWELN,Female,4,80.15,319.85,Month-to-month,"Fiber optic","Electronic check",New,No
1060-ENTOF,Female,67,105.40,7035.60,"One year","Fiber optic","Credit card (automatic)",Loyal,No
0999-QXNSA,Male,7,45.75,344.20,Month-to-month,DSL,"Mailed check",Mid,No
9225-BZLNZ,Male,72,85.25,6083.10,"Two year",DSL,"Electronic check",Loyal,No
4422-QVIJA,Female,35,50.15,1655.35,Month-to-month,DSL,"Mailed check",Loyal,No
9365-SRSZE,Male,27,70.55,1943.90,Month-to-month,"Fiber optic","Electronic check",Loyal,No
6839-ITVZJ,Female,26,60.05,1616.15,Month-to-month,DSL,"Electronic check",Loyal,Yes
0274-JKUJR,Male,7,58.85,465.70,Month-to-month,DSL,"Mailed check",Mid,No
5740-YHGTW,Male,70,97.55,6669.05,Month-to-month,"Fiber optic","Credit card (automatic)",Loyal,No
1696-MZVAU,Male,39,25.25,947.75,"One year",DSL,"Credit card (automatic)",Loyal,No
7359-WWYJV,Male,72,114.45,8375.05,"Two year","Fiber optic","Credit card (automatic)",Loyal,No
0375-HVGXO,Female,1,34.70,34.70,Month-to-month,DSL,"Electronic check",New,Yes
4906-ZHGPK,Male,54,70.70,3770.00,"One year",DSL,"Electronic check",Loyal,No
8593-WHYHV,Male,3,85.30,264.80,Month-to-month,"Fiber optic","Electronic check",New,Yes
3795-GWTRD,Female,63,75.55,4707.85,"Two year",DSL,"Credit card (automatic)",Loyal,No
1298-PHBTI,Male,71,84.80,6152.40,"Two year","Fiber optic","Electronic check",Loyal,No
6097-EQISJ,Female,66,102.45,6615.15,"One year","Fiber optic","Credit card (automatic)",Loyal,Yes
4423-YLHDV,Female,21,104.40,2200.25,Month-to-month,"Fiber optic","Bank transfer (automatic)",Loyal,Yes
8158-WPEZG,Male,11,35.65,425.10,Month-to-month,DSL,"Electronic check",Mid,No
0107-YHINA,Male,1,99.75,99.75,Month-to-month,"Fiber optic","Electronic check",New,Yes
4918-FYJNT,Female,55,90.45,5044.80,Month-to-month,"Fiber optic","Electronic check",Loyal,No
0727-BNRLG,Male,69,97.65,6743.55,"Two year","Fiber optic","Credit card (automatic)",Loyal,No
4854-CIDCF,Female,3,73.85,196.40,Month-to-month,"Fiber optic","Electronic check",New,No
8640-SDGKB,Male,4,74.40,299.70,Month-to-month,DSL,"Electronic check",New,Yes
3280-MRDOF,Male,30,69.10,2093.90,"Two year",DSL,"Credit card (automatic)",Loyal,No
6435-SRWBJ,Female,5,82.75,417.75,Month-to-month,"Fiber optic","Electronic check",New,No
6303-KFWSL,Female,29,55.25,1620.20,"One year",DSL,"Electronic check",Loyal,No
1702-CCFNJ,Male,52,61.35,3169.55,Month-to-month,DSL,"Bank transfer (automatic)",Loyal,No
8932-CZHRQ,Male,68,76.75,5233.25,"One year",DSL,"Credit card (automatic)",Loyal,No
5515-RUGKN,Male,8,54.75,438.05,Month-to-month,DSL,"Credit card (automatic)",Mid,No
2081-VEYEH,Male,3,107.95,318.60,Month-to-month,"Fiber optic","Electronic check",New,No
6407-UTSLV,Female,2,83.80,163.70,Month-to-month,"Fiber optic","Bank transfer (automatic)",New,No
4116-TZAQJ,Female,9,74.25,639.65,Month-to-month,"Fiber optic","Credit card (automatic)",Mid,Yes
9060-HJJRW,Female,51,56.40,2928.50,"One year",DSL,"Credit card (automatic)",Loyal,No
7398-SKNQZ,Female,3,94.90,273.20,Month-to-month,"Fiber optic","Electronic check",New,No
5935-FCCNB,Female,17,94.20,1608.15,Month-to-month,"Fiber optic","Electronic check",Loyal,No
1958-RNRKS,Male,30,49.90,1441.95,Month-to-month,DSL,"Electronic check",Loyal,No
5136-RGMZO,Male,31,71.05,2168.15,Month-to-month,DSL,"Electronic check",Loyal,No
8345-MVDYC,Female,45,81.65,3618.70,"Two year",DSL,"Bank transfer (automatic)",Loyal,No
8226-BXGES,Male,64,89.45,5692.65,"One year","Fiber optic","Bank transfer (automatic)",Loyal,No
3877-JRJIP,Male,1,59.85,59.85,Month-to-month,DSL,"Electronic check",New,Yes
8375-DKEBR,Female,1,69.60,69.60,Month-to-month,"Fiber optic","Electronic check",New,Yes
9705-IOVQQ,Male,61,99.00,5969.30,"One year","Fiber optic","Electronic check",Loyal,No
7511-YMXVQ,Male,9,45.40,418.80,Month-to-month,DSL,"Electronic check",Mid,Yes
2040-XBAVJ,Male,72,114.45,8100.55,"Two year","Fiber optic","Bank transfer (automatic)",Loyal,No
8887-IPQNC,Female,7,44.25,313.45,Month-to-month,DSL,"Mailed check",Mid,No
8646-JCOMS,Female,66,90.55,6130.95,"One year","Fiber optic","Bank transfer (automatic)",Loyal,No
9804-ICWBG,Male,1,69.90,69.90,Month-to-month,"Fiber optic","Electronic check",New,Yes
0106-GHRQR,Male,16,71.40,1212.10,Month-to-month,DSL,"Bank transfer (automatic)",Loyal,No
5318-IXUZF,Female,2,87.15,183.75,Month-to-month,"Fiber optic","Bank transfer (automatic)",New,Yes
8952-WCVCD,Female,41,104.45,4162.05,"One year","Fiber optic","Bank transfer (automatic)",Loyal,No
3963-RYFNS,Female,72,116.45,8013.55,"Two year","Fiber optic","Bank transfer (automatic)",Loyal,No
3198-VELRD,Female,3,84.75,264.85,Month-to-month,"Fiber optic","Bank transfer (automatic)",New,Yes
1320-REHCS,Male,52,110.75,5832.00,Month-to-month,"Fiber optic","Electronic check",Loyal,No
4137-JOPHL,Female,50,89.70,4304.50,"Two year","Fiber optic","Bank transfer (automatic)",Loyal,No
9436-ZBZCT,Male,14,89.95,1178.40,Month-to-month,"Fiber optic","Electronic check",Loyal,Yes
7801-CEDNV,Male,27,48.70,1421.75,"One year",DSL,"Credit card (automatic)",Loyal,No
2057-BOYKM,Female,72,96.60,6827.50,"Two year","Fiber optic","Bank transfer (automatic)",Loyal,No
3658-QQJYD,Male,62,74.30,4698.05,"One year",DSL,"Credit card (automatic)",Loyal,No
1803-BGNBD,Female,12,54.30,654.50,Month-to-month,DSL,"Electronic check",Mid,No
0134-XWXCE,Female,44,74.85,3268.05,"One year",DSL,"Bank transfer (automatic)",Loyal,No
6950-TWMYB,Male,54,79.95,4362.05,"Two year","Fiber optic","Bank transfer (automatic)",Loyal,No
2511-MORQY,Male,50,54.90,2614.10,"One year",DSL,"Bank transfer (automatic)",Loyal,No
9470-XCCEM,Male,35,89.65,3161.60,Month-to-month,"Fiber optic","Bank transfer (automatic)",Loyal,No
6519-CFDBX,Female,2,45.40,80.95,Month-to-month,DSL,"Electronic check",New,No
3902-MIVLE,Male,63,75.70,4676.70,"Two year",DSL,"Mailed check",Loyal,No
0409-WTMPL,Female,58,110.65,6526.65,"One year","Fiber optic","Credit card (automatic)",Loyal,No
3669-WHAFY,Female,71,115.15,8078.10,"Two year","Fiber optic","Credit card (automatic)",Loyal,No
3055-VTCGS,Female,63,58.55,3503.50,"One year",DSL,"Credit card (automatic)",Loyal,No
3144-KMTWZ,Male,71,93.25,6669.45,Month-to-month,"Fiber optic","Bank transfer (automatic)",Loyal,No
7279-BUYWN,Female,41,113.20,4689.50,Month-to-month,"Fiber optic","Electronic check",Loyal,Yes
7156-MHUGY,Male,13,90.50,1201.15,Month-to-month,"Fiber optic","Electronic check",Loyal,Yes
7198-GLXTC,Male,2,79.00,143.65,Month-to-month,"Fiber optic","Electronic check",New,Yes
5207-PLSTK,Male,1,48.75,48.75,Month-to-month,DSL,"Mailed check",New,No
2307-FYNNL,Male,65,109.05,7108.20,"Two year","Fiber optic","Electronic check",Loyal,No
2155-AMQRX,Female,28,54.90,1505.15,Month-to-month,DSL,"Credit card (automatic)",Loyal,No
5091-HFAZW,Female,2,91.15,168.50,Month-to-month,"Fiber optic","Electronic check",New,No
2519-LBNQL,Male,60,104.35,6339.45,"One year","Fiber optic","Electronic check",Loyal,No
8623-ULFNQ,Female,26,66.05,1652.40,Month-to-month,DSL,"Electronic check",Loyal,No
8380-PEFPE,Male,1,71.65,71.65,Month-to-month,"Fiber optic","Electronic check",New,Yes
1568-LJSZU,Male,68,92.20,6392.85,"Two year",DSL,"Credit card (automatic)",Loyal,No
7530-HDYDS,Female,38,84.25,3264.50,Month-to-month,"Fiber optic","Credit card (automatic)",Loyal,Yes
7789-HKSBS,Female,42,105.20,4599.15,"One year","Fiber optic","Bank transfer (automatic)",Loyal,No
2586-CWXVV,Male,54,30.40,1621.35,Month-to-month,DSL,"Electronic check",Loyal,No
3096-IZETN,Female,12,78.10,947.30,Month-to-month,"Fiber optic","Bank transfer (automatic)",Mid,Yes
2348-KCJLT,Female,44,61.50,2722.20,"One year",DSL,"Mailed check",Loyal,No
8401-EMUWF,Male,42,69.40,3058.30,Month-to-month,DSL,"Bank transfer (automatic)",Loyal,No
5377-NDTOU,Female,71,91.05,6293.75,"Two year",DSL,"Mailed check",Loyal,No
5922-ABDVO,Female,19,89.65,1761.05,Month-to-month,"Fiber optic","Mailed check",Loyal,Yes
2474-LCNUE,Female,23,73.65,1642.75,Month-to-month,DSL,"Credit card (automatic)",Loyal,No
9172-ANCRX,Female,10,98.70,973.25,Month-to-month,"Fiber optic","Electronic check",Mid,Yes
6650-VJONK,Male,1,43.85,43.85,Month-to-month,DSL,"Bank transfer (automatic)",New,No
2178-PMGCJ,Male,22,69.70,1490.40,Month-to-month,"Fiber optic","Mailed check",Loyal,No
7492-TAFJD,Male,7,38.55,280.00,"Two year",DSL,"Mailed check",Mid,No
2773-MADBQ,Female,36,53.10,1901.25,"Two year",DSL,"Mailed check",Loyal,No
7860-KSUGX,Male,72,64.45,4720.00,"Two year",DSL,"Credit card (automatic)",Loyal,No
6910-HADCM,Female,1,76.35,76.35,Month-to-month,"Fiber optic","Electronic check",New,Yes
4816-LXZYW,Female,23,79.15,1676.95,Month-to-month,"Fiber optic","Electronic check",Loyal,Yes
9606-PBKBQ,Male,32,85.00,2642.05,Month-to-month,"Fiber optic","Electronic check",Loyal,Yes
5149-QYTTU,Female,71,95.15,6770.85,"One year","Fiber optic","Credit card (automatic)",Loyal,No
2070-XYMFH,Female,23,79.35,1835.30,Month-to-month,"Fiber optic","Mailed check",Loyal,No
2085-BOJKI,Male,17,96.65,1588.25,"One year","Fiber optic","Bank transfer (automatic)",Loyal,No
0817-HSUSE,Male,1,75.50,75.50,Month-to-month,DSL,"Electronic check",New,No
5663-QBGIS,Male,72,98.35,6929.40,"Two year","Fiber optic","Bank transfer (automatic)",Loyal,No
4450-MDZFX,Male,60,74.35,4453.30,Month-to-month,"Fiber optic","Bank transfer (automatic)",Loyal,No
6701-DHKWQ,Female,61,51.35,3244.40,"Two year",DSL,"Credit card (automatic)",Loyal,No
7554-AKDQF,Female,6,45.65,323.45,Month-to-month,DSL,"Mailed check",New,No
3536-IQCTX,Male,32,85.30,2661.10,Month-to-month,"Fiber optic","Electronic check",Loyal,Yes
4911-BANWH,Female,31,86.55,2697.40,Month-to-month,"Fiber optic","Credit card (automatic)",Loyal,Yes
8496-EJAUI,Male,19,73.85,1424.50,Month-to-month,"Fiber optic","Credit card (automatic)",Loyal,Yes
5423-BHIXO,Female,32,54.20,1739.60,Month-to-month,DSL,"Electronic check",Loyal,No
6908-VVYHM,Male,65,90.65,5931.00,Month-to-month,"Fiber optic","Electronic check",Loyal,No
2959-EEXWB,Female,45,50.90,2333.85,Month-to-month,DSL,"Bank transfer (automatic)",Loyal,No
3030-YDNRM,Male,8,74.85,572.45,Month-to-month,"Fiber optic","Electronic check",Mid,No
3402-XRIUO,Female,22,63.55,1381.80,Month-to-month,DSL,"Mailed check",Loyal,No
3132-TVFDZ,Male,57,44.85,2572.95,Month-to-month,DSL,"Electronic check",Loyal,Yes
8286-AFUYI,Male,1,47.95,47.95,Month-to-month,DSL,"Electronic check",New,No
8080-DDEMJ,Male,1,45.10,45.10,Month-to-month,DSL,"Electronic check",New,Yes
8356-WUAOJ,Female,1,45.00,45.00,Month-to-month,DSL,"Electronic check",New,No
6365-MTGZX,Male,24,96.00,2122.45,Month-to-month,"Fiber optic","Electronic check",Loyal,Yes
8058-DMYRU,Male,54,90.05,4931.80,Month-to-month,"Fiber optic","Electronic check",Loyal,No
6990-YNRIO,Male,65,108.65,6937.95,"Two year","Fiber optic","Bank transfer (automatic)",Loyal,Yes
6959-GQEGV,Male,45,75.95,3273.80,Month-to-month,DSL,"Electronic check",Loyal,No
1265-HVPZB,Male,59,66.40,3958.20,"One year",DSL,"Credit card (automatic)",Loyal,No
4115-UMJFQ,Male,69,35.75,2492.25,"One year",DSL,"Bank transfer (automatic)",Loyal,No
0621-TWIEM,Male,10,45.55,402.60,Month-to-month,DSL,"Electronic check",Mid,Yes
3537-RYBHH,Female,47,67.45,3252.00,Month-to-month,DSL,"Credit card (automatic)",Loyal,No
2485-ITVKB,Female,2,35.10,68.75,Month-to-month,DSL,"Electronic check",New,Yes
3669-OYSJI,Male,1,46.20,46.20,Month-to-month,DSL,"Credit card (automatic)",New,Yes
1612-EOHDH,Female,1,45.15,45.15,Month-to-month,DSL,"Electronic check",New,Yes
6702-OHFWR,Male,1,43.30,43.30,Month-to-month,DSL,"Electronic check",New,Yes
4510-PYUSH,Female,38,57.15,2250.65,Month-to-month,DSL,"Credit card (automatic)",Loyal,Yes
9359-JANWS,Female,65,58.90,3857.10,"Two year",DSL,"Credit card (automatic)",Loyal,No
7517-SAWMO,Female,19,73.20,1441.10,Month-to-month,"Fiber optic","Electronic check",Loyal,Yes
4143-HHPMK,Male,52,85.35,4338.60,Month-to-month,"Fiber optic","Electronic check",Loyal,Yes
7054-LGEQW,Female,1,45.95,45.95,Month-to-month,DSL,"Mailed check",New,Yes
0523-VNGTF,Female,52,50.50,2566.30,Month-to-month,DSL,"Electronic check",Loyal,No
7105-MXJLL,Female,26,60.70,1597.40,"One year",DSL,"Mailed check",Loyal,No
7064-FRRSW,Male,48,99.00,4744.35,"One year","Fiber optic","Electronic check",Loyal,No
7940-UQQUG,Female,64,104.40,6721.60,"One year","Fiber optic","Bank transfer (automatic)",Loyal,No
0923-PNFUB,Female,3,83.75,247.25,Month-to-month,"Fiber optic","Electronic check",New,Yes
3961-SXAXY,Male,1,44.05,44.05,Month-to-month,DSL,"Bank transfer (automatic)",New,No
3566-HJGPK,Male,1,45.55,45.55,Month-to-month,DSL,"Mailed check",New,No
3062-ICYZQ,Female,51,93.80,4539.35,Month-to-month,"Fiber optic","Electronic check",Loyal,No
0973-KYVNF,Female,72,70.65,5011.15,"Two year",DSL,"Credit card (automatic)",Loyal,No
5129-HHMZC,Female,43,86.45,3574.50,"Two year",DSL,"Credit card (automatic)",Loyal,No
9637-CDTKZ,Male,72,114.10,8086.40,"Two year","Fiber optic","Credit card (automatic)",Loyal,No
3946-JEWRQ,Male,47,95.20,4563.00,"One year","Fiber optic","Credit card (automatic)",Loyal,No
7873-CVMAW,Male,72,88.55,6362.35,"Two year",DSL,"Credit card (automatic)",Loyal,No
3494-JCHRQ,Male,1,70.05,70.05,Month-to-month,"Fiber optic","Electronic check",New,Yes
6474-FVJLC,Male,2,86.00,165.45,Month-to-month,"Fiber optic","Electronic check",New,Yes
4524-QCSSM,Male,26,44.65,1156.55,Month-to-month,DSL,"Bank transfer (automatic)",Loyal,No
5832-EXGTT,Male,29,60.20,1834.15,Month-to-month,DSL,"Mailed check",Loyal,No
8840-DQLGN,Female,35,100.50,3653.35,Month-to-month,"Fiber optic","Bank transfer (automatic)",Loyal,Yes
2039-JONDJ,Male,27,55.45,1477.65,"One year",DSL,"Bank transfer (automatic)",Loyal,No
7217-JYHOQ,Male,24,70.30,1706.45,Month-to-month,DSL,"Credit card (automatic)",Loyal,No
6695-FRVEC,Male,67,60.40,3953.70,"Two year",DSL,"Bank transfer (automatic)",Loyal,No
4547-LYTDD,Female,16,72.65,1194.30,Month-to-month,"Fiber optic","Electronic check",Loyal,Yes
9894-QMIMJ,Female,23,55.80,1327.85,"One year",DSL,"Bank transfer (automatic)",Loyal,No
8069-YQQAJ,Male,14,31.10,419.70,Month-to-month,DSL,"Mailed check",Loyal,No
4193-ORFCL,Female,1,45.10,45.10,Month-to-month,DSL,"Mailed check",New,Yes
1636-NTNCO,Male,4,50.95,207.35,Month-to-month,DSL,"Credit card (automatic)",New,No
3466-WAESX,Male,16,69.10,1083.70,Month-to-month,DSL,"Electronic check",Loyal,No
9281-PKKZE,Female,46,43.95,2007.85,Month-to-month,DSL,"Electronic check",Loyal,No
3638-VBZTA,Male,68,86.50,5882.75,"Two year",DSL,"Bank transfer (automatic)",Loyal,No
7459-IMVYU,Male,38,69.95,2657.55,Month-to-month,DSL,"Electronic check",Loyal,No
7776-QWNFX,Male,30,50.40,1527.50,Month-to-month,DSL,"Bank transfer (automatic)",Loyal,Yes
6689-TCZHQ,Female,5,78.95,378.40,Month-to-month,"Fiber optic","Electronic check",New,Yes
8563-OYMQY,Male,17,90.95,1612.20,Month-to-month,"Fiber optic","Credit card (automatic)",Loyal,No
1951-IEYXM,Male,72,90.60,6441.85,"Two year",DSL,"Credit card (automatic)",Loyal,No
3318-NMQXL,Male,3,92.00,266.80,Month-to-month,"Fiber optic","Electronic check",New,No
3143-ILDAL,Male,56,94.45,5124.60,Month-to-month,"Fiber optic","Electronic check",Loyal,Yes
2361-FJWNO,Male,40,36.00,1382.90,"One year",DSL,"Credit card (automatic)",Loyal,No
2272-UOINI,Female,7,78.50,571.05,Month-to-month,DSL,"Electronic check",Mid,No
6637-KYRCV,Female,5,30.50,167.20,Month-to-month,DSL,"Electronic check",New,No
5668-MEISB,Female,72,106.10,7657.40,"Two year","Fiber optic","Credit card (automatic)",Loyal,No
7188-CBBBA,Female,65,95.50,6153.85,"One year","Fiber optic","Electronic check",Loyal,No
5356-CSVSQ,Female,3,64.60,174.20,Month-to-month,DSL,"Electronic check",New,No
3221-CJMSG,Male,24,51.10,1269.60,Month-to-month,DSL,"Credit card (automatic)",Loyal,No
4720-VSTSI,Female,44,84.80,3862.55,Month-to-month,"Fiber optic","Bank transfer (automatic)",Loyal,Yes
3219-JQRSL,Female,72,89.10,6352.40,"Two year",DSL,"Credit card (automatic)",Loyal,No
2801-NISEI,Male,24,54.95,1348.50,Month-to-month,DSL,"Electronic check",Loyal,No
3946-MHCZW,Male,1,50.90,50.90,Month-to-month,DSL,"Mailed check",New,Yes
6732-VAILE,Male,70,85.95,5931.75,"Two year",DSL,"Credit card (automatic)",Loyal,No
8201-AAXCB,Male,25,60.35,1404.65,Month-to-month,DSL,"Electronic check",Loyal,No
1845-CSBRZ,Female,22,85.35,1961.60,Month-to-month,"Fiber optic","Bank transfer (automatic)",Loyal,No
2123-VSCOT,Female,59,72.10,4194.85,"Two year",DSL,"Bank transfer (automatic)",Loyal,No
6651-AZVTJ,Male,49,99.80,4872.45,Month-to-month,"Fiber optic","Electronic check",Loyal,Yes
4566-GOLUK,Male,47,107.35,5118.95,Month-to-month,"Fiber optic","Bank transfer (automatic)",Loyal,Yes
2018-QKYGT,Male,1,81.05,81.05,Month-to-month,"Fiber optic","Electronic check",New,No
7409-JURKQ,Female,53,111.80,5809.75,"One year","Fiber optic","Bank transfer (automatic)",Loyal,No
4587-NUKOX,Female,3,79.10,246.50,Month-to-month,"Fiber optic","Electronic check",New,Yes
2239-CGBUZ,Female,51,60.50,3145.15,"One year",DSL,"Bank transfer (automatic)",Loyal,No
4890-VMUAV,Male,63,71.50,4576.30,"One year",DSL,"Electronic check",Loyal,No
9261-WDCAF,Male,3,54.65,189.10,Month-to-month,DSL,"Mailed check",New,No
7442-YGZFK,Male,1,49.80,49.80,Month-to-month,DSL,"Credit card (automatic)",New,No
0420-BWTPW,Male,8,25.50,215.20,Month-to-month,DSL,"Mailed check",Mid,Yes
7449-HVPIV,Male,55,90.40,5099.15,Month-to-month,"Fiber optic","Credit card (automatic)",Loyal,No
5504-WSIUR,Female,70,90.25,6385.95,"One year","Fiber optic","Bank transfer (automatic)",Loyal,No
8183-ONMXC,Female,2,80.75,159.45,Month-to-month,"Fiber optic","Electronic check",New,Yes
8466-PZBLH,Male,67,104.60,6885.75,"Two year","Fiber optic","Bank transfer (automatic)",Loyal,No
9614-RMGHA,Male,65,91.85,5940.85,Month-to-month,"Fiber optic","Bank transfer (automatic)",Loyal,Yes
8735-IJJEG,Male,14,50.20,668.85,Month-to-month,DSL,"Credit card (automatic)",Loyal,No
0564-MUUQK,Female,20,95.50,1916.20,Month-to-month,"Fiber optic","Bank transfer (automatic)",Loyal,No
5054-IEXZT,Male,1,75.35,75.35,Month-to-month,"Fiber optic","Electronic check",New,Yes
5834-ASPWA,Male,1,75.45,75.45,Month-to-month,"Fiber optic","Electronic check",New,Yes
0701-RFGFI,Female,49,95.40,4613.95,Month-to-month,"Fiber optic","Bank transfer (automatic)",Loyal,No
0019-EFAEP,Female,72,101.30,7261.25,"Two year","Fiber optic","Bank transfer (automatic)",Loyal,No
5619-PTMIK,Female,46,53.10,2459.80,Month-to-month,DSL,"Electronic check",Loyal,No
3737-XBQDD,Male,24,84.85,2048.80,Month-to-month,"Fiber optic","Bank transfer (automatic)",Loyal,No
5882-CMAZQ,Female,5,34.25,163.55,Month-to-month,DSL,"Electronic check",New,No
5846-QFDFI,Female,33,88.60,2888.70,Month-to-month,"Fiber optic","Credit card (automatic)",Loyal,No
4445-KWOKW,Female,42,60.15,2421.60,"One year",DSL,"Bank transfer (automatic)",Loyal,No
3511-APPBJ,Male,23,99.95,2292.75,"One year","Fiber optic","Credit card (automatic)",Loyal,No
7967-HYCDE,Male,8,70.70,553.40,Month-to-month,"Fiber optic","Bank transfer (automatic)",Mid,No
2430-RRYUW,Male,66,54.80,3465.70,"One year",DSL,"Mailed check",Loyal,No
3948-XHGNA,Male,24,49.55,1210.40,Month-to-month,DSL,"Bank transfer (automatic)",Loyal,Yes
3723-BFBGR,Male,24,54.80,1291.30,Month-to-month,DSL,"Credit card (automatic)",Loyal,No
0565-IYCGT,Male,69,78.60,5356.45,"One year",DSL,"Credit card (automatic)",Loyal,Yes
5447-WZAFP,Female,53,100.30,5200.80,"One year","Fiber optic","Mailed check",Loyal,No
5110-CHOPY,Female,60,53.60,3237.05,"Two year",DSL,"Electronic check",Loyal,No
5445-UTODQ,Female,7,81.10,576.65,Month-to-month,"Fiber optic","Electronic check",Mid,Yes
7892-QVYKW,Female,23,85.60,1868.40,Month-to-month,"Fiber optic","Electronic check",Loyal,No
9675-ICXCT,Male,72,80.80,5728.55,"Two year",DSL,"Electronic check",Loyal,No
1024-VRZHF,Male,11,74.95,825.70,Month-to-month,"Fiber optic","Electronic check",Mid,Yes
9497-QCMMS,Male,1,93.55,93.55,Month-to-month,"Fiber optic","Electronic check",New,Yes
5692-ICXLW,Male,31,90.70,2845.15,Month-to-month,"Fiber optic","Electronic check",Loyal,No
0602-DDUML,Female,57,69.75,3894.40,"Two year",DSL,"Mailed check",Loyal,No
1960-UYCNN,Male,10,95.25,1021.55,Month-to-month,"Fiber optic","Electronic check",Mid,No
0348-SDKOL,Female,58,102.10,5885.40,Month-to-month,"Fiber optic","Credit card (automatic)",Loyal,Yes
7336-RLLRH,Male,27,80.85,2204.35,"One year",DSL,"Mailed check",Loyal,No
4373-MAVJG,Female,14,90.90,1259.00,Month-to-month,"Fiber optic","Bank transfer (automatic)",Loyal,Yes
8901-HJXTF,Female,12,29.20,309.10,Month-to-month,DSL,"Mailed check",Mid,Yes
7710-JSYOA,Female,69,93.30,6398.05,"Two year","Fiber optic","Bank transfer (automatic)",Loyal,No
5419-KLXBN,Female,25,89.15,2257.75,Month-to-month,"Fiber optic","Bank transfer (automatic)",Loyal,Yes
3424-NMNBO,Male,58,108.85,6287.25,"One year","Fiber optic","Electronic check",Loyal,Yes
9885-MFVSU,Female,35,46.35,1662.05,"Two year",DSL,"Credit card (automatic)",Loyal,No
4514-GFCFI,Female,16,84.75,1350.15,Month-to-month,"Fiber optic","Electronic check",Loyal,Yes
0607-MVMGC,Male,45,78.75,3600.65,"One year",DSL,"Credit card (automatic)",Loyal,No
3365-SAIGS,Female,17,83.55,1329.15,Month-to-month,"Fiber optic","Electronic check",Loyal,No
9828-AOQLM,Female,1,45.70,45.70,Month-to-month,DSL,"Electronic check",New,Yes
8000-REIQB,Female,1,69.95,69.95,Month-to-month,"Fiber optic","Electronic check",New,Yes
9993-LHIEB,Male,67,67.85,4627.65,"Two year",DSL,"Mailed check",Loyal,No
0266-CLZKZ,Female,67,105.65,6717.90,"Two year","Fiber optic","Bank transfer (automatic)",Loyal,No
7615-ESMYF,Female,2,44.60,97.10,Month-to-month,DSL,"Electronic check",New,Yes
3858-VOBET,Male,23,74.95,1710.45,Month-to-month,"Fiber optic","Electronic check",Loyal,Yes
7020-OZKXZ,Female,9,75.50,637.40,Month-to-month,"Fiber optic","Credit card (automatic)",Mid,No
0017-DINOC,Male,54,45.20,2460.55,"Two year",DSL,"Credit card (automatic)",Loyal,No
1447-PJGGA,Female,57,95.25,5464.65,"Two year","Fiber optic","Electronic check",Loyal,Yes
8565-CLBZW,Male,24,89.85,2165.05,Month-to-month,"Fiber optic","Mailed check",Loyal,Yes
9139-WQQDY,Female,49,100.45,4941.80,"One year","Fiber optic","Mailed check",Loyal,Yes
0224-HJAPT,Male,5,47.15,223.15,Month-to-month,DSL,"Electronic check",New,Yes
8086-OVPWV,Male,2,80.20,181.10,Month-to-month,"Fiber optic","Electronic check",New,Yes
9430-FRQOC,Female,4,87.10,341.45,Month-to-month,"Fiber optic","Mailed check",New,Yes
7639-OPLNG,Male,70,79.25,5731.85,"Two year",DSL,"Bank transfer (automatic)",Loyal,No
3074-GQWYX,Male,5,75.90,357.75,Month-to-month,"Fiber optic","Bank transfer (automatic)",New,Yes
1492-QGCLU,Male,53,85.70,4616.10,Month-to-month,DSL,"Electronic check",Loyal,No
6845-RGTYS,Female,47,98.75,4533.70,Month-to-month,"Fiber optic","Electronic check",Loyal,Yes
4418-LZMSV,Male,13,61.80,750.10,Month-to-month,DSL,"Bank transfer (automatic)",Loyal,No
5155-AZQPB,Female,28,49.90,1410.25,Month-to-month,DSL,"Mailed check",Loyal,No
8861-HGGKB,Female,10,86.45,830.85,Month-to-month,"Fiber optic","Electronic check",Mid,Yes
7065-YUNRY,Female,1,45.30,45.30,Month-to-month,DSL,"Mailed check",New,Yes
7694-VLBWQ,Male,67,104.10,7040.85,"One year","Fiber optic","Electronic check",Loyal,Yes
2546-KZAAT,Male,52,75.40,3865.45,"One year",DSL,"Mailed check",Loyal,No
0181-RITDD,Male,62,108.15,6825.65,"Two year","Fiber optic","Mailed check",Loyal,No
5989-PGKJB,Female,16,86.25,1340.10,Month-to-month,"Fiber optic","Electronic check",Loyal,No
4795-KTRTH,Female,5,81.00,371.65,Month-to-month,"Fiber optic","Electronic check",New,Yes
8272-ONJLV,Male,12,95.70,1184.00,"One year","Fiber optic","Electronic check",Mid,No
1488-PBLJN,Female,72,116.85,8477.70,"Two year","Fiber optic","Bank transfer (automatic)",Loyal,No
0308-GIQJT,Male,71,105.75,7382.85,"One year","Fiber optic","Bank transfer (automatic)",Loyal,No
6481-OGDOO,Male,67,90.60,6056.15,"One year","Fiber optic","Credit card (automatic)",Loyal,Yes
3090-LETTY,Male,2,60.95,134.60,Month-to-month,DSL,"Bank transfer (automatic)",New,No
5349-AZPEW,Female,5,25.05,125.50,Month-to-month,DSL,"Mailed check",New,No
3753-TSEMP,Female,15,88.15,1390.60,Month-to-month,"Fiber optic","Electronic check",Loyal,Yes
9720-JJJOR,Male,41,60.30,2511.30,"One year",DSL,"Bank transfer (automatic)",Loyal,No
8100-HZZLJ,Female,43,63.95,2737.05,Month-to-month,DSL,"Electronic check",Loyal,No
8775-ERLNB,Male,1,74.30,74.30,Month-to-month,"Fiber optic","Electronic check",New,No
8309-IEYJD,Female,1,70.60,70.60,Month-to-month,"Fiber optic","Mailed check",New,No
9172-JITSM,Female,26,90.80,2361.80,Month-to-month,"Fiber optic","Electronic check",Loyal,Yes
6298-QDFNH,Male,22,79.35,1730.35,Month-to-month,"Fiber optic","Electronic check",Loyal,Yes
7398-HPYZQ,Male,71,90.55,6404.00,"Two year",DSL,"Bank transfer (automatic)",Loyal,No
7361-YPXFS,Female,28,64.45,1867.60,Month-to-month,DSL,"Bank transfer (automatic)",Loyal,No
6557-BZXLQ,Male,16,69.65,1043.30,Month-to-month,"Fiber optic","Electronic check",Loyal,No
7519-JTWQH,Female,69,110.50,7455.45,"Two year","Fiber optic","Bank transfer (automatic)",Loyal,No
2538-OIMXF,Female,1,24.70,24.70,Month-to-month,DSL,"Mailed check",New,No
8543-MSDMF,Male,3,77.40,206.15,Month-to-month,DSL,"Electronic check",New,No
9961-JBNMK,Male,21,96.80,2030.30,Month-to-month,"Fiber optic","Bank transfer (automatic)",Loyal,Yes
1170-SASML,Female,69,85.40,5869.40,Month-to-month,"Fiber optic","Bank transfer (automatic)",Loyal,No
4872-JCVCA,Female,71,47.60,3377.80,"Two year",DSL,"Bank transfer (automatic)",Loyal,No
2038-LLMLM,Female,48,103.85,4946.05,Month-to-month,"Fiber optic","Electronic check",Loyal,No
6173-ITPWD,Male,47,83.35,4065.00,Month-to-month,"Fiber optic","Bank transfer (automatic)",Loyal,Yes
9734-UYXQI,Female,2,49.40,106.55,Month-to-month,DSL,"Electronic check",New,Yes
1216-BGTSP,Male,45,108.45,4964.70,Month-to-month,"Fiber optic","Credit card (automatic)",Loyal,No
4138-NAXED,Male,51,81.00,4085.75,Month-to-month,"Fiber optic","Bank transfer (automatic)",Loyal,No
2189-UXTKY,Female,22,79.20,1742.75,Month-to-month,DSL,"Electronic check",Loyal,Yes
0744-BIKKF,Male,72,86.65,6224.80,"Two year",DSL,"Bank transfer (automatic)",Loyal,No
7483-IQWIB,Male,37,92.95,3415.25,Month-to-month,"Fiber optic","Electronic check",Loyal,No
5248-KWLAR,Male,71,90.35,6325.25,"Two year",DSL,"Electronic check",Loyal,No
4958-GZWIY,Male,7,48.70,340.25,Month-to-month,DSL,"Electronic check",Mid,Yes
7833-PKIHD,Male,51,76.40,3966.30,"One year",DSL,"Bank transfer (automatic)",Loyal,No
5153-RTHKF,Female,34,85.35,2896.60,Month-to-month,"Fiber optic","Electronic check",Loyal,No
4832-VRBMR,Male,65,103.15,6792.45,"One year","Fiber optic","Bank transfer (automatic)",Loyal,No
9079-LWTFD,Male,47,100.75,4669.20,Month-to-month,"Fiber optic","Mailed check",Loyal,No
6356-ELRKD,Female,1,95.60,95.60,Month-to-month,"Fiber optic","Electronic check",New,Yes
8624-GIOUT,Female,49,59.75,2934.30,Month-to-month,DSL,"Credit card (automatic)",Loyal,Yes
3392-EHMNK,Female,67,94.10,6302.80,"Two year","Fiber optic","Credit card (automatic)",Loyal,No
6179-GJPSO,Female,43,108.15,4600.70,Month-to-month,"Fiber optic","Credit card (automatic)",Loyal,Yes
7901-TBKJX,Male,56,101.05,5594.00,Month-to-month,"Fiber optic","Electronic check",Loyal,No
7228-PAQPD,Female,14,59.10,772.85,"One year",DSL,"Credit card (automatic)",Loyal,No
3177-LASXD,Female,1,71.35,71.35,Month-to-month,"Fiber optic","Electronic check",New,Yes
7746-QYVCO,Male,16,55.85,857.80,"One year",DSL,"Mailed check",Loyal,No
5804-HYIEZ,Male,70,106.05,7554.05,Month-to-month,"Fiber optic","Electronic check",Loyal,No
9919-FZDED,Male,72,84.10,5981.65,"Two year",DSL,"Credit card (automatic)",Loyal,No
5934-TSSAU,Female,23,75.30,1702.90,Month-to-month,"Fiber optic","Credit card (automatic)",Loyal,No
1084-UQCHV,Male,1,69.75,69.75,Month-to-month,"Fiber optic","Bank transfer (automatic)",New,Yes
8290-YWKHZ,Female,32,93.20,2931.00,Month-to-month,"Fiber optic","Electronic check",Loyal,Yes
2955-BJZHG,Male,17,80.85,1400.85,Month-to-month,"Fiber optic","Electronic check",Loyal,Yes
3806-DXQOM,Female,4,33.65,137.85,Month-to-month,DSL,"Electronic check",New,Yes
6784-XYJAE,Female,36,55.80,1941.50,"One year",DSL,"Electronic check",Loyal,No
3933-DQPWX,Female,50,39.70,1932.75,"Two year",DSL,"Credit card (automatic)",Loyal,No
6661-EIPZC,Female,48,29.50,1423.05,Month-to-month,DSL,"Credit card (automatic)",Loyal,No
2251-PYLPB,Male,72,79.55,5810.90,"Two year",DSL,"Credit card (automatic)",Loyal,No
9300-RENDD,Male,1,79.95,79.95,Month-to-month,"Fiber optic","Electronic check",New,Yes
8087-LGYHQ,Male,9,94.05,811.65,Month-to-month,"Fiber optic","Electronic check",Mid,No
4137-BTIKL,Male,2,90.75,174.75,Month-to-month,"Fiber optic","Mailed check",New,No
2190-BCXEC,Female,40,78.85,3126.85,Month-to-month,"Fiber optic","Credit card (automatic)",Loyal,No
6227-FBDXH,Male,69,99.50,6841.45,"One year","Fiber optic","Bank transfer (automatic)",Loyal,No
2153-MREFK,Female,37,99.20,3754.60,"One year","Fiber optic","Electronic check",Loyal,Yes
2911-WDXMV,Male,18,80.55,1406.65,Month-to-month,"Fiber optic","Credit card (automatic)",Loyal,No
7206-PQBBZ,Male,11,70.20,834.70,Month-to-month,"Fiber optic","Electronic check",Mid,No
3106-ULWFW,Female,8,85.20,627.40,Month-to-month,"Fiber optic","Credit card (automatic)",Mid,Yes
0925-VYDLG,Female,3,75.25,242.00,Month-to-month,"Fiber optic","Electronic check",New,Yes
4547-FZJWE,Male,55,59.45,3157.00,"One year",DSL,"Credit card (automatic)",Loyal,No
7422-WNBTY,Male,33,93.35,3092.00,Month-to-month,"Fiber optic","Electronic check",Loyal,No
0842-IWYCP,Female,46,44.95,2168.90,Month-to-month,DSL,"Bank transfer (automatic)",Loyal,No
8383-SGHJU,Female,33,59.40,1952.80,"One year",DSL,"Electronic check",Loyal,No
7607-QKKTJ,Male,45,95.00,4368.85,"One year","Fiber optic","Credit card (automatic)",Loyal,No
7707-PYBBH,Male,40,61.90,2647.10,Month-to-month,DSL,"Mailed check",Loyal,No
8984-HPEMB,Female,71,118.65,8477.60,"Two year","Fiber optic","Electronic check",Loyal,No
4349-GFQHK,Male,1,54.35,54.35,Month-to-month,DSL,"Electronic check",New,Yes
4139-DETXS,Female,72,64.45,4528.00,"Two year",DSL,"Bank transfer (automatic)",Loyal,No
9779-DPNEJ,Female,22,80.15,1790.65,Month-to-month,"Fiber optic","Electronic check",Loyal,No
4123-FCVCB,Female,12,75.85,854.45,"One year",DSL,"Mailed check",Mid,No
8819-IMISP,Male,31,80.45,2429.10,Month-to-month,"Fiber optic","Electronic check",Loyal,No
7802-EFKNY,Male,5,24.95,100.40,Month-to-month,DSL,"Electronic check",New,Yes
8311-UEUAB,Female,67,75.50,5229.45,"Two year",DSL,"Electronic check",Loyal,No
5858-EAFCZ,Male,1,44.45,44.45,Month-to-month,DSL,"Mailed check",New,No
8035-BUYVG,Male,40,42.35,1716.45,"One year",DSL,"Electronic check",Loyal,Yes
1163-ONYEY,Male,41,74.55,3023.55,Month-to-month,DSL,"Credit card (automatic)",Loyal,No
9787-XVQIU,Male,1,75.30,75.30,Month-to-month,"Fiber optic","Electronic check",New,Yes
8945-MUQUF,Male,51,94.80,4837.60,"One year","Fiber optic","Electronic check",Loyal,Yes
5656-MJEFC,Male,42,48.15,2032.30,"Two year",DSL,"Credit card (automatic)",Loyal,No
8051-HJRLT,Female,1,70.55,70.55,Month-to-month,"Fiber optic","Electronic check",New,Yes
4010-YLMVT,Female,56,106.60,5893.95,Month-to-month,"Fiber optic","Credit card (automatic)",Loyal,No
1379-FRVEB,Male,15,91.00,1430.05,Month-to-month,"Fiber optic","Electronic check",Loyal,No
6288-CHQJB,Female,54,69.95,3871.85,"Two year",DSL,"Bank transfer (automatic)",Loyal,No
8160-HOWOX,Female,7,66.85,458.10,Month-to-month,DSL,"Electronic check",Mid,No
3023-GFLBR,Female,33,86.15,2745.70,Month-to-month,"Fiber optic","Credit card (automatic)",Loyal,Yes
4223-BKEOR,Female,21,64.85,1336.80,"One year",DSL,"Mailed check",Loyal,No
4079-VTGLK,Male,30,74.85,2181.75,"Two year",DSL,"Electronic check",Loyal,No
1763-WQFUK,Male,3,50.50,147.75,Month-to-month,DSL,"Mailed check",New,No
1391-UBDAR,Male,11,72.90,818.45,Month-to-month,"Fiber optic","Electronic check",Mid,No
8894-JVDCV,Female,62,115.05,7133.45,"One year","Fiber optic","Credit card (automatic)",Loyal,No
2014-MKGMH,Female,46,101.10,4674.40,"One year","Fiber optic","Electronic check",Loyal,No
5628-FCGYG,Male,21,84.10,1737.45,Month-to-month,"Fiber optic","Electronic check",Loyal,No
0248-IPDFW,Female,1,50.10,50.10,Month-to-month,DSL,"Electronic check",New,No
7978-DKUQH,Female,25,74.60,1797.75,Month-to-month,"Fiber optic","Electronic check",Loyal,No
0524-IAVZO,Female,30,85.00,2624.25,Month-to-month,"Fiber optic","Electronic check",Loyal,Yes
2737-YNGYW,Female,2,80.55,184.10,Month-to-month,"Fiber optic","Electronic check",New,Yes
1784-EZDKJ,Male,51,106.80,5498.80,"One year","Fiber optic","Bank transfer (automatic)",Loyal,No
9297-FVVDH,Female,57,84.50,4845.40,"Two year",DSL,"Electronic check",Loyal,No
7101-HRBLJ,Female,72,83.70,6096.90,"Two year",DSL,"Bank transfer (automatic)",Loyal,No
5159-YFPKQ,Female,2,75.80,160.75,Month-to-month,"Fiber optic","Electronic check",New,Yes
6635-CPNUN,Male,28,96.60,2684.35,Month-to-month,"Fiber optic","Credit card (automatic)",Loyal,No
4021-RQSNY,Male,29,98.50,3004.15,Month-to-month,"Fiber optic","Electronic check",Loyal,Yes
5453-YBTWV,Male,70,101.10,6994.80,"Two year","Fiber optic","Credit card (automatic)",Loyal,No
2931-VUVJN,Female,59,94.05,5483.90,"One year","Fiber optic","Electronic check",Loyal,No
9061-TIHDA,Male,13,95.25,1233.65,Month-to-month,"Fiber optic","Electronic check",Loyal,Yes
8699-ASUFO,Male,7,74.40,527.90,Month-to-month,"Fiber optic","Mailed check",Mid,Yes
6418-PIQSP,Female,62,81.00,4985.90,"Two year",DSL,"Mailed check",Loyal,No
8220-OCUFY,Female,21,60.25,1258.35,"One year",DSL,"Electronic check",Loyal,No
3995-WFCSM,Female,2,60.85,111.40,Month-to-month,DSL,"Electronic check",New,No
1895-QTKDO,Female,1,43.95,43.95,Month-to-month,DSL,"Credit card (automatic)",New,No
2038-OEQZH,Male,4,86.05,308.10,Month-to-month,"Fiber optic","Electronic check",New,No
7927-AUXBZ,Female,30,85.15,2555.90,Month-to-month,"Fiber optic","Electronic check",Loyal,Yes
2878-RMWXY,Male,72,102.65,7550.30,"Two year","Fiber optic","Credit card (automatic)",Loyal,No
7375-WMVMT,Male,71,95.50,6707.15,"Two year","Fiber optic","Credit card (automatic)",Loyal,No
1136-XGEQU,Female,50,84.15,4164.40,"One year",DSL,"Credit card (automatic)",Loyal,No
2530-FMFXO,Male,56,103.20,5873.75,"Two year","Fiber optic","Electronic check",Loyal,No
6844-DZKRF,Male,2,50.20,109.25,Month-to-month,DSL,"Credit card (automatic)",New,No
4695-WJZUE,Female,2,88.55,179.25,Month-to-month,"Fiber optic","Electronic check",New,Yes
7619-ODSGN,Male,24,54.75,1338.15,Month-to-month,DSL,"Electronic check",Loyal,Yes
8879-XUAHX,Male,71,116.25,8564.75,"Two year","Fiber optic","Electronic check",Loyal,No
3689-MOZGR,Female,29,31.20,926.20,Month-to-month,DSL,"Electronic check",Loyal,No
5003-XZWWO,Male,71,84.20,5956.85,"Two year",DSL,"Credit card (automatic)",Loyal,No
3988-RQIXO,Female,1,91.30,91.30,Month-to-month,"Fiber optic","Electronic check",New,Yes
7622-FWGEW,Male,56,85.65,4824.45,"Two year",DSL,"Bank transfer (automatic)",Loyal,No
2514-GINMM,Male,1,79.50,79.50,Month-to-month,"Fiber optic","Electronic check",New,Yes
8548-AWOFC,Male,66,63.85,4264.60,Month-to-month,DSL,"Electronic check",Loyal,No
9798-DRYDS,Female,17,61.95,1070.70,"One year",DSL,"Mailed check",Loyal,No
6296-DDOOR,Female,19,58.20,1045.25,"One year",DSL,"Electronic check",Loyal,No
7951-VRDVK,Female,36,85.85,3003.55,"One year",DSL,"Bank transfer (automatic)",Loyal,No
5931-FLJJF,Male,7,70.10,467.55,Month-to-month,"Fiber optic","Mailed check",Mid,Yes
4815-YOSUK,Male,72,104.90,7537.50,"One year","Fiber optic","Credit card (automatic)",Loyal,No
2659-VXMWZ,Male,67,111.30,7482.10,"One year","Fiber optic","Electronic check",Loyal,Yes
0380-NEAVX,Male,34,99.85,3343.15,"One year","Fiber optic","Electronic check",Loyal,No
3207-OYBWH,Male,57,95.25,5427.05,Month-to-month,"Fiber optic","Bank transfer (automatic)",Loyal,Yes
4285-GYRQC,Female,7,86.25,587.10,Month-to-month,"Fiber optic","Electronic check",Mid,Yes
7216-EWTRS,Female,1,100.80,100.80,Month-to-month,"Fiber optic","Electronic check",New,Yes
7036-TYDEC,Female,69,104.00,7028.50,"Two year","Fiber optic","Electronic check",Loyal,No
5802-ADBRC,Female,50,104.40,5232.90,"One year","Fiber optic","Mailed check",Loyal,No
8337-MSSXB,Female,14,86.30,1180.95,Month-to-month,"Fiber optic","Electronic check",Loyal,Yes
4312-GVYNH,Female,70,49.85,3370.20,"Two year",DSL,"Bank transfer (automatic)",Loyal,No
8495-LJDFO,Female,64,108.95,7111.30,Month-to-month,"Fiber optic","Bank transfer (automatic)",Loyal,No
0839-JTCUD,Female,66,89.90,5958.85,"Two year",DSL,"Credit card (automatic)",Loyal,No
5494-WOZRZ,Female,71,82.00,5999.85,"Two year",DSL,"Credit card (automatic)",Loyal,No
1302-UHBDD,Male,20,89.95,1648.45,Month-to-month,"Fiber optic","Electronic check",Loyal,No
2234-EOFPT,Male,72,79.35,5753.25,"Two year",DSL,"Bank transfer (automatic)",Loyal,No
8619-IJNDK,Female,71,64.05,4492.90,"Two year",DSL,"Credit card (automatic)",Loyal,No
8378-LKJAF,Male,38,101.15,3956.70,Month-to-month,"Fiber optic","Credit card (automatic)",Loyal,No
8182-BJDSI,Female,28,89.95,2625.55,Month-to-month,"Fiber optic","Electronic check",Loyal,Yes
2528-HFYZX,Male,17,76.45,1233.40,Month-to-month,"Fiber optic","Electronic check",Loyal,Yes
1153-GNOLC,Male,33,39.10,1309.00,"One year",DSL,"Electronic check",Loyal,No
3298-QEICA,Female,23,34.60,813.45,"Two year",DSL,"Mailed check",Loyal,No
3597-YASZG,Female,70,104.45,7349.35,"Two year","Fiber optic","Bank transfer (automatic)",Loyal,No
3496-LFSZU,Male,4,70.50,294.20,Month-to-month,"Fiber optic","Electronic check",New,No
2482-CZGBB,Male,10,70.00,740.00,Month-to-month,"Fiber optic","Electronic check",Mid,Yes
8097-VBQTZ,Male,54,69.90,3883.30,Month-to-month,DSL,"Mailed check",Loyal,No
4500-HKANN,Male,23,59.70,1414.20,"Two year",DSL,"Mailed check",Loyal,No
9917-KWRBE,Female,41,78.35,3211.20,"One year",DSL,"Credit card (automatic)",Loyal,No
3420-ZDBMA,Male,5,71.45,371.60,Month-to-month,"Fiber optic","Mailed check",New,No
2212-LYASK,Male,27,45.85,1246.40,"One year",DSL,"Credit card (automatic)",Loyal,No
1393-IMKZG,Female,1,95.85,95.85,Month-to-month,"Fiber optic","Electronic check",New,No
8069-RHUXK,Female,67,35.70,2545.70,"Two year",DSL,"Credit card (automatic)",Loyal,No
3398-GCPMU,Female,72,89.55,6448.85,"Two year",DSL,"Credit card (automatic)",Loyal,No
1013-QCWAM,Female,66,100.80,6690.75,Month-to-month,"Fiber optic","Electronic check",Loyal,No
0866-QLSIR,Female,34,64.40,2088.75,"One year",DSL,"Mailed check",Loyal,Yes
6050-FFXES,Female,69,105.35,7240.65,"Two year","Fiber optic","Bank transfer (automatic)",Loyal,No
7181-BQYBV,Female,1,102.45,102.45,Month-to-month,"Fiber optic","Electronic check",New,Yes
9554-DFKIC,Male,30,54.45,1588.70,Month-to-month,DSL,"Bank transfer (automatic)",Loyal,No
5527-ACHSO,Female,11,70.50,829.30,Month-to-month,DSL,"Mailed check",Mid,No
1399-UBQIU,Male,11,69.35,712.25,Month-to-month,DSL,"Electronic check",Mid,No
0336-PIKEI,Male,72,74.40,5360.75,"Two year",DSL,"Bank transfer (automatic)",Loyal,No
7322-OCWHC,Male,72,93.05,6735.05,"Two year","Fiber optic","Bank transfer (automatic)",Loyal,No
9537-VHDTA,Female,1,51.20,51.20,Month-to-month,DSL,"Mailed check",New,No
4957-TIALW,Female,15,65.60,1010.00,"One year",DSL,"Credit card (automatic)",Loyal,No
2054-PJOCK,Female,60,80.55,4847.05,"One year",DSL,"Credit card (automatic)",Loyal,No
9150-HEPMB,Male,56,52.70,3019.70,"One year",DSL,"Mailed check",Loyal,No
6204-IEUXJ,Female,3,80.10,217.55,Month-to-month,"Fiber optic","Credit card (automatic)",New,Yes
3126-WQMGH,Female,49,52.15,2583.75,Month-to-month,DSL,"Credit card (automatic)",Loyal,No
4529-CKBCL,Female,2,80.20,146.05,Month-to-month,"Fiber optic","Electronic check",New,Yes
2506-CLAKW,Female,6,98.15,567.45,Month-to-month,"Fiber optic","Bank transfer (automatic)",New,Yes
7176-WRTNX,Male,70,114.95,7711.25,"Two year","Fiber optic","Bank transfer (automatic)",Loyal,No
1583-IHQZE,Male,12,112.95,1384.75,Month-to-month,"Fiber optic","Mailed check",Mid,Yes
5732-IKGQH,Male,52,104.45,5481.25,"One year","Fiber optic","Bank transfer (automatic)",Loyal,No
9239-GZHZE,Female,72,113.65,8124.20,"Two year","Fiber optic","Credit card (automatic)",Loyal,No
0151-ONTOV,Female,1,70.90,70.90,Month-to-month,"Fiber optic","Mailed check",New,Yes
4140-MUHUG,Female,3,86.85,220.95,Month-to-month,"Fiber optic","Electronic check",New,Yes
0093-EXYQL,Female,40,91.55,3673.60,Month-to-month,"Fiber optic","Electronic check",Loyal,No
8064-RAVOH,Male,1,49.85,49.85,Month-to-month,DSL,"Electronic check",New,No
0320-JDNQG,Male,23,99.85,2331.30,Month-to-month,"Fiber optic","Electronic check",Loyal,Yes
7180-PISOG,Male,1,74.50,74.50,Month-to-month,"Fiber optic","Electronic check",New,Yes
9168-INPSZ,Female,44,104.15,4495.65,Month-to-month,"Fiber optic","Electronic check",Loyal,No
3571-RFHAR,Male,65,109.15,6941.20,Month-to-month,"Fiber optic","Electronic check",Loyal,Yes
0015-UOCOJ,Female,7,48.20,340.35,Month-to-month,DSL,"Electronic check",Mid,No
2754-SDJRD,Female,8,100.15,908.55,Month-to-month,"Fiber optic","Credit card (automatic)",Mid,No
9578-VRMNM,Female,16,65.20,1043.35,Month-to-month,DSL,"Credit card (automatic)",Loyal,Yes
1587-FKLZB,Male,66,99.50,6822.15,Month-to-month,"Fiber optic","Credit card (automatic)",Loyal,Yes
6140-QNRQQ,Male,1,71.55,71.55,Month-to-month,"Fiber optic","Mailed check",New,Yes
8963-JLGJT,Male,3,55.90,157.55,Month-to-month,DSL,"Mailed check",New,No
4307-KTUMW,Male,53,93.90,5029.20,Month-to-month,"Fiber optic","Electronic check",Loyal,Yes
1465-LNTLJ,Male,8,64.40,581.70,Month-to-month,DSL,"Credit card (automatic)",Mid,No
5440-FLBQG,Male,69,108.40,7318.20,"Two year","Fiber optic","Bank transfer (automatic)",Loyal,Yes
2135-DQWAQ,Female,5,85.30,420.45,Month-to-month,"Fiber optic","Mailed check",New,No
4056-QHXHZ,Female,72,107.45,7576.70,"Two year","Fiber optic","Mailed check",Loyal,No
7470-MCQTK,Female,13,48.75,633.40,Month-to-month,DSL,"Bank transfer (automatic)",Loyal,Yes
7488-MXJIV,Female,4,85.65,321.65,Month-to-month,"Fiber optic","Electronic check",New,Yes
7401-JIXNM,Female,54,91.30,4965.00,"Two year",DSL,"Credit card (automatic)",Loyal,No
9339-FIIJL,Male,72,85.95,6151.90,"Two year",DSL,"Bank transfer (automatic)",Loyal,No
2027-FECZV,Male,12,106.70,1253.90,Month-to-month,"Fiber optic","Electronic check",Mid,Yes
2672-DZUOY,Male,1,25.15,25.15,Month-to-month,DSL,"Electronic check",New,Yes
4706-DGAHW,Male,1,45.20,45.20,Month-to-month,DSL,"Electronic check",New,No
3870-MQAMG,Female,54,110.35,5893.15,"One year","Fiber optic","Electronic check",Loyal,Yes
6670-MFRPK,Male,69,79.20,5420.65,"Two year","Fiber optic","Credit card (automatic)",Loyal,No
6177-PEVRA,Female,48,55.50,2627.35,"Two year",DSL,"Credit card (automatic)",Loyal,No
4800-CZMPC,Female,48,103.25,5037.55,"One year","Fiber optic","Credit card (automatic)",Loyal,Yes
4813-HQMGZ,Female,8,90.25,743.75,Month-to-month,"Fiber optic","Electronic check",Mid,No
7579-KKLOE,Male,71,91.25,6589.60,"Two year",DSL,"Mailed check",Loyal,No
7377-DMMRI,Male,2,47.80,92.45,Month-to-month,DSL,"Electronic check",New,Yes
8402-EIVQS,Male,67,100.90,6733.15,"One year","Fiber optic","Credit card (automatic)",Loyal,No
4947-DSMXK,Male,34,97.70,3410.00,Month-to-month,"Fiber optic","Bank transfer (automatic)",Loyal,No
7245-NIIWQ,Female,3,69.85,199.85,Month-to-month,"Fiber optic","Electronic check",New,No
0002-ORFBO,Female,9,65.60,593.30,"One year",DSL,"Mailed check",Mid,No
3324-OIRTO,Male,71,104.65,7288.40,"One year","Fiber optic","Bank transfer (automatic)",Loyal,No
5414-OFQCB,Male,57,90.45,5229.80,"Two year","Fiber optic","Credit card (automatic)",Loyal,No
4967-WPNCF,Male,72,63.70,4464.80,"Two year",DSL,"Bank transfer (automatic)",Loyal,No
8552-OBVRU,Female,48,104.50,5068.05,Month-to-month,"Fiber optic","Electronic check",Loyal,No
9154-QDGTH,Male,43,104.30,4451.85,"One year","Fiber optic","Credit card (automatic)",Loyal,No
8197-BFWVU,Female,72,93.25,6688.95,"Two year",DSL,"Bank transfer (automatic)",Loyal,No
2577-GVSIL,Male,35,73.45,2661.10,"One year",DSL,"Bank transfer (automatic)",Loyal,No
6463-HHXJR,Female,71,100.50,7030.65,"Two year","Fiber optic","Bank transfer (automatic)",Loyal,No
7928-VJYAB,Male,11,90.60,1020.20,Month-to-month,"Fiber optic","Electronic check",Mid,No
1187-WILMM,Male,63,89.40,5597.65,"Two year",DSL,"Credit card (automatic)",Loyal,No
9776-OJUZI,Female,65,95.45,6223.30,Month-to-month,"Fiber optic","Bank transfer (automatic)",Loyal,No
8949-JTMAY,Female,29,98.60,2933.20,Month-to-month,"Fiber optic","Credit card (automatic)",Loyal,Yes
2774-LVQUS,Female,15,83.05,1258.30,Month-to-month,"Fiber optic","Electronic check",Loyal,Yes
2266-SJNAT,Female,72,109.15,7789.60,"One year","Fiber optic","Credit card (automatic)",Loyal,No
0869-PAPRP,Female,26,85.70,2067.00,Month-to-month,"Fiber optic","Credit card (automatic)",Loyal,No
4238-JSSWH,Female,35,102.05,3452.55,Month-to-month,"Fiber optic","Bank transfer (automatic)",Loyal,No
2972-YDYUW,Female,57,94.70,5468.95,"One year","Fiber optic","Electronic check",Loyal,No
1104-FEJAM,Male,28,64.40,1802.15,Month-to-month,DSL,"Electronic check",Loyal,No
5499-ECUTN,Female,47,66.05,3021.45,"One year",DSL,"Credit card (automatic)",Loyal,No
4981-FLTMF,Female,57,65.20,3687.85,Month-to-month,DSL,"Bank transfer (automatic)",Loyal,No
9121-PHQSR,Male,16,85.05,1391.15,Month-to-month,"Fiber optic","Credit card (automatic)",Loyal,No
3113-IWHLC,Male,5,55.80,274.35,Month-to-month,DSL,"Mailed check",New,No
3211-ILJTT,Male,17,70.40,1214.05,Month-to-month,"Fiber optic","Bank transfer (automatic)",Loyal,Yes
4612-THJBS,Female,56,104.75,5510.65,"One year","Fiber optic","Bank transfer (automatic)",Loyal,Yes
4094-NSEDU,Female,21,94.25,1973.75,Month-to-month,"Fiber optic","Electronic check",Loyal,Yes
0234-TEVTT,Female,48,45.00,2196.30,"One year",DSL,"Credit card (automatic)",Loyal,No
4304-TSPVK,Female,68,114.90,7843.55,"Two year","Fiber optic","Bank transfer (automatic)",Loyal,No
1552-AAGRX,Female,30,106.40,3211.90,Month-to-month,"Fiber optic","Bank transfer (automatic)",Loyal,No
2637-FKFSY,Female,3,46.10,130.15,Month-to-month,DSL,"Mailed check",New,No
9796-MVYXX,Female,14,39.70,692.35,"Two year",DSL,"Mailed check",Loyal,No
0020-INWCK,Female,71,95.75,6849.40,"Two year","Fiber optic","Credit card (automatic)",Loyal,No
2683-JXWQQ,Male,61,33.60,2117.20,Month-to-month,DSL,"Bank transfer (automatic)",Loyal,No
9548-ZMVTX,Male,72,90.45,6565.85,"Two year","Fiber optic","Bank transfer (automatic)",Loyal,No
8739-XNIKG,Female,5,84.00,424.75,Month-to-month,"Fiber optic","Electronic check",New,No
9755-JHNMN,Female,49,67.40,3306.85,"Two year",DSL,"Bank transfer (automatic)",Loyal,No
2789-HQBOU,Male,3,80.35,253.80,Month-to-month,"Fiber optic","Electronic check",New,No
5067-WJEUN,Male,67,54.20,3838.20,"Two year",DSL,"Bank transfer (automatic)",Loyal,No
3450-WXOAT,Male,46,45.20,2065.15,Month-to-month,DSL,"Credit card (automatic)",Loyal,No
9251-WNSOD,Female,67,75.10,5064.45,"One year",DSL,"Mailed check",Loyal,No
2616-UUTFK,Male,33,72.75,2447.45,Month-to-month,DSL,"Bank transfer (automatic)",Loyal,No
5103-MHMHY,Female,1,45.95,45.95,Month-to-month,DSL,"Mailed check",New,Yes
7989-AWGEH,Male,49,39.20,1838.15,Month-to-month,DSL,"Electronic check",Loyal,No
4373-VVHQL,Male,1,44.75,44.75,Month-to-month,DSL,"Electronic check",New,No
4559-UWIHT,Male,14,82.65,1185.00,Month-to-month,"Fiber optic","Electronic check",Loyal,No
7268-IGMFD,Male,18,93.90,1743.90,Month-to-month,"Fiber optic","Bank transfer (automatic)",Loyal,No
1846-XWOQN,Female,1,70.15,70.15,Month-to-month,"Fiber optic","Electronic check",New,Yes
0235-KGSLC,Female,1,85.55,85.55,Month-to-month,"Fiber optic","Credit card (automatic)",New,Yes
6650-BWFRT,Female,72,117.15,8529.50,"Two year","Fiber optic","Credit card (automatic)",Loyal,No
9570-KYEUA,Male,64,99.25,6549.45,"Two year","Fiber optic","Credit card (automatic)",Loyal,No
6993-YGFJV,Male,69,112.55,7806.50,"Two year","Fiber optic","Bank transfer (automatic)",Loyal,No
0730-BGQGF,Male,71,90.30,6287.30,"Two year",DSL,"Credit card (automatic)",Loyal,No
5498-IBWPI,Female,66,49.40,3251.85,"One year",DSL,"Credit card (automatic)",Loyal,No
0013-SMEOE,Female,71,109.70,7904.25,"Two year","Fiber optic","Bank transfer (automatic)",Loyal,No
9314-QDMDW,Male,11,61.25,729.95,"One year",DSL,"Electronic check",Mid,No
9308-ANMVE,Male,47,55.30,2654.05,Month-to-month,DSL,"Electronic check",Loyal,No
2884-GBPFB,Female,35,70.30,2416.55,Month-to-month,"Fiber optic","Electronic check",Loyal,Yes
3757-NJYBX,Male,32,106.35,3520.75,Month-to-month,"Fiber optic","Bank transfer (automatic)",Loyal,Yes
3413-DHLPB,Male,60,103.75,5969.95,Month-to-month,"Fiber optic","Bank transfer (automatic)",Loyal,No
6114-TCFID,Female,29,39.50,1082.75,"One year",DSL,"Credit card (automatic)",Loyal,No
3787-TRIAL,Male,21,26.05,565.75,Month-to-month,DSL,"Electronic check",Loyal,No
2573-GYRUU,Male,48,91.05,4370.75,Month-to-month,"Fiber optic","Credit card (automatic)",Loyal,No
5156-UMKOW,Female,3,29.65,90.05,Month-to-month,DSL,"Mailed check",New,No
1247-QBVSH,Female,43,50.20,2169.40,Month-to-month,DSL,"Mailed check",Loyal,No
6734-GMPVK,Male,5,105.30,550.60,Month-to-month,"Fiber optic","Electronic check",New,No
9822-OAOVB,Female,1,55.45,55.45,Month-to-month,DSL,"Electronic check",New,No
6161-ERDGD,Male,71,85.45,6300.85,"One year",DSL,"Electronic check",Loyal,No
7318-EIVKO,Male,8,59.25,436.60,Month-to-month,DSL,"Electronic check",Mid,No
3771-PZOBW,Male,20,90.70,1781.35,Month-to-month,"Fiber optic","Credit card (automatic)",Loyal,No
5136-KCKGI,Female,33,103.70,3467.00,"One year","Fiber optic","Mailed check",Loyal,Yes
8231-BSWXX,Male,71,79.05,5552.50,"One year","Fiber optic","Credit card (automatic)",Loyal,No
6486-LHTMA,Female,31,90.70,2835.50,"One year","Fiber optic","Electronic check",Loyal,No
4083-BFNYK,Female,38,95.00,3591.25,"One year","Fiber optic","Credit card (automatic)",Loyal,No
3722-WPXTK,Male,1,88.35,88.35,Month-to-month,"Fiber optic","Electronic check",New,Yes
7389-KBFIT,Female,2,30.25,63.75,Month-to-month,DSL,"Mailed check",New,No
7176-WIONM,Female,12,49.85,617.15,Month-to-month,DSL,"Bank transfer (automatic)",Mid,No
5141-ZUVBH,Female,9,93.00,870.25,Month-to-month,"Fiber optic","Bank transfer (automatic)",Mid,No
1089-HDMKP,Male,11,54.55,601.25,Month-to-month,DSL,"Electronic check",Mid,No
0310-SUCIN,Female,71,84.80,6046.10,"One year",DSL,"Bank transfer (automatic)",Loyal,No
5197-PYEPU,Female,42,94.45,3923.80,"One year","Fiber optic","Credit card (automatic)",Loyal,No
2929-ERCFZ,Female,8,94.20,777.30,Month-to-month,"Fiber optic","Electronic check",Mid,Yes
7548-SEPYI,Female,5,96.25,512.45,Month-to-month,"Fiber optic","Electronic check",New,Yes
8835-VSDSE,Female,2,70.70,141.45,Month-to-month,"Fiber optic","Electronic check",New,Yes
3275-RHRNE,Male,28,60.00,1682.05,"One year",DSL,"Credit card (automatic)",Loyal,No
3503-TYDAY,Female,43,80.45,3398.90,Month-to-month,"Fiber optic","Electronic check",Loyal,No
6901-GOGZG,Male,60,84.95,4984.85,"Two year",DSL,"Electronic check",Loyal,No
1623-NLDOT,Female,42,33.55,1445.30,"One year",DSL,"Mailed check",Loyal,Yes
7021-XSNYE,Male,7,49.65,305.55,"Two year",DSL,"Credit card (automatic)",Mid,No
9898-KZQDZ,Female,40,94.55,3640.45,Month-to-month,"Fiber optic","Credit card (automatic)",Loyal,Yes
8982-NHAVY,Male,27,100.50,2673.45,"One year","Fiber optic","Bank transfer (automatic)",Loyal,No
4307-KWMXE,Male,10,35.75,389.80,Month-to-month,DSL,"Electronic check",Mid,No
0141-YEAYS,Female,27,86.45,2401.05,Month-to-month,"Fiber optic","Bank transfer (automatic)",Loyal,No
2450-ZKEED,Female,11,53.80,651.55,"One year",DSL,"Bank transfer (automatic)",Mid,No
3694-DELSO,Male,4,38.55,156.10,Month-to-month,DSL,"Credit card (automatic)",New,No
3893-JRNFS,Male,68,39.90,2796.35,Month-to-month,DSL,"Bank transfer (automatic)",Loyal,No
9603-OAIHC,Male,1,70.05,70.05,Month-to-month,"Fiber optic","Electronic check",New,No
5236-PERKL,Female,57,112.95,6465.00,"Two year","Fiber optic","Bank transfer (automatic)",Loyal,Yes
1049-FYSYG,Female,17,35.65,646.05,Month-to-month,DSL,"Credit card (automatic)",Loyal,No
7854-FOKSF,Male,1,35.90,35.90,Month-to-month,DSL,"Electronic check",New,Yes
2519-FAKOD,Male,38,99.25,3777.15,Month-to-month,"Fiber optic","Bank transfer (automatic)",Loyal,Yes
8406-LNMHF,Male,59,82.95,4903.15,"One year","Fiber optic","Credit card (automatic)",Loyal,No
1821-BUCWY,Male,30,55.65,1653.85,"Two year",DSL,"Mailed check",Loyal,No
8263-JQAIK,Male,2,24.45,47.50,Month-to-month,DSL,"Mailed check",New,Yes
8314-DPQHL,Male,9,50.80,463.60,"One year",DSL,"Mailed check",Mid,No
9481-SFCQY,Female,14,59.80,824.85,Month-to-month,DSL,"Credit card (automatic)",Loyal,No
6360-SVNWV,Female,31,73.55,2094.65,Month-to-month,"Fiber optic","Credit card (automatic)",Loyal,No
0567-GGCAC,Female,7,61.40,438.90,Month-to-month,DSL,"Electronic check",Mid,No
7089-IVVAZ,Female,8,103.35,847.30,Month-to-month,"Fiber optic","Bank transfer (automatic)",Mid,Yes
9050-IKDZA,Female,2,81.50,162.55,Month-to-month,"Fiber optic","Mailed check",New,No
2205-YMZZJ,Male,7,84.80,546.95,Month-to-month,"Fiber optic","Electronic check",Mid,Yes
9802-CAQUT,Female,72,109.55,7887.25,"Two year","Fiber optic","Credit card (automatic)",Loyal,No
1254-IZEYF,Female,31,99.95,3186.65,Month-to-month,"Fiber optic","Electronic check",Loyal,Yes
0187-WZNAB,Female,27,74.40,1972.35,Month-to-month,"Fiber optic","Mailed check",Loyal,No
9492-TOKRI,Female,18,90.00,1527.35,Month-to-month,"Fiber optic","Credit card (automatic)",Loyal,Yes
1475-VWVDO,Male,7,74.90,490.55,Month-to-month,"Fiber optic","Electronic check",Mid,No
9221-OTIVJ,Female,14,104.85,1531.40,Month-to-month,"Fiber optic","Electronic check",Loyal,Yes
1357-MVDOZ,Male,11,59.65,683.25,Month-to-month,DSL,"Bank transfer (automatic)",Mid,No
7602-MVRMB,Female,72,110.45,8058.85,"Two year","Fiber optic","Bank transfer (automatic)",Loyal,No
3325-FUYCG,Male,28,106.10,2847.40,"One year","Fiber optic","Electronic check",Loyal,Yes
5908-QMGOE,Male,15,74.20,1133.90,Month-to-month,"Fiber optic","Credit card (automatic)",Loyal,Yes
1197-BVMVG,Female,4,74.45,294.45,Month-to-month,"Fiber optic","Electronic check",New,No
8481-YYXWG,Female,5,89.35,461.70,Month-to-month,"Fiber optic","Electronic check",New,Yes
5198-EFNBM,Male,57,90.65,5199.80,"One year","Fiber optic","Electronic check",Loyal,No
7516-GMHUV,Male,50,105.05,5163.30,"Two year","Fiber optic","Credit card (automatic)",Loyal,No
2585-KTFRE,Male,1,70.45,70.45,Month-to-month,DSL,"Bank transfer (automatic)",New,No
7994-UYIVZ,Male,8,85.65,659.45,Month-to-month,"Fiber optic","Bank transfer (automatic)",Mid,No
2609-IAICY,Female,1,77.15,77.15,Month-to-month,"Fiber optic","Electronic check",New,Yes
1740-CSDJP,Male,1,35.25,35.25,Month-to-month,DSL,"Bank transfer (automatic)",New,Yes
6559-RAKOZ,Male,49,97.95,4917.90,"One year","Fiber optic","Electronic check",Loyal,No
2636-OHFMN,Male,4,48.55,201.00,Month-to-month,DSL,"Electronic check",New,Yes
1323-OOEPC,Female,53,98.40,5149.50,Month-to-month,"Fiber optic","Credit card (automatic)",Loyal,Yes
3200-MNQTF,Male,67,70.90,4677.10,"Two year",DSL,"Credit card (automatic)",Loyal,No
5630-IXDXV,Female,47,106.35,4849.10,Month-to-month,"Fiber optic","Electronic check",Loyal,No
0320-DWVTU,Female,53,99.50,5424.25,"Two year","Fiber optic","Mailed check",Loyal,No
9135-MGVPY,Male,69,84.70,5878.90,"Two year",DSL,"Mailed check",Loyal,No
1212-GLHMD,Male,3,86.05,244.85,Month-to-month,"Fiber optic","Mailed check",New,No
7878-JGDKK,Male,4,44.55,220.75,Month-to-month,DSL,"Mailed check",New,No
1088-AUUZZ,Male,56,75.85,4261.20,"Two year",DSL,"Credit card (automatic)",Loyal,No
0397-GZBBC,Male,59,93.85,5574.75,Month-to-month,"Fiber optic","Bank transfer (automatic)",Loyal,Yes
9588-OZDMQ,Female,2,45.00,89.75,Month-to-month,DSL,"Electronic check",New,No
7641-EUYET,Male,46,100.70,4541.20,Month-to-month,"Fiber optic","Electronic check",Loyal,Yes
9921-ZVRHG,Female,14,80.45,1072.00,Month-to-month,"Fiber optic","Electronic check",Loyal,Yes
1174-FGIFN,Female,28,90.45,2509.25,"One year","Fiber optic","Electronic check",Loyal,No
6620-HVDUJ,Male,24,60.45,1440.75,Month-to-month,DSL,"Bank transfer (automatic)",Loyal,No
4701-MLJPN,Male,31,55.25,1715.65,Month-to-month,DSL,"Electronic check",Loyal,Yes
1032-MAELW,Female,68,78.45,5333.35,"One year",DSL,"Electronic check",Loyal,No
7641-TQFHN,Male,39,100.55,3895.35,"Two year","Fiber optic","Mailed check",Loyal,No
9206-GVPEQ,Male,13,54.45,706.85,Month-to-month,DSL,"Electronic check",Loyal,Yes
8622-ZLFKO,Female,6,90.75,512.25,Month-to-month,"Fiber optic","Electronic check",New,No
1596-BBVTG,Male,35,75.35,2636.05,Month-to-month,"Fiber optic","Credit card (automatic)",Loyal,Yes
1134-YWTYF,Male,27,53.80,1389.85,Month-to-month,DSL,"Electronic check",Loyal,No
6061-GWWAV,Male,41,70.20,2894.55,"One year",DSL,"Mailed check",Loyal,No
0679-TDGAK,Male,50,75.50,4025.60,"One year",DSL,"Electronic check",Loyal,No
8433-WXGNA,Male,2,75.70,189.20,Month-to-month,"Fiber optic","Electronic check",New,Yes
9405-GPBBG,Female,64,110.50,7069.25,"Two year","Fiber optic","Credit card (automatic)",Loyal,No
3707-GNWHM,Male,1,74.25,74.25,Month-to-month,"Fiber optic","Mailed check",New,Yes
7016-NVRIC,Male,29,90.10,2656.70,"One year","Fiber optic","Bank transfer (automatic)",Loyal,No
5829-NVSQN,Female,23,68.75,1689.45,"One year",DSL,"Bank transfer (automatic)",Loyal,No
8922-LIEGH,Female,25,89.70,2187.55,Month-to-month,"Fiber optic","Electronic check",Loyal,Yes
8869-LIHMK,Female,64,115.10,7334.05,"Two year","Fiber optic","Bank transfer (automatic)",Loyal,No
8245-UMPYT,Female,16,96.40,1581.20,Month-to-month,"Fiber optic","Electronic check",Loyal,Yes
5186-SAMNZ,Male,1,69.50,69.50,Month-to-month,"Fiber optic","Bank transfer (automatic)",New,Yes
0447-RXSGD,Male,24,99.65,2404.85,Month-to-month,"Fiber optic","Bank transfer (automatic)",Loyal,No
4927-WWOOZ,Male,2,91.45,171.45,Month-to-month,"Fiber optic","Electronic check",New,No
5788-YPOEG,Female,34,84.75,2839.45,"Two year",DSL,"Mailed check",Loyal,No
5373-SFODM,Male,36,85.25,3132.75,Month-to-month,"Fiber optic","Credit card (automatic)",Loyal,Yes
0661-KBKPA,Male,53,78.75,3942.45,"One year",DSL,"Mailed check",Loyal,No
3133-PZNSR,Male,72,97.75,6991.60,"Two year","Fiber optic","Credit card (automatic)",Loyal,No
8931-GJJIQ,Female,9,83.30,803.30,Month-to-month,"Fiber optic","Electronic check",Mid,Yes
4277-PVRAN,Female,8,80.10,679.30,Month-to-month,"Fiber optic","Bank transfer (automatic)",Mid,Yes
0022-TCJCI,Male,45,62.70,2791.50,"One year",DSL,"Credit card (automatic)",Loyal,Yes
0722-SVSFK,Female,7,100.40,715.00,Month-to-month,"Fiber optic","Electronic check",Mid,No
9825-YCXWZ,Female,41,101.10,4016.20,"One year","Fiber optic","Bank transfer (automatic)",Loyal,No
5397-NSKQG,Male,67,50.90,3281.65,"Two year",DSL,"Credit card (automatic)",Loyal,No
8565-HBFNN,Male,69,107.20,7317.10,"One year","Fiber optic","Credit card (automatic)",Loyal,No
2000-DHJUY,Female,70,92.20,6474.45,"Two year",DSL,"Bank transfer (automatic)",Loyal,No
8670-ERCJH,Male,72,113.40,8164.10,"Two year","Fiber optic","Bank transfer (automatic)",Loyal,No
7758-UJWYS,Male,34,40.55,1325.85,"Two year",DSL,"Electronic check",Loyal,No
7055-JCGNI,Female,70,111.95,7795.95,"Two year","Fiber optic","Credit card (automatic)",Loyal,No
0739-UUAJR,Female,72,53.80,3952.45,"Two year",DSL,"Credit card (automatic)",Loyal,No
4826-DXMUP,Male,35,72.10,2495.15,"One year",DSL,"Mailed check",Loyal,No
0952-KMEEH,Male,13,98.15,1230.25,Month-to-month,"Fiber optic","Mailed check",Loyal,Yes
7285-KLOTR,Female,12,78.85,876.75,"One year",DSL,"Electronic check",Mid,No
0654-PQKDW,Female,62,70.75,4263.45,"One year",DSL,"Bank transfer (automatic)",Loyal,No
7175-NTIXE,Female,25,76.15,1992.95,Month-to-month,DSL,"Credit card (automatic)",Loyal,No
7963-SHNDT,Female,52,39.10,1982.10,"Two year",DSL,"Mailed check",Loyal,No
9796-BPKIW,Male,8,69.95,562.70,Month-to-month,"Fiber optic","Credit card (automatic)",Mid,No
5843-TTHGI,Female,18,50.00,892.70,Month-to-month,DSL,"Mailed check",Loyal,No
1849-RJYIG,Female,8,60.00,487.75,Month-to-month,DSL,"Electronic check",Mid,No
8868-GAGIO,Male,45,84.55,3713.95,Month-to-month,"Fiber optic","Mailed check",Loyal,No
4061-UKJWL,Male,3,45.45,141.70,Month-to-month,DSL,"Mailed check",New,No
8263-QMNTJ,Male,72,115.55,8425.30,"Two year","Fiber optic","Electronic check",Loyal,No
8178-EYZUO,Male,46,93.70,4154.80,Month-to-month,"Fiber optic","Electronic check",Loyal,Yes
3230-JCNZS,Female,71,99.00,7061.65,"Two year","Fiber optic","Credit card (automatic)",Loyal,No
0277-ORXQS,Male,66,50.55,3364.55,"Two year",DSL,"Bank transfer (automatic)",Loyal,No
5130-IEKQT,Male,25,105.95,2655.25,Month-to-month,"Fiber optic","Mailed check",Loyal,Yes
3230-WYKIR,Male,18,82.00,1425.45,"One year",DSL,"Credit card (automatic)",Loyal,Yes
3227-WLKLI,Female,65,91.55,5963.95,"Two year",DSL,"Bank transfer (automatic)",Loyal,No
0407-BDJKB,Male,60,95.75,5742.90,Month-to-month,"Fiber optic","Electronic check",Loyal,Yes
9600-UDOPK,Male,30,94.05,2866.45,Month-to-month,"Fiber optic","Credit card (automatic)",Loyal,Yes
8216-AZUUZ,Female,42,100.40,4303.65,"Two year","Fiber optic","Electronic check",Loyal,No
4074-SJFFA,Female,1,54.75,54.75,Month-to-month,DSL,"Mailed check",New,Yes
3269-ATYWD,Male,39,95.65,3759.05,Month-to-month,"Fiber optic","Bank transfer (automatic)",Loyal,Yes
1074-AMIOH,Female,53,108.25,5935.10,Month-to-month,"Fiber optic","Bank transfer (automatic)",Loyal,No
4910-GMJOT,Female,1,94.60,94.60,Month-to-month,"Fiber optic","Electronic check",New,Yes
0354-WYROK,Female,31,98.90,2911.30,Month-to-month,"Fiber optic","Electronic check",Loyal,Yes
7748-UMTRK,Female,30,101.30,2974.50,Month-to-month,"Fiber optic","Electronic check",Loyal,No
7145-FEJWU,Female,12,105.30,1275.65,Month-to-month,"Fiber optic","Electronic check",Mid,No
6463-MVYRY,Female,57,69.85,4003.00,"Two year",DSL,"Bank transfer (automatic)",Loyal,No
3969-JQABI,Female,58,65.25,3791.60,Month-to-month,DSL,"Credit card (automatic)",Loyal,No
5780-INQIK,Female,8,49.40,408.25,Month-to-month,DSL,"Electronic check",Mid,No
7576-OYWBN,Male,3,76.05,231.80,Month-to-month,"Fiber optic","Electronic check",New,Yes
4526-ZJJTM,Female,25,88.40,2191.15,Month-to-month,"Fiber optic","Bank transfer (automatic)",Loyal,No
8384-FZBJK,Female,57,100.60,5611.70,Month-to-month,"Fiber optic","Electronic check",Loyal,No
3096-YXENJ,Female,65,107.65,7082.85,"Two year","Fiber optic","Bank transfer (automatic)",Loyal,No
1265-BCFEO,Female,71,80.45,5662.25,"Two year",DSL,"Bank transfer (automatic)",Loyal,No
5837-LXSDN,Female,21,58.85,1215.45,"One year",DSL,"Credit card (automatic)",Loyal,No
5945-AZYHT,Male,71,109.60,7854.15,"One year","Fiber optic","Electronic check",Loyal,No
8325-QRPZR,Female,7,75.15,525.00,Month-to-month,"Fiber optic","Electronic check",Mid,No
6384-VMJHP,Female,72,73.00,5265.20,"Two year",DSL,"Credit card (automatic)",Loyal,No
2262-SLNVK,Female,1,70.10,70.10,Month-to-month,"Fiber optic","Electronic check",New,No
7730-CLDSV,Female,72,98.65,7129.45,"Two year","Fiber optic","Bank transfer (automatic)",Loyal,No
1135-HIORI,Female,64,111.45,7266.95,"One year","Fiber optic","Electronic check",Loyal,No
0164-APGRB,Female,72,114.90,8496.70,"Two year","Fiber optic","Electronic check",Loyal,No
6481-ESCNL,Female,29,100.55,2878.75,Month-to-month,"Fiber optic","Bank transfer (automatic)",Loyal,No
1550-EENBN,Female,31,104.35,3205.60,Month-to-month,"Fiber optic","Electronic check",Loyal,No
5539-TMZLF,Male,1,69.75,69.75,Month-to-month,"Fiber optic","Electronic check",New,Yes
4323-SADQS,Male,7,34.50,279.25,Month-to-month,DSL,"Electronic check",Mid,Yes
4446-BZKHU,Male,61,105.55,6281.45,Month-to-month,"Fiber optic","Electronic check",Loyal,Yes
5202-IVJNU,Female,39,30.10,1131.30,Month-to-month,DSL,"Credit card (automatic)",Loyal,Yes
5976-JCJRH,Male,10,70.30,738.20,Month-to-month,"Fiber optic","Electronic check",Mid,Yes
8198-RKSZG,Female,14,80.45,1137.05,Month-to-month,DSL,"Credit card (automatic)",Loyal,No
0137-OCGAB,Female,1,80.20,80.20,Month-to-month,"Fiber optic","Mailed check",New,Yes
3351-NQLDI,Female,67,94.35,6341.45,"One year","Fiber optic","Credit card (automatic)",Loyal,Yes
9297-EONCV,Female,72,91.35,6697.20,"Two year",DSL,"Bank transfer (automatic)",Loyal,No
7593-JNWRU,Male,6,44.60,260.80,Month-to-month,DSL,"Bank transfer (automatic)",New,Yes
3336-JORSO,Female,33,110.45,3655.45,Month-to-month,"Fiber optic","Electronic check",Loyal,Yes
7799-DSEWS,Male,18,68.35,1299.80,Month-to-month,DSL,"Electronic check",Loyal,No
8766-PAFNE,Male,71,79.10,5564.85,"Two year",DSL,"Credit card (automatic)",Loyal,No
5315-CKEQK,Male,28,51.00,1381.80,"One year",DSL,"Electronic check",Loyal,No
3130-ICDUP,Female,2,80.55,188.10,Month-to-month,"Fiber optic","Credit card (automatic)",New,No
0820-FNRNX,Male,17,66.70,1077.05,Month-to-month,DSL,"Mailed check",Loyal,No
0880-FVFWF,Male,56,86.40,4922.40,Month-to-month,"Fiber optic","Electronic check",Loyal,No
4611-ANLQC,Female,60,50.05,2911.50,"One year",DSL,"Electronic check",Loyal,No
2792-LSHWX,Female,1,83.40,83.40,Month-to-month,"Fiber optic","Mailed check",New,No
5028-GZLDO,Male,2,70.70,140.70,Month-to-month,"Fiber optic","Credit card (automatic)",New,Yes
0014-BMAQU,Male,63,84.65,5377.80,"Two year","Fiber optic","Credit card (automatic)",Loyal,No
6861-XWTWQ,Male,7,99.25,665.45,Month-to-month,"Fiber optic","Electronic check",Mid,Yes
9018-PCIOK,Female,55,64.75,3617.10,"Two year",DSL,"Mailed check",Loyal,No
4837-QUSFT,Female,65,100.15,6643.50,"One year","Fiber optic","Bank transfer (automatic)",Loyal,No
6877-TJMBR,Male,1,84.80,84.80,Month-to-month,"Fiber optic","Electronic check",New,Yes
0907-HQNTS,Female,70,113.00,7987.60,"Two year","Fiber optic","Credit card (automatic)",Loyal,No
7665-NKLAV,Female,36,40.65,1547.35,"Two year",DSL,"Credit card (automatic)",Loyal,No
6769-DCQLI,Male,52,105.00,5426.85,"One year","Fiber optic","Bank transfer (automatic)",Loyal,Yes
2433-KMEAS,Male,22,54.45,1127.35,Month-to-month,DSL,"Electronic check",Loyal,Yes
4391-LNRXK,Male,22,94.95,2142.80,Month-to-month,"Fiber optic","Bank transfer (automatic)",Loyal,No
8250-ZNGGW,Female,5,59.90,287.85,Month-to-month,DSL,"Credit card (automatic)",New,No
2195-ZRVAX,Female,47,85.30,4045.65,Month-to-month,"Fiber optic","Electronic check",Loyal,Yes
3550-SAHFP,Female,33,83.35,2757.85,Month-to-month,"Fiber optic","Electronic check",Loyal,Yes
2011-TRQYE,Male,18,33.50,600.00,Month-to-month,DSL,"Credit card (automatic)",Loyal,Yes
5893-PYOLZ,Male,56,81.80,4534.45,"Two year",DSL,"Credit card (automatic)",Loyal,No
6131-FOYAS,Male,35,59.60,2094.90,Month-to-month,DSL,"Electronic check",Loyal,No
5609-IMCGG,Female,15,84.35,1302.65,Month-to-month,"Fiber optic","Credit card (automatic)",Loyal,No
4873-ILOLJ,Male,24,90.35,2238.50,Month-to-month,"Fiber optic","Electronic check",Loyal,Yes
4727-MCYZG,Male,1,55.55,55.55,Month-to-month,DSL,"Mailed check",New,No
9481-WHGWY,Female,70,75.35,5437.75,"Two year",DSL,"Credit card (automatic)",Loyal,No
2725-KXXWT,Male,1,90.75,90.75,Month-to-month,"Fiber optic","Electronic check",New,Yes
9565-DJPIB,Female,4,89.60,365.65,Month-to-month,"Fiber optic","Mailed check",New,Yes
4328-VUFWD,Female,39,59.30,2209.15,"One year",DSL,"Electronic check",Loyal,No
3301-LSLWQ,Female,29,66.10,1912.15,Month-to-month,DSL,"Electronic check",Loyal,No
3166-PNEOF,Female,61,86.45,5175.30,"Two year",DSL,"Credit card (automatic)",Loyal,No
5639-NTUPK,Male,13,52.10,670.65,Month-to-month,DSL,"Credit card (automatic)",Loyal,No
8780-YRMTT,Female,66,47.40,3177.25,"Two year",DSL,"Mailed check",Loyal,No
8348-HFYIV,Male,2,49.25,90.35,Month-to-month,DSL,"Electronic check",New,Yes
5140-FOMCQ,Female,59,109.15,6557.75,"One year","Fiber optic","Credit card (automatic)",Loyal,No
6242-SGYTS,Male,62,94.95,5791.85,"One year","Fiber optic","Credit card (automatic)",Loyal,No
8166-ORCHU,Male,33,93.55,3055.50,"One year","Fiber optic","Electronic check",Loyal,No
8414-OOEEL,Male,66,79.50,5196.10,"Two year",DSL,"Credit card (automatic)",Loyal,No
8454-AATJP,Female,72,115.05,8405.00,"Two year","Fiber optic","Credit card (automatic)",Loyal,No
4659-NZRUF,Female,19,95.15,1789.25,Month-to-month,"Fiber optic","Electronic check",Loyal,Yes
4531-AUZNK,Female,51,95.15,5000.05,"One year","Fiber optic","Mailed check",Loyal,No
4191-XOVOM,Male,63,105.40,6713.20,Month-to-month,"Fiber optic","Electronic check",Loyal,No
8429-XIBUM,Male,22,101.35,2317.10,Month-to-month,"Fiber optic","Bank transfer (automatic)",Loyal,Yes
2608-BHKFN,Female,4,70.05,266.90,Month-to-month,"Fiber optic","Credit card (automatic)",New,Yes
7341-LXCAF,Male,4,74.65,301.40,Month-to-month,"Fiber optic","Electronic check",New,Yes
6997-UVGOX,Male,71,85.45,6029.90,"Two year",DSL,"Bank transfer (automatic)",Loyal,No
9674-EHPPG,Male,46,40.40,1842.70,"Two year",DSL,"Credit card (automatic)",Loyal,No
9462-MJUAW,Male,4,50.40,206.60,Month-to-month,DSL,"Mailed check",New,Yes
8128-YVJRG,Female,7,79.65,604.70,Month-to-month,"Fiber optic","Mailed check",Mid,Yes
5440-VHLUL,Male,69,105.20,7386.05,"One year","Fiber optic","Bank transfer (automatic)",Loyal,No
5781-BKHOP,Female,72,100.65,7334.05,"Two year","Fiber optic","Bank transfer (automatic)",Loyal,No
4283-FUTGF,Male,19,79.85,1471.75,Month-to-month,"Fiber optic","Electronic check",Loyal,Yes
5213-TWWJU,Male,28,91.00,2626.15,Month-to-month,"Fiber optic","Electronic check",Loyal,No
1569-TTNYJ,Male,5,78.75,412.10,Month-to-month,"Fiber optic","Electronic check",New,Yes
8628-MFKAX,Female,72,116.75,8277.05,"Two year","Fiber optic","Credit card (automatic)",Loyal,No
2397-BRLOM,Male,8,80.45,583.45,Month-to-month,"Fiber optic","Credit card (automatic)",Mid,Yes
7629-WIXZF,Female,7,59.10,369.25,"One year",DSL,"Electronic check",Mid,No
5445-GLVOT,Female,22,49.80,1049.05,Month-to-month,DSL,"Electronic check",Loyal,No
0254-KCJGT,Male,52,81.40,4354.45,"One year",DSL,"Credit card (automatic)",Loyal,No
5472-CVMDX,Female,68,38.90,2719.20,"Two year",DSL,"Mailed check",Loyal,No
6461-SZMCV,Female,71,87.95,6365.35,"Two year",DSL,"Bank transfer (automatic)",Loyal,No
9508-ILZDG,Female,34,96.35,3190.25,Month-to-month,"Fiber optic","Electronic check",Loyal,No
2346-DJQTB,Female,35,24.15,812.50,Month-to-month,DSL,"Electronic check",Loyal,No
1942-OQFRW,Male,1,44.00,44.00,Month-to-month,DSL,"Electronic check",New,No
4749-VFKVB,Female,1,50.10,50.10,Month-to-month,DSL,"Mailed check",New,Yes
9640-ZSLDC,Female,53,60.60,3297.00,"One year",DSL,"Credit card (automatic)",Loyal,No
7598-UAASY,Male,2,76.40,151.80,Month-to-month,"Fiber optic","Electronic check",New,Yes
7938-OUHIO,Male,3,98.70,293.65,Month-to-month,"Fiber optic","Electronic check",New,Yes
8510-AWCXC,Female,13,100.80,1308.10,Month-to-month,"Fiber optic","Electronic check",Loyal,Yes
6128-AQBMT,Male,41,53.95,2215.40,Month-to-month,DSL,"Electronic check",Loyal,No
0431-APWVY,Female,28,90.10,2598.95,"One year","Fiber optic","Bank transfer (automatic)",Loyal,Yes
5133-VRSAB,Male,8,29.35,216.45,Month-to-month,DSL,"Mailed check",Mid,No
6838-YAUVY,Female,54,95.10,5064.85,"Two year","Fiber optic","Bank transfer (automatic)",Loyal,No
7883-ROJOC,Female,19,44.90,839.65,Month-to-month,DSL,"Mailed check",Loyal,No
0244-LGNFY,Female,72,92.65,6733.00,"Two year",DSL,"Bank transfer (automatic)",Loyal,No
7274-CGTOD,Male,62,43.70,2618.30,"Two year",DSL,"Bank transfer (automatic)",Loyal,No
4295-YURET,Female,56,72.60,4084.35,"Two year",DSL,"Credit card (automatic)",Loyal,No
3426-NIYYL,Male,15,51.55,765.50,Month-to-month,DSL,"Electronic check",Loyal,Yes
8225-BTJAU,Male,10,79.25,793.55,Month-to-month,"Fiber optic","Electronic check",Mid,Yes
4236-UJPWO,Female,2,24.50,46.40,Month-to-month,DSL,"Electronic check",New,No
3387-VATUS,Male,5,94.85,462.80,Month-to-month,"Fiber optic","Bank transfer (automatic)",New,Yes
6402-SSEJG,Female,25,61.05,1540.20,"One year",DSL,"Electronic check",Loyal,No
1143-NMNQJ,Female,2,85.70,169.80,Month-to-month,"Fiber optic","Electronic check",New,Yes
1169-SAOCL,Male,49,106.65,5168.10,"One year","Fiber optic","Bank transfer (automatic)",Loyal,No
1110-KYLGQ,Female,63,108.25,6780.10,Month-to-month,"Fiber optic","Credit card (automatic)",Loyal,No
3518-PZXZQ,Female,1,55.30,55.30,Month-to-month,DSL,"Mailed check",New,No
7693-QPEFS,Male,52,72.95,3829.75,Month-to-month,"Fiber optic","Bank transfer (automatic)",Loyal,No
0924-BJCRC,Female,60,89.45,5294.60,Month-to-month,"Fiber optic","Electronic check",Loyal,No
5074-FBGHB,Male,64,104.65,6889.80,"One year","Fiber optic","Credit card (automatic)",Loyal,No
2351-BKRZW,Female,43,75.20,3254.35,"Two year",DSL,"Bank transfer (automatic)",Loyal,No
4455-BFSPD,Female,61,101.15,6383.90,"One year","Fiber optic","Bank transfer (automatic)",Loyal,No
0415-MOSGF,Female,1,44.40,44.40,Month-to-month,DSL,"Mailed check",New,Yes
1724-BQUHA,Male,5,89.50,477.70,Month-to-month,"Fiber optic","Electronic check",New,Yes
3948-KXDUF,Male,66,68.75,4447.55,"Two year",DSL,"Bank transfer (automatic)",Loyal,No
2323-ARSVR,Male,67,111.05,7321.05,"Two year","Fiber optic","Electronic check",Loyal,No
0815-MFZGM,Female,42,99.00,4135.00,"Two year","Fiber optic","Credit card (automatic)",Loyal,No
4826-XTSOH,Male,1,86.05,86.05,Month-to-month,"Fiber optic","Electronic check",New,Yes
2495-INZWQ,Male,4,44.55,174.30,Month-to-month,DSL,"Electronic check",New,Yes
9086-YJYXS,Male,34,77.20,2753.80,"One year",DSL,"Bank transfer (automatic)",Loyal,No
7909-FIOIY,Female,19,24.85,434.80,Month-to-month,DSL,"Mailed check",Loyal,No
4139-SUGLD,Male,31,35.40,1077.50,Month-to-month,DSL,"Bank transfer (automatic)",Loyal,Yes
6857-VWJDT,Female,1,95.65,95.65,Month-to-month,"Fiber optic","Mailed check",New,Yes
6351-SCJKT,Male,3,41.35,107.25,Month-to-month,DSL,"Mailed check",New,No
0197-PNKNK,Female,69,84.45,5848.60,"One year","Fiber optic","Bank transfer (automatic)",Loyal,No
2408-WITXK,Female,10,34.70,329.80,Month-to-month,DSL,"Electronic check",Mid,Yes
8929-KSWIH,Male,25,99.30,2513.50,"Two year","Fiber optic","Bank transfer (automatic)",Loyal,No
2250-IVBWA,Male,64,81.05,5135.35,Month-to-month,"Fiber optic","Electronic check",Loyal,No
1810-MVMAI,Male,30,67.60,2000.20,Month-to-month,DSL,"Electronic check",Loyal,No
9506-UXUSK,Male,13,70.15,931.75,Month-to-month,"Fiber optic","Electronic check",Loyal,No
1229-RCALF,Female,64,115.00,7396.15,"One year","Fiber optic","Electronic check",Loyal,No
3572-UOLYZ,Female,46,84.80,3958.85,Month-to-month,"Fiber optic","Bank transfer (automatic)",Loyal,No
6100-QQHEB,Male,17,92.55,1515.10,Month-to-month,"Fiber optic","Electronic check",Loyal,Yes
6366-XIVKZ,Female,13,63.15,816.80,Month-to-month,DSL,"Mailed check",Loyal,No
3470-OBUET,Female,67,74.00,4868.40,"Two year",DSL,"Credit card (automatic)",Loyal,No
2770-NSVDG,Male,24,29.10,688.00,Month-to-month,DSL,"Electronic check",Loyal,No
9375-MHRRS,Male,6,50.05,288.35,Month-to-month,DSL,"Mailed check",New,No
2634-HCZGT,Male,53,60.05,3229.65,"One year",DSL,"Electronic check",Loyal,Yes
7503-QQRVF,Male,16,74.30,1178.25,Month-to-month,"Fiber optic","Credit card (automatic)",Loyal,Yes
6599-GZWCM,Female,13,74.65,966.25,"One year","Fiber optic","Mailed check",Loyal,No
2691-NZETQ,Male,9,85.35,758.60,Month-to-month,"Fiber optic","Electronic check",Mid,Yes
4404-HIBDJ,Female,25,74.30,1863.80,"One year",DSL,"Mailed check",Loyal,Yes
5533-NHFRF,Male,7,44.40,265.80,Month-to-month,DSL,"Electronic check",Mid,No
7037-MTYVW,Male,38,85.40,3297.00,"Two year",DSL,"Bank transfer (automatic)",Loyal,No
4760-THGOT,Female,43,94.10,4107.30,Month-to-month,"Fiber optic","Electronic check",Loyal,No
7295-JOMMD,Female,4,98.10,396.30,Month-to-month,"Fiber optic","Bank transfer (automatic)",New,Yes
4016-BJKTZ,Female,25,108.90,2809.05,"Two year","Fiber optic","Electronic check",Loyal,No
6584-VQMYT,Male,27,56.20,1567.55,"One year",DSL,"Mailed check",Loyal,No
2790-XUYMV,Male,71,85.45,6028.95,"One year","Fiber optic","Credit card (automatic)",Loyal,No
0581-MDMPW,Female,24,88.95,2072.75,Month-to-month,"Fiber optic","Credit card (automatic)",Loyal,No
5013-SBUIH,Female,50,109.65,5551.15,"Two year","Fiber optic","Electronic check",Loyal,Yes
1023-BQXZE,Male,57,74.35,4317.35,"Two year",DSL,"Bank transfer (automatic)",Loyal,No
9163-GHAYE,Female,15,48.85,736.80,Month-to-month,DSL,"Electronic check",Loyal,No
3904-UKFRE,Male,4,80.10,336.15,Month-to-month,"Fiber optic","Electronic check",New,No
5353-WILCI,Female,28,56.05,1522.65,Month-to-month,DSL,"Electronic check",Loyal,No
0709-TVGUR,Female,9,74.55,622.90,Month-to-month,"Fiber optic","Electronic check",Mid,Yes
0058-EVZWM,Female,55,89.80,4959.60,Month-to-month,"Fiber optic","Bank transfer (automatic)",Loyal,No
6023-YEBUP,Male,3,100.95,329.95,Month-to-month,"Fiber optic","Electronic check",New,Yes
7209-JCUDS,Male,10,94.90,1048.85,Month-to-month,"Fiber optic","Electronic check",Mid,Yes
1017-FBQMM,Female,62,106.05,6703.50,"One year","Fiber optic","Credit card (automatic)",Loyal,No
3001-CBHLQ,Male,32,104.90,3351.55,Month-to-month,"Fiber optic","Electronic check",Loyal,Yes
6158-DWPZT,Male,9,24.10,259.80,"One year",DSL,"Bank transfer (automatic)",Mid,Yes
9372-TXXPS,Female,60,59.85,3483.45,"Two year",DSL,"Bank transfer (automatic)",Loyal,No
3259-QMXUN,Male,58,86.10,4890.50,"Two year",DSL,"Electronic check",Loyal,No
6645-MXQJT,Male,2,97.10,184.15,Month-to-month,"Fiber optic","Electronic check",New,No
4360-QRAVE,Male,37,36.65,1315.00,Month-to-month,DSL,"Electronic check",Loyal,No
8433-WPJTV,Female,65,103.90,6767.10,"One year","Fiber optic","Bank transfer (automatic)",Loyal,No
3763-GCZHZ,Male,66,104.05,6890.00,"One year","Fiber optic","Electronic check",Loyal,Yes
7599-NTMDP,Female,62,48.70,3008.55,"Two year",DSL,"Bank transfer (automatic)",Loyal,No
0772-GYEQQ,Male,3,88.35,262.05,Month-to-month,"Fiber optic","Mailed check",New,Yes
0536-ACXIP,Female,72,109.55,8165.10,"Two year","Fiber optic","Electronic check",Loyal,No
4831-EOBFE,Male,29,94.65,2649.15,Month-to-month,"Fiber optic","Credit card (automatic)",Loyal,Yes
1575-KRZZE,Female,4,55.20,220.65,Month-to-month,DSL,"Electronic check",New,No
4102-OQUPX,Male,1,74.40,74.40,Month-to-month,"Fiber optic","Electronic check",New,Yes
9170-GYZJC,Female,41,79.90,3326.20,Month-to-month,DSL,"Credit card (automatic)",Loyal,Yes
3638-DIMPH,Female,13,43.80,592.65,"One year",DSL,"Electronic check",Loyal,No
1845-ZLLIG,Male,1,50.15,50.15,Month-to-month,DSL,"Mailed check",New,No
3999-QGRJH,Male,8,69.70,560.85,Month-to-month,"Fiber optic","Electronic check",Mid,Yes
1699-UOTXU,Male,60,61.40,3638.25,"Two year",DSL,"Electronic check",Loyal,No
2454-RPBRZ,Female,12,98.10,1060.20,Month-to-month,"Fiber optic","Electronic check",Mid,Yes
0635-WKOLD,Male,40,70.75,2921.75,"One year",DSL,"Credit card (automatic)",Loyal,No
5993-JSUWV,Female,66,61.15,4017.45,"Two year",DSL,"Bank transfer (automatic)",Loyal,No
5387-ASZNZ,Female,66,63.85,4174.35,"One year",DSL,"Credit card (automatic)",Loyal,No
6988-CJEYV,Male,49,98.70,4920.55,Month-to-month,"Fiber optic","Electronic check",Loyal,No
7299-GNVPL,Female,23,84.40,1936.85,Month-to-month,"Fiber optic","Mailed check",Loyal,No
9743-DQKQW,Male,3,25.10,79.80,Month-to-month,DSL,"Electronic check",New,No
1215-VFYVK,Female,4,48.25,202.25,Month-to-month,DSL,"Mailed check",New,No
2265-CYWIV,Female,4,99.60,347.65,Month-to-month,"Fiber optic","Electronic check",New,Yes
9093-FPDLG,Female,11,94.20,999.90,Month-to-month,"Fiber optic","Electronic check",Mid,No
0541-FITGH,Female,2,62.15,113.10,Month-to-month,DSL,"Mailed check",New,No
6985-HAYWX,Female,26,79.30,2015.80,Month-to-month,"Fiber optic","Bank transfer (automatic)",Loyal,No
7508-KBIMB,Male,24,56.25,1454.25,"One year",DSL,"Credit card (automatic)",Loyal,No
2277-DJJDL,Male,60,99.00,6017.90,Month-to-month,"Fiber optic","Electronic check",Loyal,No
1897-OKVMW,Female,64,90.60,5817.45,"Two year",DSL,"Mailed check",Loyal,No
5485-ITNPC,Male,66,85.90,5595.30,"Two year",DSL,"Bank transfer (automatic)",Loyal,No
0233-FTHAV,Female,60,79.20,4765.00,"One year","Fiber optic","Bank transfer (automatic)",Loyal,No
4644-PIZRT,Male,17,70.35,1201.65,"One year",DSL,"Bank transfer (automatic)",Loyal,No
2740-TVLFN,Male,1,50.15,50.15,Month-to-month,DSL,"Electronic check",New,No
7771-CFQRQ,Female,47,63.80,3007.25,"Two year",DSL,"Bank transfer (automatic)",Loyal,No
6963-EZQEE,Male,70,88.55,6306.50,"Two year",DSL,"Credit card (automatic)",Loyal,No
2452-KDRRH,Male,67,101.40,6841.05,Month-to-month,"Fiber optic","Credit card (automatic)",Loyal,No
2004-OCQXK,Female,1,81.95,81.95,Month-to-month,"Fiber optic","Electronic check",New,Yes
5027-QPKTE,Male,7,69.35,451.10,Month-to-month,"Fiber optic","Electronic check",Mid,Yes
4146-SVFUD,Male,1,44.60,44.60,Month-to-month,DSL,"Mailed check",New,No
1564-HJUVY,Male,4,63.75,226.20,Month-to-month,DSL,"Bank transfer (automatic)",New,No
3617-XLSGQ,Female,66,109.25,7082.50,"Two year","Fiber optic","Bank transfer (automatic)",Loyal,No
7517-LDMPS,Female,12,84.60,1017.35,Month-to-month,"Fiber optic","Electronic check",Mid,No
5226-NOZFC,Male,26,85.75,2146.50,Month-to-month,"Fiber optic","Electronic check",Loyal,No
2672-HUYVI,Female,6,91.10,455.30,Month-to-month,"Fiber optic","Electronic check",New,Yes
1400-WIVLL,Male,57,107.95,5969.85,"Two year","Fiber optic","Electronic check",Loyal,No
7508-MYBOG,Male,14,86.10,1235.55,Month-to-month,"Fiber optic","Electronic check",Loyal,Yes
0148-DCDOS,Male,25,94.70,2362.10,Month-to-month,"Fiber optic","Bank transfer (automatic)",Loyal,Yes
9992-RRAMN,Male,22,85.10,1873.70,Month-to-month,"Fiber optic","Electronic check",Loyal,Yes
0310-MVLET,Female,61,99.15,6010.05,Month-to-month,"Fiber optic","Electronic check",Loyal,Yes
0428-IKYCP,Male,22,87.00,1850.65,Month-to-month,"Fiber optic","Bank transfer (automatic)",Loyal,No
4550-VBOFE,Male,70,102.95,7101.50,Month-to-month,"Fiber optic","Electronic check",Loyal,Yes
2187-PKZAY,Male,12,79.95,1043.40,Month-to-month,"Fiber optic","Bank transfer (automatic)",Mid,No
4003-OCTMP,Female,31,64.00,1910.75,"One year",DSL,"Electronic check",Loyal,No
6652-YFFJO,Female,11,64.90,716.10,Month-to-month,DSL,"Electronic check",Mid,No
5248-RPYWW,Female,72,90.15,6716.45,"Two year",DSL,"Bank transfer (automatic)",Loyal,No
7923-IYJWY,Male,67,116.10,7839.85,"Two year","Fiber optic","Credit card (automatic)",Loyal,No
3170-GWYKC,Female,60,104.95,6236.75,Month-to-month,"Fiber optic","Bank transfer (automatic)",Loyal,No
5696-QURRL,Male,1,45.05,45.05,Month-to-month,DSL,"Mailed check",New,Yes
7409-KIUTL,Female,1,71.00,71.00,Month-to-month,"Fiber optic","Electronic check",New,Yes
9830-ECLEN,Male,58,50.00,2919.85,"One year",DSL,"Mailed check",Loyal,No
1732-VHUBQ,Female,47,70.55,3309.25,Month-to-month,"Fiber optic","Bank transfer (automatic)",Loyal,Yes
0495-RVCBF,Female,1,79.70,79.70,Month-to-month,"Fiber optic","Electronic check",New,Yes
7854-EDSSA,Male,22,59.00,1254.70,Month-to-month,DSL,"Electronic check",Loyal,Yes
8869-TORSS,Female,48,60.35,2896.40,"One year",DSL,"Credit card (automatic)",Loyal,Yes
6505-OZNPG,Female,6,63.40,348.80,"Two year",DSL,"Mailed check",New,No
6164-HAQTX,Male,71,53.95,3888.65,"Two year",DSL,"Bank transfer (automatic)",Loyal,No
0679-IDSTG,Female,1,69.25,69.25,Month-to-month,"Fiber optic","Electronic check",New,Yes
7765-LWVVH,Female,72,95.10,6843.15,"Two year","Fiber optic","Electronic check",Loyal,No
1658-TJVOA,Female,6,74.10,450.90,Month-to-month,"Fiber optic","Electronic check",New,No
0953-LGOVU,Male,12,35.50,432.25,Month-to-month,DSL,"Mailed check",Mid,No
2115-BFTIW,Male,25,70.95,1767.35,Month-to-month,"Fiber optic","Mailed check",Loyal,Yes
4692-NNQRU,Female,21,79.20,1742.45,"One year","Fiber optic","Electronic check",Loyal,No
7742-MYPGI,Female,6,48.80,297.35,Month-to-month,DSL,"Mailed check",New,No
0611-DFXKO,Male,20,89.00,1820.45,Month-to-month,"Fiber optic","Mailed check",Loyal,Yes
7780-OTDSO,Male,18,99.40,1742.95,Month-to-month,"Fiber optic","Electronic check",Loyal,Yes
9619-GSATL,Female,43,55.45,2444.25,"One year",DSL,"Electronic check",Loyal,No
9747-DDZOS,Female,1,73.50,73.50,Month-to-month,"Fiber optic","Bank transfer (automatic)",New,Yes
0674-DGMAQ,Male,32,93.50,2970.80,Month-to-month,"Fiber optic","Electronic check",Loyal,No
6203-HBZPA,Male,52,63.90,3334.95,"Two year",DSL,"Credit card (automatic)",Loyal,No
0484-FFVBJ,Male,32,64.85,2010.95,"One year",DSL,"Bank transfer (automatic)",Loyal,No
0301-FIDRB,Female,72,63.80,4684.30,"Two year",DSL,"Bank transfer (automatic)",Loyal,No
4139-JPIAM,Male,51,44.45,2181.55,Month-to-month,DSL,"Credit card (automatic)",Loyal,No
2761-XECQW,Male,8,43.35,371.40,Month-to-month,DSL,"Mailed check",Mid,No
1936-CZAKF,Male,49,49.65,2409.90,"Two year",DSL,"Credit card (automatic)",Loyal,No
9453-PATOS,Female,72,85.10,6155.40,"Two year",DSL,"Mailed check",Loyal,No
0564-JJHGS,Male,9,95.50,829.10,Month-to-month,"Fiber optic","Electronic check",Mid,Yes
3348-CFRNX,Female,28,92.35,2602.90,Month-to-month,"Fiber optic","Mailed check",Loyal,Yes
4402-FTBXC,Male,54,89.80,4667.00,Month-to-month,"Fiber optic","Mailed check",Loyal,No
1428-GTBJJ,Male,11,74.55,824.75,Month-to-month,"Fiber optic","Electronic check",Mid,Yes
2931-XIQBR,Female,50,103.05,5153.50,"One year","Fiber optic","Mailed check",Loyal,No
0106-UGRDO,Female,69,116.00,8182.85,"Two year","Fiber optic","Electronic check",Loyal,No
5542-TBBWB,Male,1,69.90,69.90,Month-to-month,"Fiber optic","Electronic check",New,No
1930-QPBVZ,Male,68,95.10,6683.40,"Two year","Fiber optic","Bank transfer (automatic)",Loyal,No
2606-PKWJB,Male,40,40.25,1564.05,"One year",DSL,"Mailed check",Loyal,No
8059-UDZFY,Female,33,105.35,3465.05,Month-to-month,"Fiber optic","Bank transfer (automatic)",Loyal,No
7740-BTPUX,Male,55,113.60,6292.70,"Two year","Fiber optic","Electronic check",Loyal,No
9435-JMLSX,Male,71,86.10,6045.90,"Two year",DSL,"Bank transfer (automatic)",Loyal,No
3352-ALMCK,Male,40,102.65,4108.15,Month-to-month,"Fiber optic","Mailed check",Loyal,No
5312-IRCFR,Female,64,92.85,5980.75,"One year","Fiber optic","Electronic check",Loyal,No
5294-IMHHT,Male,53,97.75,5043.20,"One year","Fiber optic","Bank transfer (automatic)",Loyal,No
8802-UNOJF,Male,12,83.80,1029.75,Month-to-month,"Fiber optic","Mailed check",Mid,Yes
6313-GIDIT,Male,53,54.45,2854.55,Month-to-month,DSL,"Electronic check",Loyal,Yes
6176-YJWAS,Male,72,97.95,7114.25,"Two year","Fiber optic","Credit card (automatic)",Loyal,No
5311-IHLEI,Male,12,50.95,605.75,Month-to-month,DSL,"Bank transfer (automatic)",Mid,No
3987-KQDDU,Male,9,75.60,661.55,Month-to-month,"Fiber optic","Electronic check",Mid,No
3404-JNXAX,Female,51,80.75,4116.90,Month-to-month,"Fiber optic","Electronic check",Loyal,No
5131-PONJI,Male,49,90.40,4494.65,Month-to-month,"Fiber optic","Credit card (automatic)",Loyal,No
2845-AFFTX,Male,41,99.80,4259.30,Month-to-month,"Fiber optic","Electronic check",Loyal,Yes
3489-VSFRD,Female,56,60.25,3282.75,"One year",DSL,"Credit card (automatic)",Loyal,No
5815-HGGHV,Male,20,64.15,1274.45,"One year",DSL,"Mailed check",Loyal,No
2249-YPRNG,Female,20,105.85,2239.65,Month-to-month,"Fiber optic","Bank transfer (automatic)",Loyal,Yes
7410-YTJIK,Female,7,75.45,480.75,Month-to-month,"Fiber optic","Mailed check",Mid,Yes
4626-GYCZP,Male,7,93.85,635.60,Month-to-month,"Fiber optic","Electronic check",Mid,Yes
5649-RXQTV,Male,51,99.00,5038.15,Month-to-month,"Fiber optic","Electronic check",Loyal,No
2674-MIAHT,Female,4,80.30,324.20,Month-to-month,"Fiber optic","Mailed check",New,No
7587-AOVVU,Male,27,100.75,2793.55,Month-to-month,"Fiber optic","Electronic check",Loyal,No
5590-BYNII,Male,22,100.75,2095.00,Month-to-month,"Fiber optic","Electronic check",Loyal,Yes
6898-MDLZW,Male,12,53.75,648.65,Month-to-month,DSL,"Mailed check",Mid,No
3237-AJGEH,Female,3,31.00,95.05,Month-to-month,DSL,"Mailed check",New,Yes
9357-UJRUN,Male,24,58.35,1346.90,"One year",DSL,"Electronic check",Loyal,No
1591-NFNLQ,Male,51,80.00,4242.35,Month-to-month,"Fiber optic","Credit card (automatic)",Loyal,Yes
8648-PFRMP,Female,14,46.35,672.70,Month-to-month,DSL,"Electronic check",Loyal,No
7663-CUXZB,Male,59,113.75,6561.25,"Two year","Fiber optic","Electronic check",Loyal,No
0258-NOKBL,Male,3,90.40,268.45,Month-to-month,"Fiber optic","Electronic check",New,No
1163-VIPRI,Female,65,109.30,7337.55,"Two year","Fiber optic","Electronic check",Loyal,No
2815-CPTUL,Male,5,70.25,331.90,Month-to-month,"Fiber optic","Mailed check",New,Yes
9348-ROUAI,Female,59,90.30,5194.05,"Two year",DSL,"Credit card (automatic)",Loyal,No
9443-JUBUO,Male,72,65.25,4478.85,"Two year",DSL,"Credit card (automatic)",Loyal,No
0596-BQCEQ,Female,62,100.15,6283.30,Month-to-month,"Fiber optic","Electronic check",Loyal,Yes
1481-ZUWZA,Male,28,94.50,2659.40,Month-to-month,"Fiber optic","Credit card (automatic)",Loyal,Yes
3043-TYBNO,Male,3,60.65,196.90,Month-to-month,DSL,"Mailed check",New,No
2960-NKRSO,Male,24,85.95,2107.15,Month-to-month,"Fiber optic","Electronic check",Loyal,No
8996-ZROXE,Male,57,53.50,3035.80,"One year",DSL,"Electronic check",Loyal,No
4674-HGNUA,Male,71,89.90,6457.15,"Two year",DSL,"Credit card (automatic)",Loyal,No
9786-IJYDL,Female,35,113.20,3914.05,"Two year","Fiber optic","Mailed check",Loyal,No
1303-SRDOK,Female,55,69.05,3842.60,"Two year","Fiber optic","Credit card (automatic)",Loyal,No
6295-OSINB,Male,72,109.65,7880.25,"Two year","Fiber optic","Electronic check",Loyal,No
2309-OSFEU,Male,10,33.90,298.45,Month-to-month,DSL,"Mailed check",Mid,Yes
2207-QPJED,Female,37,90.00,3371.75,Month-to-month,"Fiber optic","Electronic check",Loyal,No
4177-JPDFU,Male,12,34.00,442.45,Month-to-month,DSL,"Mailed check",Mid,No
8046-DNVTL,Male,62,38.60,2345.55,"Two year",DSL,"Credit card (automatic)",Loyal,No
2209-XADXF,Female,1,25.25,25.25,Month-to-month,DSL,"Bank transfer (automatic)",New,No
6620-JDYNW,Female,18,60.60,1156.35,Month-to-month,DSL,"Mailed check",Loyal,No
1891-FZYSA,Male,69,89.95,6143.15,Month-to-month,"Fiber optic","Electronic check",Loyal,Yes
4770-UEZOX,Male,2,74.75,144.80,Month-to-month,"Fiber optic","Electronic check",New,No
7613-LLQFO,Male,12,84.45,1059.55,Month-to-month,"Fiber optic","Electronic check",Mid,Yes
9513-DXHDA,Male,27,81.70,2212.55,"One year",DSL,"Electronic check",Loyal,No
2640-PMGFL,Male,27,79.50,2180.55,Month-to-month,"Fiber optic","Electronic check",Loyal,Yes
3801-HMYNL,Male,1,89.15,89.15,Month-to-month,"Fiber optic","Mailed check",New,Yes
9685-WKZGT,Male,14,74.95,1036.75,Month-to-month,"Fiber optic","Electronic check",Loyal,Yes
6022-UGGSO,Female,32,74.40,2276.95,Month-to-month,"Fiber optic","Electronic check",Loyal,Yes
3865-QBWSJ,Male,38,80.45,3162.65,Month-to-month,"Fiber optic","Mailed check",Loyal,No
2160-GPFXD,Male,54,65.65,3566.70,"Two year",DSL,"Credit card (automatic)",Loyal,No
2065-MMKGR,Female,29,71.00,2080.10,"One year",DSL,"Credit card (automatic)",Loyal,No
5857-TYBCJ,Male,44,89.20,4040.20,Month-to-month,"Fiber optic","Electronic check",Loyal,No
1498-NHTLT,Male,59,86.75,5186.00,"Two year",DSL,"Electronic check",Loyal,No
4484-CGXFK,Female,3,55.30,196.15,Month-to-month,DSL,"Electronic check",New,Yes
1402-PTHGN,Female,18,61.50,1087.45,"One year",DSL,"Mailed check",Loyal,No
6214-EDAKZ,Female,22,55.15,1206.05,Month-to-month,DSL,"Electronic check",Loyal,Yes
5199-FPUSP,Male,33,34.05,1113.95,"One year",DSL,"Credit card (automatic)",Loyal,No
0238-WHBIQ,Male,72,89.70,6339.30,"Two year",DSL,"Credit card (automatic)",Loyal,No
6127-ISGTU,Female,16,84.95,1378.25,Month-to-month,"Fiber optic","Electronic check",Loyal,Yes
8740-XLHDR,Male,5,43.25,219.00,Month-to-month,DSL,"Mailed check",New,Yes
1208-DNHLN,Male,23,48.35,1067.15,"One year",DSL,"Credit card (automatic)",Loyal,Yes
1761-AEZZR,Male,1,79.55,79.55,Month-to-month,"Fiber optic","Electronic check",New,Yes
3923-CSIHK,Female,50,71.05,3444.85,Month-to-month,"Fiber optic","Electronic check",Loyal,Yes
5795-KTGUD,Female,68,110.80,7553.60,"Two year","Fiber optic","Bank transfer (automatic)",Loyal,No
7120-RFMVS,Male,1,84.50,84.50,Month-to-month,"Fiber optic","Electronic check",New,Yes
7924-GJZFI,Female,25,69.30,1813.10,Month-to-month,"Fiber optic","Electronic check",Loyal,No
4702-HDRKD,Male,67,49.35,3321.35,"One year",DSL,"Bank transfer (automatic)",Loyal,No
5897-ZYEKH,Female,67,105.60,7112.15,"One year","Fiber optic","Electronic check",Loyal,No
5456-ITGIC,Male,72,64.45,4641.10,"Two year",DSL,"Credit card (automatic)",Loyal,No
7317-GGVPB,Male,71,108.60,7690.90,"Two year","Fiber optic","Credit card (automatic)",Loyal,Yes
1406-PUQVY,Male,1,49.90,49.90,Month-to-month,DSL,"Electronic check",New,No
1322-AGOQM,Male,46,30.30,1380.10,Month-to-month,DSL,"Bank transfer (automatic)",Loyal,Yes
3677-IYRBF,Female,2,30.40,78.65,Month-to-month,DSL,"Electronic check",New,Yes
5692-FPTAH,Female,1,45.40,45.40,Month-to-month,DSL,"Mailed check",New,Yes
9114-AAFQH,Female,48,65.65,3094.65,"One year",DSL,"Electronic check",Loyal,No
8715-KKTFG,Female,61,103.30,6518.35,"One year","Fiber optic","Bank transfer (automatic)",Loyal,No
1550-LOAHA,Female,32,84.15,2585.95,Month-to-month,"Fiber optic","Bank transfer (automatic)",Loyal,Yes
1728-BQDMA,Female,2,44.45,82.70,Month-to-month,DSL,"Electronic check",New,No
0876-WDUUZ,Female,5,85.40,425.90,Month-to-month,"Fiber optic","Credit card (automatic)",New,Yes
5117-ZSMHQ,Female,71,89.90,6342.70,"Two year",DSL,"Bank transfer (automatic)",Loyal,No
5151-HQRDG,Male,37,55.05,2030.75,Month-to-month,DSL,"Mailed check",Loyal,No
0960-HUWBM,Male,65,104.10,6700.05,"Two year","Fiber optic","Bank transfer (automatic)",Loyal,No
6465-GSRCL,Female,67,106.60,7244.70,"One year","Fiber optic","Bank transfer (automatic)",Loyal,No
0617-FHSGK,Male,49,75.20,3678.30,Month-to-month,"Fiber optic","Credit card (automatic)",Loyal,Yes
0263-FJTQO,Male,50,70.50,3486.65,"Two year",DSL,"Credit card (automatic)",Loyal,No
2858-MOFSQ,Female,17,55.85,937.50,"One year",DSL,"Mailed check",Loyal,Yes
7089-XXAYG,Male,25,38.10,970.40,"One year",DSL,"Credit card (automatic)",Loyal,No
8118-LSUEL,Male,23,106.40,2483.50,Month-to-month,"Fiber optic","Electronic check",Loyal,Yes
8070-AAWZP,Male,24,34.25,828.20,Month-to-month,DSL,"Mailed check",Loyal,No
1666-JXLKU,Female,37,100.05,3810.55,Month-to-month,"Fiber optic","Electronic check",Loyal,No
7855-DIWPO,Female,21,68.65,1493.20,Month-to-month,"Fiber optic","Electronic check",Loyal,No
5133-POWUA,Male,1,45.80,45.80,Month-to-month,DSL,"Mailed check",New,No
5652-MSDEY,Female,10,75.75,777.30,Month-to-month,"Fiber optic","Mailed check",Mid,No
7005-CCBKV,Male,6,84.40,556.35,Month-to-month,"Fiber optic","Electronic check",New,Yes
1810-BOHSY,Male,51,96.40,4911.05,"One year","Fiber optic","Credit card (automatic)",Loyal,No
7351-MHQVU,Female,6,50.95,307.60,Month-to-month,DSL,"Credit card (automatic)",New,No
9224-VTYID,Male,47,90.50,4318.35,"Two year",DSL,"Mailed check",Loyal,No
9500-IWPXQ,Female,61,79.40,4820.55,"One year",DSL,"Electronic check",Loyal,No
5762-TJXGK,Female,52,58.75,3038.55,"Two year",DSL,"Bank transfer (automatic)",Loyal,No
4504-YOULA,Female,35,59.45,2136.90,Month-to-month,DSL,"Credit card (automatic)",Loyal,No
5569-IDSEY,Male,71,105.70,7472.15,"One year","Fiber optic","Bank transfer (automatic)",Loyal,No
4250-FDVOU,Female,6,56.25,389.10,Month-to-month,DSL,"Electronic check",New,Yes
7284-ZZLOH,Male,45,53.30,2296.25,"Two year",DSL,"Credit card (automatic)",Loyal,No
5277-ZLOOR,Female,2,85.55,187.45,Month-to-month,"Fiber optic","Electronic check",New,Yes
2141-RRYGO,Female,4,68.65,261.25,Month-to-month,DSL,"Bank transfer (automatic)",New,Yes
1777-JYQPJ,Male,2,24.30,38.45,Month-to-month,DSL,"Mailed check",New,No
6376-GAHQE,Male,4,77.85,299.20,Month-to-month,"Fiber optic","Electronic check",New,Yes
3401-URHDA,Male,51,59.90,3043.60,"One year",DSL,"Credit card (automatic)",Loyal,No
5052-PNLOS,Male,3,105.35,323.25,Month-to-month,"Fiber optic","Bank transfer (automatic)",New,Yes
3853-LYGAM,Male,17,95.65,1640.00,Month-to-month,"Fiber optic","Bank transfer (automatic)",Loyal,No
6979-ZNSFF,Female,8,87.05,762.10,Month-to-month,"Fiber optic","Electronic check",Mid,Yes
5751-USDBL,Male,46,81.00,3846.35,"Two year",DSL,"Mailed check",Loyal,No
5680-LQOGP,Female,68,82.45,5646.60,"Two year",DSL,"Credit card (automatic)",Loyal,No
2386-LAHRK,Male,1,53.50,53.50,Month-to-month,DSL,"Mailed check",New,Yes
6032-IGALN,Female,1,25.10,25.10,Month-to-month,DSL,"Mailed check",New,Yes
9931-DCEZH,Male,28,54.40,1516.60,"One year",DSL,"Credit card (automatic)",Loyal,No
1898-JSNDC,Female,39,58.60,2224.50,"One year",DSL,"Credit card (automatic)",Loyal,No
0315-LVCRK,Male,11,84.80,888.75,Month-to-month,"Fiber optic","Electronic check",Mid,No
3911-RSNHI,Female,71,61.40,4310.35,"Two year",DSL,"Credit card (automatic)",Loyal,No
4248-HCETZ,Male,30,79.65,2365.15,Month-to-month,"Fiber optic","Mailed check",Loyal,Yes
7271-AJDTL,Female,55,94.45,5073.10,Month-to-month,"Fiber optic","Credit card (automatic)",Loyal,No
1867-TJHTS,Female,58,79.80,4526.85,Month-to-month,"Fiber optic","Bank transfer (automatic)",Loyal,No
0516-WJVXC,Female,5,54.20,308.25,Month-to-month,DSL,"Electronic check",New,Yes
6860-YRJZP,Male,9,74.05,678.45,Month-to-month,"Fiber optic","Electronic check",Mid,No
4429-WYGFR,Male,26,49.15,1237.30,Month-to-month,DSL,"Bank transfer (automatic)",Loyal,No
5038-ETMLM,Female,72,113.65,8182.75,"Two year","Fiber optic","Bank transfer (automatic)",Loyal,No
5056-FIMPT,Female,43,106.00,4532.30,"One year","Fiber optic","Credit card (automatic)",Loyal,No
8809-RIHDD,Male,72,103.40,7372.65,"Two year","Fiber optic","Electronic check",Loyal,Yes
8809-XKHMD,Male,72,100.55,7325.10,"Two year","Fiber optic","Bank transfer (automatic)",Loyal,No
0396-YCHWO,Male,36,95.40,3474.20,Month-to-month,"Fiber optic","Electronic check",Loyal,No
0867-LDTTC,Male,5,75.15,392.65,Month-to-month,DSL,"Bank transfer (automatic)",New,No
4822-NGOCH,Female,13,84.45,1058.60,Month-to-month,"Fiber optic","Electronic check",Loyal,Yes
9391-DXGGG,Female,44,89.15,3990.75,"One year","Fiber optic","Credit card (automatic)",Loyal,No
9844-FELAJ,Female,70,107.90,7475.85,"One year","Fiber optic","Electronic check",Loyal,No
5307-DZCVC,Female,32,85.95,2628.60,Month-to-month,"Fiber optic","Credit card (automatic)",Loyal,Yes
8679-JOEVF,Female,16,59.40,1023.90,Month-to-month,DSL,"Electronic check",Loyal,Yes
6692-YQHXC,Male,16,69.95,1205.50,Month-to-month,"Fiber optic","Credit card (automatic)",Loyal,No
3889-VWBID,Male,68,82.85,5776.45,"Two year",DSL,"Bank transfer (automatic)",Loyal,No
9754-CLVZW,Female,26,38.85,1025.15,Month-to-month,DSL,"Credit card (automatic)",Loyal,No
1432-FPAXX,Female,29,30.60,856.35,Month-to-month,DSL,"Electronic check",Loyal,Yes
7080-TNUWP,Male,70,95.00,6602.90,"One year","Fiber optic","Bank transfer (automatic)",Loyal,No
0496-AHOOK,Male,24,74.40,1712.90,"One year",DSL,"Bank transfer (automatic)",Loyal,No
8336-TAVKX,Female,72,78.45,5682.25,"Two year",DSL,"Bank transfer (automatic)",Loyal,No
2468-SJFLM,Male,1,74.30,74.30,Month-to-month,"Fiber optic","Mailed check",New,No
3181-VTHOE,Male,70,51.05,3635.15,"One year",DSL,"Bank transfer (automatic)",Loyal,No
4803-AXVYP,Female,38,99.55,3734.25,Month-to-month,"Fiber optic","Electronic check",Loyal,Yes
3884-HCSWG,Female,17,70.00,1144.50,Month-to-month,"Fiber optic","Electronic check",Loyal,Yes
4567-AKPIA,Female,41,109.10,4454.25,"One year","Fiber optic","Bank transfer (automatic)",Loyal,No
5077-DXTCG,Female,1,45.30,45.30,Month-to-month,DSL,"Electronic check",New,Yes
1142-WACZW,Male,2,29.85,75.60,Month-to-month,DSL,"Bank transfer (automatic)",New,Yes
7901-HXJVA,Male,14,76.45,1117.55,Month-to-month,"Fiber optic","Electronic check",Loyal,No
5649-ANRML,Male,2,95.10,180.25,Month-to-month,"Fiber optic","Credit card (automatic)",New,Yes
5924-IFQTT,Male,13,72.80,930.05,Month-to-month,DSL,"Electronic check",Loyal,No
2919-HBCJO,Female,4,76.65,333.60,Month-to-month,"Fiber optic","Bank transfer (automatic)",New,Yes
4236-XPXAV,Female,5,99.15,465.05,Month-to-month,"Fiber optic","Mailed check",New,Yes
8903-WMRNW,Female,15,101.75,1669.40,Month-to-month,"Fiber optic","Electronic check",Loyal,No
2452-SNHFZ,Female,47,75.45,3545.10,Month-to-month,"Fiber optic","Credit card (automatic)",Loyal,No
3629-WEAAM,Female,8,64.10,504.05,Month-to-month,DSL,"Mailed check",Mid,No
6029-CSMJE,Male,17,25.65,440.20,Month-to-month,DSL,"Mailed check",Loyal,No
7993-NQLJE,Male,15,75.10,1151.55,Month-to-month,"Fiber optic","Mailed check",Loyal,No
9909-DFRJA,Female,26,95.85,2475.35,"One year","Fiber optic","Bank transfer (automatic)",Loyal,No
9099-FTUHS,Female,23,54.40,1249.25,Month-to-month,DSL,"Electronic check",Loyal,No
0581-BXBUB,Female,4,72.75,317.75,Month-to-month,"Fiber optic","Electronic check",New,No
3030-YZADT,Male,9,44.95,431.00,Month-to-month,DSL,"Mailed check",Mid,Yes
7410-KTVFV,Male,18,49.55,878.35,Month-to-month,DSL,"Mailed check",Loyal,Yes
5150-ITWWB,Male,3,94.85,335.75,Month-to-month,"Fiber optic","Electronic check",New,No
2253-KPMNB,Female,69,46.25,3121.40,"Two year",DSL,"Bank transfer (automatic)",Loyal,No
6429-SHBCB,Male,19,69.60,1394.55,Month-to-month,DSL,"Mailed check",Loyal,No
9281-OFDMF,Male,39,90.70,3413.25,Month-to-month,"Fiber optic","Electronic check",Loyal,No
2603-HVKCG,Male,31,101.40,3143.65,Month-to-month,"Fiber optic","Electronic check",Loyal,No
9097-ZUBYC,Male,14,48.80,664.40,Month-to-month,DSL,"Bank transfer (automatic)",Loyal,No
5148-ORICT,Female,64,74.35,4759.55,"Two year",DSL,"Mailed check",Loyal,No
4578-PHJYZ,Male,52,68.75,3482.85,"One year",DSL,"Electronic check",Loyal,No
7272-QDCKA,Male,28,100.20,2688.45,"One year","Fiber optic","Electronic check",Loyal,No
8393-DLHGA,Male,25,95.90,2448.75,Month-to-month,"Fiber optic","Electronic check",Loyal,Yes
6968-MHOMU,Male,58,45.00,2689.35,"One year",DSL,"Credit card (automatic)",Loyal,No
7395-IGJOS,Male,17,81.50,1329.20,Month-to-month,"Fiber optic","Bank transfer (automatic)",Loyal,Yes
1814-WFGVS,Male,72,48.90,3527.00,"Two year",DSL,"Mailed check",Loyal,No
2834-SPCJV,Male,52,84.10,4348.65,Month-to-month,"Fiber optic","Electronic check",Loyal,Yes
1265-ZFOSD,Female,64,81.30,5129.30,"Two year",DSL,"Mailed check",Loyal,No
6568-POCUI,Female,45,95.20,4285.80,"Two year","Fiber optic","Credit card (automatic)",Loyal,No
7890-VYYWG,Male,3,36.45,93.70,Month-to-month,DSL,"Mailed check",New,Yes
5197-LQXXH,Female,71,83.30,5894.50,"Two year",DSL,"Credit card (automatic)",Loyal,No
9907-SWKKF,Female,1,25.05,25.05,Month-to-month,DSL,"Mailed check",New,Yes
7682-AZNDK,Male,34,89.85,3091.75,Month-to-month,"Fiber optic","Electronic check",Loyal,No
0587-DMGBH,Female,8,49.85,365.55,Month-to-month,DSL,"Electronic check",Mid,Yes
3745-HRPHI,Male,66,54.65,3632.00,"Two year",DSL,"Bank transfer (automatic)",Loyal,No
7636-OWBPG,Male,12,29.35,381.20,Month-to-month,DSL,"Credit card (automatic)",Mid,No
6397-JNZZG,Female,43,55.55,2342.20,Month-to-month,DSL,"Credit card (automatic)",Loyal,Yes
0570-BFQHT,Female,9,80.55,653.90,Month-to-month,"Fiber optic","Electronic check",Mid,No
3523-QRQLL,Female,22,69.50,1498.20,"One year",DSL,"Bank transfer (automatic)",Loyal,Yes
8564-LDKFL,Male,40,106.00,4178.65,"One year","Fiber optic","Bank transfer (automatic)",Loyal,No
0895-DQHEW,Male,54,104.30,5278.15,Month-to-month,"Fiber optic","Electronic check",Loyal,Yes
4717-GHADL,Female,50,79.60,4024.20,"Two year",DSL,"Mailed check",Loyal,No
5501-TVMGM,Male,1,55.25,55.25,Month-to-month,DSL,"Electronic check",New,No
5879-HMFFH,Female,72,88.05,6520.80,"Two year",DSL,"Bank transfer (automatic)",Loyal,No
3810-DVDQQ,Female,72,117.60,8308.90,"Two year","Fiber optic","Bank transfer (automatic)",Loyal,No
8550-XSXUQ,Male,48,70.55,3420.50,"One year",DSL,"Credit card (automatic)",Loyal,No
8149-RSOUN,Female,1,93.85,93.85,Month-to-month,"Fiber optic","Electronic check",New,Yes
9055-MOJJJ,Female,64,65.80,4068.00,"One year",DSL,"Mailed check",Loyal,No
0585-EGDDA,Male,40,80.00,3168.75,Month-to-month,"Fiber optic","Electronic check",Loyal,No
4032-RMHCI,Female,41,35.40,1412.40,"One year",DSL,"Credit card (automatic)",Loyal,No
0549-CYCQN,Male,51,79.60,3974.70,"One year","Fiber optic","Bank transfer (automatic)",Loyal,No
3481-JHUZH,Male,41,80.25,3439.00,Month-to-month,"Fiber optic","Electronic check",Loyal,No
7250-EQKIY,Female,1,50.45,50.45,Month-to-month,DSL,"Mailed check",New,Yes
6869-FGJJC,Male,68,79.60,5461.45,"One year","Fiber optic","Credit card (automatic)",Loyal,No
8205-VSLRB,Male,70,77.30,5498.20,"Two year",DSL,"Credit card (automatic)",Loyal,No
5960-MVTUK,Male,3,29.75,96.85,Month-to-month,DSL,"Electronic check",New,No
6817-WTYHE,Male,2,44.90,111.05,Month-to-month,DSL,"Bank transfer (automatic)",New,No
3082-VQXNH,Male,3,29.80,94.40,Month-to-month,DSL,"Credit card (automatic)",New,No
4013-UBXWQ,Female,7,74.65,521.10,Month-to-month,DSL,"Electronic check",Mid,Yes
4931-TRZWN,Female,13,71.95,923.85,Month-to-month,DSL,"Electronic check",Loyal,No
7669-LCRSD,Male,12,56.30,628.65,Month-to-month,DSL,"Mailed check",Mid,No
3567-PQTSO,Male,53,105.25,5576.30,"One year","Fiber optic","Electronic check",Loyal,No
5519-NPHVG,Female,12,94.20,1046.10,Month-to-month,"Fiber optic","Electronic check",Mid,Yes
9938-EKRGF,Female,15,84.45,1287.85,Month-to-month,DSL,"Mailed check",Loyal,No
2703-AMTUL,Male,36,53.65,1939.35,"One year",DSL,"Mailed check",Loyal,No
0928-JMXNP,Male,4,29.90,118.25,Month-to-month,DSL,"Electronic check",New,No
4825-XJGDM,Female,61,43.70,2696.55,"One year",DSL,"Credit card (automatic)",Loyal,No
5402-HTOTQ,Male,16,55.30,875.35,Month-to-month,DSL,"Electronic check",Loyal,No
3890-RTCMS,Male,16,49.45,799.00,Month-to-month,DSL,"Mailed check",Loyal,No
8849-GYOKR,Female,54,106.55,5763.30,"One year","Fiber optic","Bank transfer (automatic)",Loyal,Yes
3665-JATSN,Female,19,39.70,710.05,Month-to-month,DSL,"Electronic check",Loyal,No
7966-YOTQW,Male,10,54.50,568.20,Month-to-month,DSL,"Credit card (automatic)",Mid,No
0461-CVKMU,Female,23,83.80,1900.25,Month-to-month,"Fiber optic","Electronic check",Loyal,Yes
8806-EAGWC,Male,3,55.15,159.15,Month-to-month,DSL,"Mailed check",New,Yes
8853-TZDGH,Female,72,111.60,8012.75,"Two year","Fiber optic","Bank transfer (automatic)",Loyal,No
7779-LGOVN,Male,10,86.65,856.65,Month-to-month,"Fiber optic","Electronic check",Mid,Yes
4324-BZCKL,Female,10,55.55,551.30,Month-to-month,DSL,"Mailed check",Mid,No
9710-ZUSHQ,Female,37,106.75,4056.75,Month-to-month,"Fiber optic","Bank transfer (automatic)",Loyal,Yes
1536-YHDOE,Male,17,62.10,1096.65,"One year",DSL,"Mailed check",Loyal,No
8123-QBNAZ,Female,36,104.50,3684.95,Month-to-month,"Fiber optic","Credit card (automatic)",Loyal,No
3629-ZNKXA,Male,17,101.80,1752.45,Month-to-month,"Fiber optic","Electronic check",Loyal,No
4827-LTQRJ,Female,66,110.60,7210.85,"One year","Fiber optic","Credit card (automatic)",Loyal,No
7711-YIJWC,Male,61,84.90,5264.50,"One year",DSL,"Bank transfer (automatic)",Loyal,No
5482-VXSXJ,Male,22,93.20,2157.30,Month-to-month,"Fiber optic","Mailed check",Loyal,No
7365-BVCJH,Male,1,24.40,24.40,Month-to-month,DSL,"Electronic check",New,No
9620-ENEJV,Female,6,70.55,433.95,Month-to-month,"Fiber optic","Credit card (automatic)",New,No
4183-WCSEP,Male,31,78.45,2435.15,Month-to-month,"Fiber optic","Electronic check",Loyal,Yes
2378-YIZKA,Female,68,85.00,5607.75,"Two year",DSL,"Credit card (automatic)",Loyal,No
5498-TXHLF,Female,34,87.45,2874.15,Month-to-month,"Fiber optic","Electronic check",Loyal,Yes
0689-DSXGL,Female,52,85.80,4433.30,Month-to-month,"Fiber optic","Bank transfer (automatic)",Loyal,No
6818-DJXAA,Female,10,91.10,964.35,Month-to-month,"Fiber optic","Electronic check",Mid,No
9722-UJOJR,Male,29,70.75,1974.80,Month-to-month,"Fiber optic","Electronic check",Loyal,Yes
6778-EICRF,Male,24,74.80,1821.20,"One year",DSL,"Mailed check",Loyal,No
4132-KALRO,Female,4,100.85,399.25,Month-to-month,"Fiber optic","Mailed check",New,No
3902-FOIGH,Male,12,101.35,1218.55,Month-to-month,"Fiber optic","Electronic check",Mid,Yes
6772-KSATR,Male,1,81.70,81.70,Month-to-month,"Fiber optic","Electronic check",New,Yes
7112-OPOTK,Male,33,68.25,2171.15,Month-to-month,"Fiber optic","Electronic check",Loyal,Yes
2874-YXVVA,Female,34,105.10,3634.80,Month-to-month,"Fiber optic","Electronic check",Loyal,No
4210-QFJMF,Female,4,79.15,317.25,Month-to-month,"Fiber optic","Electronic check",New,Yes
4293-ETKAP,Female,65,79.40,5071.90,"Two year",DSL,"Bank transfer (automatic)",Loyal,No
6064-PUPMC,Male,23,57.20,1423.35,"One year",DSL,"Credit card (automatic)",Loyal,No
6504-VBLFL,Male,55,58.60,3068.60,"Two year",DSL,"Electronic check",Loyal,No
6322-PJJDJ,Male,49,94.80,4690.65,"Two year","Fiber optic","Electronic check",Loyal,No
0330-BGYZE,Male,60,102.50,6157.60,"One year","Fiber optic","Bank transfer (automatic)",Loyal,No
7586-ZATGZ,Male,40,84.90,3369.05,Month-to-month,"Fiber optic","Electronic check",Loyal,No
7197-VOJMM,Male,67,69.20,4671.65,"Two year",DSL,"Credit card (automatic)",Loyal,No
3318-OSATS,Male,35,95.45,3474.05,Month-to-month,"Fiber optic","Electronic check",Loyal,Yes
5828-AVIPD,Male,19,100.95,1875.55,"One year","Fiber optic","Electronic check",Loyal,Yes
9626-VFRGG,Female,41,88.50,3645.05,Month-to-month,"Fiber optic","Bank transfer (automatic)",Loyal,No
7075-BNDVQ,Female,4,35.00,135.75,Month-to-month,DSL,"Mailed check",New,No
9143-CANJF,Female,24,55.15,1319.85,Month-to-month,DSL,"Electronic check",Loyal,No
7284-BUYEC,Female,5,50.95,229.40,Month-to-month,DSL,"Credit card (automatic)",New,No
2041-JIJCI,Female,5,64.00,370.25,Month-to-month,DSL,"Electronic check",New,No
1086-LXKFY,Female,1,69.10,69.10,Month-to-month,"Fiber optic","Mailed check",New,Yes
4900-MSOMT,Female,72,80.20,5714.20,"Two year",DSL,"Bank transfer (automatic)",Loyal,No
2229-VWQJH,Female,24,49.30,1233.25,Month-to-month,DSL,"Credit card (automatic)",Loyal,No
9194-GFVOI,Female,42,84.35,3571.60,"Two year",DSL,"Credit card (automatic)",Loyal,No
4282-MSACW,Male,68,117.20,8035.95,"One year","Fiber optic","Credit card (automatic)",Loyal,No
2636-ALXXZ,Female,1,69.60,69.60,Month-to-month,"Fiber optic","Electronic check",New,Yes
7774-OJSXI,Male,31,103.45,3066.45,"One year","Fiber optic","Electronic check",Loyal,Yes
7786-WBJYI,Female,4,77.95,305.55,Month-to-month,"Fiber optic","Bank transfer (automatic)",New,Yes
0136-IFMYD,Male,69,109.95,7634.25,"Two year","Fiber optic","Electronic check",Loyal,No
5144-TVGLP,Male,38,94.75,3653.00,Month-to-month,"Fiber optic","Electronic check",Loyal,No
9643-AVVWI,Female,3,80.00,241.30,Month-to-month,"Fiber optic","Electronic check",New,No
0253-ZTEOB,Female,48,79.65,3870.30,"Two year",DSL,"Electronic check",Loyal,No
9885-CSMWE,Female,1,78.45,78.45,Month-to-month,"Fiber optic","Electronic check",New,Yes
6137-MFAJN,Female,48,44.80,2104.55,Month-to-month,DSL,"Electronic check",Loyal,No
2402-TAIRZ,Female,37,80.05,3019.10,"One year","Fiber optic","Electronic check",Loyal,No
9659-ZTWSM,Male,66,107.35,7051.95,"One year","Fiber optic","Bank transfer (automatic)",Loyal,No
9139-TWBAS,Female,26,47.85,1190.50,"One year",DSL,"Bank transfer (automatic)",Loyal,No
6685-GBWJZ,Male,63,70.80,4448.80,"One year",DSL,"Credit card (automatic)",Loyal,No
5016-ETTFF,Male,10,29.50,255.25,Month-to-month,DSL,"Mailed check",Mid,Yes
3866-MDTUB,Female,2,70.75,146.90,Month-to-month,DSL,"Electronic check",New,Yes
2195-VVRJF,Male,18,59.10,1011.05,Month-to-month,DSL,"Credit card (automatic)",Loyal,No
8058-JMEQO,Female,9,84.45,762.50,Month-to-month,"Fiber optic","Electronic check",Mid,Yes
5043-TRZWM,Female,1,75.55,75.55,Month-to-month,"Fiber optic","Electronic check",New,No
0697-ZMSWS,Male,4,85.65,338.90,Month-to-month,"Fiber optic","Electronic check",New,Yes
7657-DYEPJ,Male,38,70.15,2497.35,"One year",DSL,"Credit card (automatic)",Loyal,Yes
9494-BDNNC,Male,66,95.30,6273.40,"One year","Fiber optic","Electronic check",Loyal,No
1640-PLFMP,Female,1,70.25,70.25,Month-to-month,"Fiber optic","Electronic check",New,No
5366-OBVMR,Female,18,50.30,908.75,Month-to-month,DSL,"Mailed check",Loyal,No
8276-MQBYC,Male,51,97.80,4913.30,Month-to-month,"Fiber optic","Electronic check",Loyal,Yes
7593-XFKDI,Male,1,46.30,46.30,Month-to-month,DSL,"Mailed check",New,Yes
0337-CNPZE,Female,41,106.30,4443.45,Month-to-month,"Fiber optic","Electronic check",Loyal,Yes
0840-DFEZH,Female,7,75.35,564.65,Month-to-month,"Fiber optic","Electronic check",Mid,No
1513-XNPPH,Female,12,89.40,1095.65,Month-to-month,"Fiber optic","Electronic check",Mid,Yes
8690-ZVLCL,Female,68,88.00,6161.90,"Two year",DSL,"Credit card (automatic)",Loyal,No
6015-VVHHE,Female,5,83.15,446.05,Month-to-month,"Fiber optic","Credit card (automatic)",New,Yes
1125-SNVCK,Female,49,43.80,2106.05,Month-to-month,DSL,"Mailed check",Loyal,No
0384-LPITE,Male,40,62.05,2511.55,"One year",DSL,"Credit card (automatic)",Loyal,No
6347-DCUIK,Male,10,74.15,811.80,Month-to-month,"Fiber optic","Mailed check",Mid,Yes
1335-HQMKX,Female,72,101.35,7323.15,"One year","Fiber optic","Electronic check",Loyal,No
2545-EBUPK,Female,2,84.05,186.05,Month-to-month,"Fiber optic","Electronic check",New,No
2172-EJXVF,Female,71,105.90,7521.95,"One year","Fiber optic","Electronic check",Loyal,No
0897-FEGMU,Female,11,99.50,1056.95,Month-to-month,"Fiber optic","Electronic check",Mid,Yes
7663-RGWBC,Male,1,44.15,44.15,Month-to-month,DSL,"Mailed check",New,Yes
1120-BMWUB,Female,16,53.90,834.15,Month-to-month,DSL,"Mailed check",Loyal,Yes
9124-LHCJQ,Female,1,85.45,85.45,Month-to-month,"Fiber optic","Mailed check",New,Yes
4536-PLEQY,Male,12,85.05,999.80,Month-to-month,"Fiber optic","Credit card (automatic)",Mid,No
7029-IJEJK,Female,54,44.10,2369.70,"One year",DSL,"Bank transfer (automatic)",Loyal,No
8871-JLMHM,Female,68,90.20,6297.65,"Two year","Fiber optic","Credit card (automatic)",Loyal,No
2235-ZGKPT,Female,4,50.85,239.55,Month-to-month,DSL,"Mailed check",New,Yes
3891-PUQOD,Female,1,59.20,59.20,Month-to-month,DSL,"Electronic check",New,Yes
5447-VYTKW,Male,27,53.45,1461.45,Month-to-month,DSL,"Mailed check",Loyal,No
0689-NKYLF,Male,13,83.20,1060.60,Month-to-month,"Fiber optic","Electronic check",Loyal,Yes
8659-HDIYE,Female,64,74.65,4869.35,Month-to-month,DSL,"Credit card (automatic)",Loyal,No
3658-KIBGF,Female,1,54.90,54.90,Month-to-month,DSL,"Electronic check",New,Yes
3474-BAFSJ,Male,57,57.50,3265.95,"Two year",DSL,"Bank transfer (automatic)",Loyal,No
5519-YLDGW,Female,21,103.90,2254.20,Month-to-month,"Fiber optic","Electronic check",Loyal,Yes
1855-AGAWH,Male,31,93.80,2939.80,"One year","Fiber optic","Electronic check",Loyal,No
7109-CQYUZ,Male,52,89.25,4652.40,"Two year",DSL,"Mailed check",Loyal,No
1370-GGAWX,Female,46,94.15,4408.45,"One year","Fiber optic","Electronic check",Loyal,No
4680-KUTAJ,Female,11,55.60,580.80,Month-to-month,DSL,"Electronic check",Mid,No
5307-UVGNB,Female,53,48.70,2495.20,Month-to-month,DSL,"Bank transfer (automatic)",Loyal,No
2883-ILGWO,Male,57,104.90,5913.95,Month-to-month,"Fiber optic","Bank transfer (automatic)",Loyal,No
2516-VQRRV,Female,2,75.45,158.40,Month-to-month,"Fiber optic","Mailed check",New,Yes
7580-UGXNC,Female,2,54.85,104.20,Month-to-month,DSL,"Mailed check",New,Yes
5766-FTRTS,Male,72,84.45,6033.10,"Two year",DSL,"Mailed check",Loyal,No
5178-LMXOP,Male,1,95.10,95.10,Month-to-month,"Fiber optic","Electronic check",New,Yes
8879-ZKJOF,Female,41,79.85,3320.75,"One year",DSL,"Bank transfer (automatic)",Loyal,No
8185-UPYBR,Male,6,75.50,438.00,Month-to-month,"Fiber optic","Electronic check",New,Yes
4585-HETAI,Female,4,73.75,325.45,Month-to-month,"Fiber optic","Electronic check",New,Yes
7526-BEZQB,Male,12,96.05,1148.10,Month-to-month,"Fiber optic","Electronic check",Mid,Yes
1474-JUWSM,Female,58,68.40,3972.25,"One year",DSL,"Electronic check",Loyal,No
8498-XXGWA,Female,65,55.15,3673.15,Month-to-month,DSL,"Mailed check",Loyal,No
9617-INGJY,Male,1,70.60,70.60,Month-to-month,"Fiber optic","Mailed check",New,No
7636-PEPNS,Female,58,44.10,2413.05,"One year",DSL,"Mailed check",Loyal,No
4683-WYDOU,Male,62,107.60,6912.70,"Two year","Fiber optic","Bank transfer (automatic)",Loyal,No
9052-DHNKM,Male,26,61.55,1581.95,"One year",DSL,"Electronic check",Loyal,No
6794-HKIAJ,Male,62,90.70,5586.45,Month-to-month,"Fiber optic","Bank transfer (automatic)",Loyal,No
5578-NKCXI,Female,58,99.25,5846.65,"One year","Fiber optic","Credit card (automatic)",Loyal,No
1642-HMARX,Female,68,91.70,6424.70,"Two year",DSL,"Electronic check",Loyal,No
3096-WPXBT,Female,61,100.70,6018.65,"One year","Fiber optic","Credit card (automatic)",Loyal,No
8434-PNQZX,Female,42,78.45,3373.40,"Two year",DSL,"Credit card (automatic)",Loyal,No
5950-AAAGJ,Male,18,84.30,1537.90,Month-to-month,"Fiber optic","Bank transfer (automatic)",Loyal,No
4951-UKAAQ,Female,4,88.95,355.20,Month-to-month,"Fiber optic","Electronic check",New,Yes
6693-DJWTY,Female,35,55.60,2016.45,"One year",DSL,"Credit card (automatic)",Loyal,No
0744-GKNGE,Female,64,86.80,5327.25,Month-to-month,"Fiber optic","Bank transfer (automatic)",Loyal,No
2108-YKQTY,Female,4,50.70,151.30,Month-to-month,DSL,"Credit card (automatic)",New,Yes
4806-DXQCE,Female,70,113.65,7714.65,"Two year","Fiber optic","Electronic check",Loyal,No
4918-QLLIW,Male,3,53.40,188.70,Month-to-month,DSL,"Credit card (automatic)",New,Yes
7056-IMHCC,Male,53,101.90,5549.40,Month-to-month,"Fiber optic","Electronic check",Loyal,Yes
4854-SSLTN,Male,2,59.50,130.50,"Two year",DSL,"Mailed check",New,No
5294-DMSFH,Female,29,87.80,2621.75,Month-to-month,"Fiber optic","Credit card (automatic)",Loyal,No
4837-PZTIC,Female,47,41.90,1875.25,"Two year",DSL,"Mailed check",Loyal,No
1625-JAIIY,Female,68,83.00,5685.80,"One year","Fiber optic","Electronic check",Loyal,Yes
0603-OLQDC,Male,12,69.85,837.50,Month-to-month,DSL,"Mailed check",Mid,No
3272-VUHPV,Female,8,56.30,401.50,Month-to-month,DSL,"Bank transfer (automatic)",Mid,No
4176-FXYBO,Male,54,109.55,6118.95,Month-to-month,"Fiber optic","Electronic check",Loyal,No
1063-DHQJF,Male,69,92.15,6480.90,"Two year","Fiber optic","Mailed check",Loyal,No
8663-UPDGF,Female,26,69.50,1800.05,Month-to-month,DSL,"Bank transfer (automatic)",Loyal,No
6719-FGEDO,Female,72,97.00,7104.20,"Two year","Fiber optic","Bank transfer (automatic)",Loyal,No
1837-YQUCE,Female,70,58.35,4214.25,"Two year",DSL,"Bank transfer (automatic)",Loyal,No
2947-DOMLJ,Male,1,50.60,50.60,Month-to-month,DSL,"Mailed check",New,Yes
4112-LUEIZ,Male,10,89.50,863.10,Month-to-month,"Fiber optic","Electronic check",Mid,Yes
0369-ZGOVK,Female,28,70.40,1992.20,"One year","Fiber optic","Bank transfer (automatic)",Loyal,No
4510-HIMLV,Male,1,69.80,69.80,Month-to-month,"Fiber optic","Electronic check",New,Yes
9919-KNPOO,Female,21,94.30,1948.35,Month-to-month,"Fiber optic","Electronic check",Loyal,No
8749-JMNKX,Male,51,93.80,4750.95,Month-to-month,"Fiber optic","Bank transfer (automatic)",Loyal,Yes
9391-LMANN,Male,53,95.95,5036.90,"One year","Fiber optic","Electronic check",Loyal,No
2430-USGXP,Male,24,101.05,2391.80,Month-to-month,"Fiber optic","Electronic check",Loyal,Yes
8174-TBVCF,Female,70,94.80,6859.05,"Two year",DSL,"Credit card (automatic)",Loyal,No
1698-XFZCI,Male,61,107.75,6521.90,"One year","Fiber optic","Electronic check",Loyal,No
1877-HKBQX,Female,11,54.60,617.85,"One year",DSL,"Mailed check",Mid,No
4450-DLLMH,Male,2,71.30,157.75,Month-to-month,"Fiber optic","Credit card (automatic)",New,No
2746-DIJLO,Female,41,56.30,2364.00,"One year",DSL,"Credit card (automatic)",Loyal,No
5955-ERIHD,Male,18,94.70,1687.95,Month-to-month,"Fiber optic","Electronic check",Loyal,Yes
0917-EZOLA,Male,72,104.15,7689.95,"Two year","Fiber optic","Bank transfer (automatic)",Loyal,Yes
3508-VLHCZ,Female,71,90.55,6239.05,"Two year",DSL,"Credit card (automatic)",Loyal,No
4086-ATNFV,Female,34,60.80,2042.05,"One year",DSL,"Mailed check",Loyal,No
0468-YRPXN,Male,29,98.80,2807.10,Month-to-month,"Fiber optic","Credit card (automatic)",Loyal,No
5996-NRVXR,Male,40,98.15,4116.80,"One year","Fiber optic","Credit card (automatic)",Loyal,No
3739-YBWAB,Male,36,35.35,1317.95,"One year",DSL,"Mailed check",Loyal,No
7047-FWEYA,Female,46,103.15,4594.65,"One year","Fiber optic","Electronic check",Loyal,No
2000-MPKCA,Female,58,107.75,6332.75,"One year","Fiber optic","Electronic check",Loyal,No
9762-YAQAA,Male,39,81.40,3213.75,"One year","Fiber optic","Credit card (automatic)",Loyal,No
5949-EBSQK,Male,4,61.45,229.55,Month-to-month,DSL,"Credit card (automatic)",New,Yes
5473-KHBPS,Female,52,95.70,4976.15,"One year","Fiber optic","Credit card (automatic)",Loyal,No
0100-DUVFC,Male,70,104.80,7308.95,"One year","Fiber optic","Electronic check",Loyal,No
5397-TUPSH,Male,65,70.95,4555.20,"One year","Fiber optic","Bank transfer (automatic)",Loyal,No
8950-MTZNV,Male,1,44.95,44.95,Month-to-month,DSL,"Mailed check",New,No
0326-VDYXE,Female,70,97.65,6982.50,"One year","Fiber optic","Electronic check",Loyal,No
6773-LQTVT,Female,29,35.65,1025.15,Month-to-month,DSL,"Mailed check",Loyal,No
7274-RTAPZ,Male,1,90.55,90.55,Month-to-month,"Fiber optic","Electronic check",New,Yes
0436-TWFFZ,Female,67,85.25,5714.20,"Two year",DSL,"Mailed check",Loyal,No
0311-UNPFF,Female,26,88.80,2274.35,Month-to-month,"Fiber optic","Bank transfer (automatic)",Loyal,Yes
2669-OIDSD,Female,48,100.05,4834.00,Month-to-month,"Fiber optic","Credit card (automatic)",Loyal,No
8400-WZICQ,Female,55,55.70,3131.80,Month-to-month,DSL,"Electronic check",Loyal,No
3834-XUIFC,Male,7,85.20,602.55,Month-to-month,"Fiber optic","Mailed check",Mid,Yes
9576-SYUHJ,Male,37,91.15,3369.25,Month-to-month,"Fiber optic","Electronic check",Loyal,No
0410-IPFTY,Female,31,83.85,2674.15,Month-to-month,"Fiber optic","Bank transfer (automatic)",Loyal,No
2831-EBWRN,Male,4,45.90,199.75,Month-to-month,DSL,"Electronic check",New,No
8414-MYSHR,Male,5,91.40,449.75,Month-to-month,"Fiber optic","Electronic check",New,Yes
9402-ORRAH,Female,15,91.50,1400.30,Month-to-month,"Fiber optic","Electronic check",Loyal,No
6483-OATDN,Male,8,51.30,411.60,Month-to-month,DSL,"Credit card (automatic)",Mid,No
4840-ORQXB,Female,56,104.75,5841.35,Month-to-month,"Fiber optic","Electronic check",Loyal,No
7599-FKVXZ,Male,42,106.15,4512.70,Month-to-month,"Fiber optic","Bank transfer (automatic)",Loyal,Yes
3982-DQLUS,Male,65,85.75,5688.45,Month-to-month,"Fiber optic","Electronic check",Loyal,No
3756-VNWDH,Male,65,100.75,6674.65,"One year","Fiber optic","Electronic check",Loyal,No
7801-KICAO,Female,18,74.15,1345.75,Month-to-month,"Fiber optic","Electronic check",Loyal,No
7673-LPRNY,Female,23,78.55,1843.05,"One year",DSL,"Electronic check",Loyal,No
8229-TNIQA,Female,4,45.30,196.95,Month-to-month,DSL,"Mailed check",New,Yes
7339-POGZN,Female,4,50.70,214.55,Month-to-month,DSL,"Electronic check",New,No
2828-SLQPF,Male,19,45.00,865.85,Month-to-month,DSL,"Bank transfer (automatic)",Loyal,No
4465-VDKIQ,Female,18,77.80,1358.60,Month-to-month,"Fiber optic","Electronic check",Loyal,No
2921-XWDJH,Female,38,83.45,3147.15,Month-to-month,"Fiber optic","Electronic check",Loyal,No
6221-AVQYL,Male,2,73.25,131.05,Month-to-month,"Fiber optic","Credit card (automatic)",New,Yes
2558-BUOZZ,Male,47,94.80,4535.85,"One year","Fiber optic","Bank transfer (automatic)",Loyal,No
0003-MKNFE,Male,9,59.90,542.40,Month-to-month,DSL,"Mailed check",Mid,No
0975-UYDTX,Female,26,90.10,2312.55,"One year",DSL,"Credit card (automatic)",Loyal,No
7743-EXURX,Male,8,51.05,415.05,Month-to-month,DSL,"Electronic check",Mid,Yes
4682-BLBUC,Male,44,70.95,3250.45,"One year",DSL,"Electronic check",Loyal,No
0975-VOOVL,Female,3,29.20,98.50,Month-to-month,DSL,"Mailed check",New,No
5968-VXZLG,Male,2,46.60,87.90,Month-to-month,DSL,"Bank transfer (automatic)",New,No
5569-KGJHX,Female,9,85.35,754.65,Month-to-month,"Fiber optic","Bank transfer (automatic)",Mid,Yes
4988-IQIGL,Male,1,75.35,75.35,Month-to-month,"Fiber optic","Electronic check",New,Yes
5201-FRKKS,Male,25,74.30,1952.25,Month-to-month,"Fiber optic","Bank transfer (automatic)",Loyal,No
9799-CAYJJ,Female,2,69.30,153.80,Month-to-month,"Fiber optic","Electronic check",New,No
7730-IUTDZ,Male,43,75.20,3198.60,Month-to-month,"Fiber optic","Electronic check",Loyal,Yes
5443-SCMKX,Female,58,94.30,5610.15,"One year","Fiber optic","Electronic check",Loyal,No
8295-KMENE,Female,59,76.45,4519.50,"Two year",DSL,"Mailed check",Loyal,No
6738-ISCBM,Male,44,54.00,2440.25,"One year",DSL,"Electronic check",Loyal,No
9821-BESNZ,Male,66,104.25,6860.60,"One year","Fiber optic","Electronic check",Loyal,No
1335-NTIUC,Male,9,24.95,190.25,Month-to-month,DSL,"Electronic check",Mid,No
2916-BQZLN,Male,19,84.75,1651.95,Month-to-month,"Fiber optic","Electronic check",Loyal,No
2368-GAKKQ,Female,70,113.65,7939.25,"Two year","Fiber optic","Bank transfer (automatic)",Loyal,No
8710-YGLWG,Male,1,44.90,44.90,Month-to-month,DSL,"Mailed check",New,No
3199-XGZCY,Female,8,75.25,576.70,Month-to-month,"Fiber optic","Electronic check",Mid,No
6993-YCOBK,Male,60,110.60,6586.85,"Two year","Fiber optic","Electronic check",Loyal,No
5206-HPJKM,Male,17,55.50,934.15,Month-to-month,DSL,"Credit card (automatic)",Loyal,No
7587-RZNME,Male,3,43.30,123.65,Month-to-month,DSL,"Electronic check",New,Yes
0748-RDGGM,Male,70,109.50,7534.65,"One year","Fiber optic","Bank transfer (automatic)",Loyal,Yes
5019-GQVCR,Male,43,84.85,3645.60,Month-to-month,"Fiber optic","Electronic check",Loyal,No
2550-AEVRU,Female,57,53.45,3053.00,"One year",DSL,"Electronic check",Loyal,No
0378-CJKPV,Female,72,112.10,7965.95,"Two year","Fiber optic","Credit card (automatic)",Loyal,No
4706-AXVKM,Female,11,84.80,906.85,Month-to-month,"Fiber optic","Credit card (automatic)",Mid,Yes
5889-JTMUL,Female,50,95.05,4888.70,Month-to-month,"Fiber optic","Electronic check",Loyal,Yes
9026-RNUJS,Male,5,50.35,237.25,Month-to-month,DSL,"Electronic check",New,Yes
3746-EUBYR,Male,1,74.60,74.60,Month-to-month,"Fiber optic","Bank transfer (automatic)",New,Yes
2880-FPNAE,Male,2,74.20,140.10,Month-to-month,"Fiber optic","Electronic check",New,No
1703-MGIAB,Female,17,69.00,1108.00,Month-to-month,DSL,"Mailed check",Loyal,No
9474-PHLYD,Female,15,59.45,892.65,Month-to-month,DSL,"Electronic check",Loyal,Yes
2165-VOEGB,Female,46,105.20,4822.85,"One year","Fiber optic","Bank transfer (automatic)",Loyal,Yes
3612-YUNGG,Male,64,109.20,6741.15,"Two year","Fiber optic","Credit card (automatic)",Loyal,No
2254-DLXRI,Female,1,79.15,79.15,Month-to-month,"Fiber optic","Mailed check",New,No
5062-CJJKH,Male,25,53.65,1355.45,"One year",DSL,"Mailed check",Loyal,No
9028-LIHRP,Male,71,100.20,7209.00,"Two year","Fiber optic","Credit card (automatic)",Loyal,No
2219-MVUSO,Male,8,45.15,438.40,Month-to-month,DSL,"Mailed check",Mid,Yes
1053-MXTTK,Female,72,108.65,7726.35,"Two year","Fiber optic","Bank transfer (automatic)",Loyal,No
1530-ZTDOZ,Female,49,40.65,2070.75,Month-to-month,DSL,"Bank transfer (automatic)",Loyal,No
1301-LOPVR,Male,29,55.35,1636.95,"One year",DSL,"Credit card (automatic)",Loyal,No
0853-TWRVK,Male,72,105.60,7581.50,"Two year","Fiber optic","Bank transfer (automatic)",Loyal,No
8914-RBTSB,Male,31,93.80,3019.50,Month-to-month,"Fiber optic","Electronic check",Loyal,Yes
6212-ATMLK,Female,50,95.70,4729.75,Month-to-month,"Fiber optic","Electronic check",Loyal,No
8200-LGKSR,Male,71,83.20,6126.10,"Two year",DSL,"Electronic check",Loyal,No
1568-BEKZM,Male,70,90.05,6333.40,"Two year",DSL,"Credit card (automatic)",Loyal,No
0670-ANMUU,Male,71,97.65,6687.85,"One year","Fiber optic","Credit card (automatic)",Loyal,No
6897-RWMUB,Male,61,68.05,4158.25,"Two year",DSL,"Bank transfer (automatic)",Loyal,No
0963-ZBDRN,Male,32,96.20,3183.40,Month-to-month,"Fiber optic","Electronic check",Loyal,Yes
7594-RQHXR,Female,1,79.60,79.60,Month-to-month,"Fiber optic","Electronic check",New,Yes
6999-CHVCF,Male,68,102.10,7149.35,"Two year","Fiber optic","Bank transfer (automatic)",Loyal,No
1077-HUUJM,Female,7,71.05,472.65,Month-to-month,"Fiber optic","Electronic check",Mid,No
6331-EWIEB,Male,20,85.25,1734.50,Month-to-month,"Fiber optic","Electronic check",Loyal,Yes
2045-BMBTJ,Female,33,59.45,1884.65,Month-to-month,DSL,"Bank transfer (automatic)",Loyal,No
8417-GSODA,Male,28,92.20,2568.15,"One year","Fiber optic","Bank transfer (automatic)",Loyal,No
4452-QIIEB,Male,7,43.90,278.40,Month-to-month,DSL,"Mailed check",Mid,No
5998-VVEJY,Male,26,80.50,2088.80,Month-to-month,"Fiber optic","Electronic check",Loyal,Yes
1624-NALOJ,Male,5,89.80,502.60,Month-to-month,"Fiber optic","Electronic check",New,Yes
6741-EGCBI,Male,30,90.50,2595.85,Month-to-month,"Fiber optic","Credit card (automatic)",Loyal,No
7820-ZYGNY,Male,63,90.45,5825.50,"One year","Fiber optic","Credit card (automatic)",Loyal,No
4317-VTEOA,Male,1,50.75,50.75,Month-to-month,DSL,"Electronic check",New,Yes
9677-AVKED,Female,53,84.60,4449.75,"One year",DSL,"Electronic check",Loyal,No
1670-SVOWZ,Female,14,89.65,1208.35,Month-to-month,"Fiber optic","Credit card (automatic)",Loyal,Yes
2227-JRSJX,Female,21,99.15,1956.40,Month-to-month,"Fiber optic","Bank transfer (automatic)",Loyal,No
8980-WQFWL,Female,35,62.10,2096.10,Month-to-month,DSL,"Electronic check",Loyal,No
1730-ZMAME,Female,32,79.50,2665.00,Month-to-month,"Fiber optic","Electronic check",Loyal,No
9501-UKKNL,Male,59,51.70,3005.80,Month-to-month,DSL,"Electronic check",Loyal,No
7541-YLXCL,Male,36,65.40,2498.40,"One year",DSL,"Mailed check",Loyal,Yes
4795-WRNVT,Female,40,65.10,2586.00,Month-to-month,DSL,"Mailed check",Loyal,No
6080-TCMYC,Male,40,81.20,3292.30,Month-to-month,"Fiber optic","Electronic check",Loyal,No
0260-ZDLGK,Female,9,72.90,651.40,Month-to-month,DSL,"Mailed check",Mid,Yes
7860-UXCRM,Male,63,74.50,4674.55,"Two year",DSL,"Credit card (automatic)",Loyal,No
6357-JJPQT,Female,3,80.50,232.35,Month-to-month,"Fiber optic","Electronic check",New,No
2292-XQWSV,Male,40,60.30,2448.50,"One year",DSL,"Mailed check",Loyal,No
9552-TGUZV,Male,8,75.00,658.10,Month-to-month,"Fiber optic","Mailed check",Mid,No
5913-INRQV,Male,34,90.15,3128.80,"One year","Fiber optic","Mailed check",Loyal,No
8722-NGNBH,Male,5,40.00,223.45,Month-to-month,DSL,"Mailed check",New,Yes
6210-KBBPI,Male,9,99.45,919.40,Month-to-month,"Fiber optic","Credit card (automatic)",Mid,Yes
9643-YBLUR,Male,9,69.05,653.95,Month-to-month,DSL,"Credit card (automatic)",Mid,No
8734-FNWVH,Male,31,59.70,1825.50,Month-to-month,DSL,"Bank transfer (automatic)",Loyal,No
0133-BMFZO,Female,2,86.25,181.65,Month-to-month,"Fiber optic","Electronic check",New,Yes
6128-CZOMY,Female,1,45.65,45.65,Month-to-month,DSL,"Electronic check",New,Yes
9540-JYROE,Male,8,70.10,551.35,Month-to-month,"Fiber optic","Mailed check",Mid,Yes
9026-LHEVG,Female,9,40.75,359.40,Month-to-month,DSL,"Electronic check",Mid,No
2260-USTRB,Female,2,70.20,115.95,Month-to-month,"Fiber optic","Bank transfer (automatic)",New,Yes
3656-TKRVZ,Female,3,55.35,165.20,Month-to-month,DSL,"Electronic check",New,Yes
7011-CVEUC,Male,25,95.70,2338.35,Month-to-month,"Fiber optic","Credit card (automatic)",Loyal,No
6185-TASNN,Male,1,46.30,46.30,Month-to-month,DSL,"Electronic check",New,No
7925-PNRGI,Female,45,81.30,3541.10,Month-to-month,DSL,"Mailed check",Loyal,No
8623-TMRBY,Male,51,84.20,4146.05,Month-to-month,"Fiber optic","Electronic check",Loyal,Yes
3038-PQIUY,Female,38,66.15,2522.40,Month-to-month,DSL,"Bank transfer (automatic)",Loyal,No
1501-SGHBW,Male,2,45.85,81.00,Month-to-month,DSL,"Mailed check",New,Yes
8148-BPLZQ,Male,34,49.80,1734.20,Month-to-month,DSL,"Electronic check",Loyal,No
2623-DRYAM,Female,70,101.75,7069.30,"One year","Fiber optic","Electronic check",Loyal,No
9987-LUTYD,Female,13,55.15,742.90,"One year",DSL,"Mailed check",Loyal,No
3208-YPIOE,Male,39,75.25,3017.65,Month-to-month,"Fiber optic","Electronic check",Loyal,Yes
4488-KQFDT,Female,61,103.95,6423.00,"One year","Fiber optic","Electronic check",Loyal,No
2612-RANWT,Female,12,100.15,1164.30,Month-to-month,"Fiber optic","Bank transfer (automatic)",Mid,Yes
5693-PIPCS,Male,41,99.65,4220.35,"Two year","Fiber optic","Credit card (automatic)",Loyal,No
0491-KAPQG,Male,21,73.70,1558.70,Month-to-month,"Fiber optic","Electronic check",Loyal,No
1925-LFCZZ,Male,55,50.05,2743.45,"One year",DSL,"Bank transfer (automatic)",Loyal,No
8039-EQPIM,Male,69,60.25,4055.50,"Two year",DSL,"Bank transfer (automatic)",Loyal,No
6900-PXRMS,Male,26,105.75,2710.25,Month-to-month,"Fiber optic","Electronic check",Loyal,Yes
8707-RMEZH,Female,69,87.30,6055.55,"One year","Fiber optic","Credit card (automatic)",Loyal,No
3346-BRMIS,Female,18,48.35,810.70,Month-to-month,DSL,"Electronic check",Loyal,Yes
3209-ZPKFI,Male,47,54.25,2538.20,Month-to-month,DSL,"Electronic check",Loyal,No
6479-VDGRK,Female,72,85.30,6129.20,"Two year",DSL,"Bank transfer (automatic)",Loyal,No
9373-WSLOY,Male,33,50.00,1750.85,Month-to-month,DSL,"Electronic check",Loyal,No
2933-FILNV,Female,2,24.40,36.55,Month-to-month,DSL,"Mailed check",New,Yes
3569-JFODW,Female,72,90.95,6652.45,"Two year",DSL,"Credit card (automatic)",Loyal,No
9819-FBNSV,Male,37,72.25,2575.45,Month-to-month,"Fiber optic","Bank transfer (automatic)",Loyal,No
9544-PYPSJ,Female,62,96.10,6019.35,Month-to-month,"Fiber optic","Credit card (automatic)",Loyal,No
0396-UKGAI,Male,23,55.30,1284.20,Month-to-month,DSL,"Bank transfer (automatic)",Loyal,No
5186-EJEGL,Male,9,69.50,653.25,Month-to-month,DSL,"Mailed check",Mid,No
2722-JMONI,Female,1,49.55,49.55,Month-to-month,DSL,"Electronic check",New,Yes
2203-GHNWN,Female,24,79.65,1928.70,Month-to-month,"Fiber optic","Mailed check",Loyal,No
3878-AVSOQ,Female,1,71.25,71.25,Month-to-month,"Fiber optic","Electronic check",New,No
3258-SYSWS,Male,72,113.80,7845.80,"Two year","Fiber optic","Bank transfer (automatic)",Loyal,No
7579-OOPEC,Female,2,50.15,115.10,Month-to-month,DSL,"Credit card (automatic)",New,Yes
0512-FLFDW,Female,60,100.50,6029.00,"One year","Fiber optic","Credit card (automatic)",Loyal,No
1771-OADNZ,Male,29,95.90,2745.20,Month-to-month,"Fiber optic","Electronic check",Loyal,Yes
0487-CRLZF,Female,49,74.45,3721.90,"Two year",DSL,"Bank transfer (automatic)",Loyal,No
2107-FBPTK,Female,30,104.10,3121.10,Month-to-month,"Fiber optic","Electronic check",Loyal,No
9738-QLWTP,Male,39,81.90,3219.75,"One year","Fiber optic","Electronic check",Loyal,No
1016-DJTSV,Male,8,69.70,572.85,Month-to-month,"Fiber optic","Electronic check",Mid,No
9419-IPPBE,Female,51,90.15,4554.85,"One year","Fiber optic","Electronic check",Loyal,No
0612-RTZZA,Female,1,25.25,25.25,Month-to-month,DSL,"Electronic check",New,Yes
8106-GWQOK,Male,38,60.00,2193.20,"Two year",DSL,"Bank transfer (automatic)",Loyal,No
8751-EDEKA,Female,28,89.90,2433.50,Month-to-month,"Fiber optic","Credit card (automatic)",Loyal,No
4039-PIMHX,Male,49,49.80,2398.40,"Two year",DSL,"Mailed check",Loyal,No
3604-WLABM,Female,10,54.25,583.00,Month-to-month,DSL,"Electronic check",Mid,No
0795-GMVQO,Male,67,109.90,7332.40,"One year","Fiber optic","Credit card (automatic)",Loyal,No
2259-OUUSZ,Male,7,35.50,249.55,"One year",DSL,"Credit card (automatic)",Mid,No
1142-IHLOO,Female,51,87.55,4475.90,"One year","Fiber optic","Credit card (automatic)",Loyal,No
6410-LEFEN,Female,9,45.15,416.45,Month-to-month,DSL,"Electronic check",Mid,Yes
4633-MKHYU,Female,9,88.40,788.60,Month-to-month,"Fiber optic","Mailed check",Mid,No
6257-RJOHI,Male,4,50.80,202.30,Month-to-month,DSL,"Mailed check",New,No
1545-JFUML,Male,71,99.00,6994.60,"Two year","Fiber optic","Electronic check",Loyal,No
3194-ORPIK,Female,50,84.40,4116.15,Month-to-month,"Fiber optic","Bank transfer (automatic)",Loyal,Yes
7826-VVKWT,Female,24,96.55,2263.45,"Two year","Fiber optic","Electronic check",Loyal,No
1353-GHZOS,Male,22,59.75,1374.35,"One year",DSL,"Bank transfer (automatic)",Loyal,No
2587-EKXTS,Male,44,111.50,4915.15,Month-to-month,"Fiber optic","Electronic check",Loyal,No
8816-VXNZD,Female,1,75.10,75.10,Month-to-month,"Fiber optic","Electronic check",New,Yes
9378-FXTIZ,Female,54,70.15,3715.65,"One year",DSL,"Credit card (automatic)",Loyal,Yes
1723-HKXJQ,Male,42,101.75,4273.45,Month-to-month,"Fiber optic","Electronic check",Loyal,Yes
7825-GKXMW,Female,1,45.80,45.80,Month-to-month,DSL,"Electronic check",New,Yes
2364-UFROM,Male,30,70.40,2044.75,"One year",DSL,"Electronic check",Loyal,No
6656-JWRQX,Female,1,30.55,30.55,Month-to-month,DSL,"Mailed check",New,No
6473-ULUHT,Male,16,84.90,1398.25,Month-to-month,DSL,"Electronic check",Loyal,No
0836-SEYLU,Male,9,40.65,328.95,Month-to-month,DSL,"Mailed check",Mid,Yes
4433-JCGCG,Male,46,101.00,4680.05,Month-to-month,"Fiber optic","Electronic check",Loyal,Yes
3716-BDVDB,Male,1,69.10,69.10,Month-to-month,"Fiber optic","Electronic check",New,Yes
7688-AWMDX,Male,71,54.50,3778.20,"Two year",DSL,"Bank transfer (automatic)",Loyal,No
2842-BCQGE,Male,43,75.35,3161.40,Month-to-month,"Fiber optic","Credit card (automatic)",Loyal,No
7244-QWYHG,Male,50,44.45,2188.45,"One year",DSL,"Bank transfer (automatic)",Loyal,No
5899-MQZZL,Female,13,75.00,999.45,Month-to-month,"Fiber optic","Mailed check",Loyal,Yes
6849-OYAMU,Male,19,100.00,1888.65,"One year","Fiber optic","Bank transfer (automatic)",Loyal,Yes
5312-UXESG,Female,41,98.05,3990.60,Month-to-month,"Fiber optic","Bank transfer (automatic)",Loyal,No
9488-HGMJH,Female,1,71.15,71.15,Month-to-month,"Fiber optic","Electronic check",New,Yes
6038-GCYEC,Female,24,54.15,1240.25,Month-to-month,DSL,"Credit card (automatic)",Loyal,Yes
2150-WLKUW,Female,40,63.90,2635.00,"One year",DSL,"Bank transfer (automatic)",Loyal,No
7159-FVYPK,Female,3,69.15,235.00,Month-to-month,DSL,"Bank transfer (automatic)",New,No
7032-LMBHI,Female,37,64.65,2347.85,"One year",DSL,"Bank transfer (automatic)",Loyal,No
1150-WFARN,Female,67,108.75,7156.20,"Two year","Fiber optic","Credit card (automatic)",Loyal,Yes
6088-BXMRG,Female,32,98.85,3089.60,Month-to-month,"Fiber optic","Electronic check",Loyal,No
3144-AUDBS,Female,6,49.15,270.80,Month-to-month,DSL,"Electronic check",New,Yes
4821-SJHJV,Female,32,89.60,2901.80,Month-to-month,"Fiber optic","Electronic check",Loyal,No
7346-MEDWM,Female,59,83.25,4949.10,Month-to-month,"Fiber optic","Electronic check",Loyal,No
1137-DGOWI,Female,30,70.25,2198.90,"One year",DSL,"Bank transfer (automatic)",Loyal,No
4818-QIUFN,Female,20,79.15,1520.90,Month-to-month,"Fiber optic","Electronic check",Loyal,Yes
4227-OJHAL,Female,68,73.00,5163.00,"One year",DSL,"Credit card (automatic)",Loyal,No
9220-CXRSC,Female,69,61.40,4059.85,"Two year",DSL,"Credit card (automatic)",Loyal,No
4993-JCRGJ,Male,26,84.30,2281.60,Month-to-month,"Fiber optic","Mailed check",Loyal,No
2103-ZRXFN,Male,1,50.75,50.75,Month-to-month,DSL,"Mailed check",New,No
4877-TSOFF,Female,55,75.75,4264.25,"One year",DSL,"Bank transfer (automatic)",Loyal,No
9209-NWPGU,Male,44,65.40,2774.55,"One year",DSL,"Electronic check",Loyal,No
6961-VCPMC,Male,46,80.40,3605.20,Month-to-month,"Fiber optic","Electronic check",Loyal,Yes
7306-YDSOI,Male,69,59.75,4069.90,"Two year",DSL,"Bank transfer (automatic)",Loyal,No
5288-AHOUP,Male,11,78.50,874.20,Month-to-month,"Fiber optic","Electronic check",Mid,No
6688-UZPWD,Female,11,102.00,1145.35,Month-to-month,"Fiber optic","Electronic check",Mid,Yes
0655-YDGFJ,Male,29,48.95,1323.70,Month-to-month,DSL,"Bank transfer (automatic)",Loyal,No
8468-EHYJA,Female,57,99.65,5497.05,Month-to-month,"Fiber optic","Electronic check",Loyal,No
1097-FSPVW,Female,42,54.55,2455.05,Month-to-month,DSL,"Credit card (automatic)",Loyal,No
8328-SKJNO,Male,23,40.65,947.40,"One year",DSL,"Bank transfer (automatic)",Loyal,No
0968-GSIKN,Female,1,70.80,70.80,Month-to-month,"Fiber optic","Mailed check",New,Yes
1965-DDBWU,Male,16,89.05,1448.60,Month-to-month,"Fiber optic","Credit card (automatic)",Loyal,Yes
9057-SIHCH,Female,3,96.60,291.90,Month-to-month,"Fiber optic","Electronic check",New,Yes
6352-GIGGQ,Male,67,88.80,5903.15,"One year",DSL,"Bank transfer (automatic)",Loyal,No
6771-XWBDM,Female,57,104.50,5921.35,Month-to-month,"Fiber optic","Credit card (automatic)",Loyal,Yes
2897-DOVND,Male,2,69.80,146.65,Month-to-month,"Fiber optic","Electronic check",New,No
3082-YVEKW,Female,23,77.15,1759.40,"Two year",DSL,"Bank transfer (automatic)",Loyal,No
0191-EQUUH,Female,25,35.05,844.45,"Two year",DSL,"Bank transfer (automatic)",Loyal,No
7134-HBPBS,Female,72,108.10,7774.05,"Two year","Fiber optic","Bank transfer (automatic)",Loyal,No
3489-HHPFY,Female,2,84.05,134.05,Month-to-month,"Fiber optic","Electronic check",New,No
8601-QACRS,Female,5,50.60,249.95,Month-to-month,DSL,"Mailed check",New,Yes
4950-BDEUX,Male,35,49.20,1701.65,Month-to-month,DSL,"Electronic check",Loyal,No
0508-OOLTO,Female,2,71.65,135.75,Month-to-month,"Fiber optic","Electronic check",New,No
2984-TBYKU,Male,72,104.90,7732.65,"Two year","Fiber optic","Credit card (automatic)",Loyal,No
9822-WMWVG,Female,41,106.50,4282.40,Month-to-month,"Fiber optic","Electronic check",Loyal,No
2391-SOORI,Male,4,49.35,219.65,Month-to-month,DSL,"Electronic check",New,Yes
9040-KZVWO,Male,26,75.50,2018.10,"One year","Fiber optic","Bank transfer (automatic)",Loyal,No
2645-QTLMB,Male,7,94.25,669.00,Month-to-month,"Fiber optic","Electronic check",Mid,Yes
4806-HIPDW,Female,1,68.95,68.95,Month-to-month,"Fiber optic","Electronic check",New,Yes
1548-ARAGG,Female,4,58.50,224.85,Month-to-month,DSL,"Mailed check",New,No
6339-RZCBJ,Male,48,78.90,3771.50,"Two year",DSL,"Credit card (automatic)",Loyal,No
4424-TKOPW,Male,2,93.85,196.75,Month-to-month,"Fiber optic","Electronic check",New,Yes
4415-WNGVR,Female,12,79.20,943.85,"One year",DSL,"Electronic check",Mid,No
2522-AHJXR,Male,60,109.45,6572.85,Month-to-month,"Fiber optic","Bank transfer (automatic)",Loyal,No
0412-UCCNP,Male,55,59.20,3175.85,"Two year",DSL,"Electronic check",Loyal,No
1816-FLZDK,Male,1,29.15,29.15,Month-to-month,DSL,"Mailed check",New,No
8443-ZRDBZ,Male,4,76.05,318.90,Month-to-month,"Fiber optic","Electronic check",New,Yes
9136-ALYBR,Male,1,24.45,24.45,Month-to-month,DSL,"Mailed check",New,Yes
4615-PIVVU,Female,42,66.50,2762.75,"Two year",DSL,"Credit card (automatic)",Loyal,No
8885-QSQBX,Female,1,49.55,49.55,Month-to-month,DSL,"Bank transfer (automatic)",New,No
7479-NITWS,Male,7,89.35,631.85,Month-to-month,"Fiber optic","Credit card (automatic)",Mid,Yes
8617-ENBDS,Male,3,73.60,232.50,Month-to-month,"Fiber optic","Credit card (automatic)",New,No
9385-NXKDA,Female,72,82.65,5919.35,"Two year",DSL,"Credit card (automatic)",Loyal,No
0430-IHCDJ,Male,15,49.00,749.25,Month-to-month,DSL,"Electronic check",Loyal,No
2959-MJHIC,Male,4,80.35,307.40,Month-to-month,"Fiber optic","Electronic check",New,Yes
4201-JMNGR,Female,1,55.80,55.80,Month-to-month,DSL,"Electronic check",New,Yes
9351-HXDMR,Male,72,110.90,8240.85,"Two year","Fiber optic","Credit card (automatic)",Loyal,No
3537-HPKQT,Female,55,77.75,4266.40,Month-to-month,"Fiber optic","Credit card (automatic)",Loyal,No
5960-WPXQM,Male,1,79.05,79.05,Month-to-month,"Fiber optic","Electronic check",New,Yes
0684-AOSIH,Male,1,95.00,95.00,Month-to-month,"Fiber optic","Electronic check",New,Yes
8260-NGFNY,Female,1,25.20,25.20,Month-to-month,DSL,"Mailed check",New,Yes
1309-XGFSN,Male,52,80.85,4079.55,"One year",DSL,"Electronic check",Loyal,No
1866-RZZQS,Male,41,98.40,4187.75,Month-to-month,"Fiber optic","Electronic check",Loyal,Yes
6968-URWQU,Male,43,56.35,2391.15,"One year",DSL,"Mailed check",Loyal,No
9631-XEYKE,Male,3,50.40,137.25,Month-to-month,DSL,"Bank transfer (automatic)",New,No
8631-NBHFZ,Male,66,79.40,5154.60,"Two year",DSL,"Credit card (automatic)",Loyal,Yes
1335-MXCSE,Male,55,55.25,3119.90,"Two year",DSL,"Credit card (automatic)",Loyal,No
8800-JOOCF,Female,12,84.05,966.55,Month-to-month,"Fiber optic","Electronic check",Mid,No
1469-LBJQJ,Female,66,105.20,6936.85,Month-to-month,"Fiber optic","Electronic check",Loyal,No
4958-XCBDQ,Male,35,101.40,3496.30,Month-to-month,"Fiber optic","Electronic check",Loyal,Yes
8337-UPOAQ,Male,10,89.80,914.30,Month-to-month,"Fiber optic","Electronic check",Mid,Yes
0064-YIJGF,Male,27,75.75,1929.00,Month-to-month,"Fiber optic","Bank transfer (automatic)",Loyal,No
2386-OWURY,Female,58,95.30,5817.70,Month-to-month,"Fiber optic","Electronic check",Loyal,No
1725-IQNIY,Male,54,109.75,6110.20,"Two year","Fiber optic","Bank transfer (automatic)",Loyal,Yes
3453-RTHJQ,Male,6,69.10,435.00,Month-to-month,"Fiber optic","Electronic check",New,No
6712-OAWRH,Female,26,91.25,2351.80,Month-to-month,"Fiber optic","Electronic check",Loyal,Yes
4280-DLSHD,Male,8,54.75,445.85,Month-to-month,DSL,"Mailed check",Mid,No
1508-DFXCU,Male,12,81.45,912.00,Month-to-month,"Fiber optic","Electronic check",Mid,No
8614-VGMMV,Female,15,49.10,679.55,Month-to-month,DSL,"Electronic check",Loyal,Yes
7868-BGSZA,Male,43,80.20,3581.60,"One year",DSL,"Electronic check",Loyal,No
2800-QQUSO,Male,42,100.30,4222.95,Month-to-month,"Fiber optic","Electronic check",Loyal,No
2930-UOTMB,Female,31,65.25,1994.30,Month-to-month,DSL,"Credit card (automatic)",Loyal,Yes
7973-DZRKH,Female,66,90.95,5930.05,"Two year","Fiber optic","Credit card (automatic)",Loyal,No
5914-DVBWJ,Female,18,85.45,1505.85,Month-to-month,"Fiber optic","Electronic check",Loyal,Yes
2533-QVMSK,Male,61,94.10,5638.30,"Two year","Fiber optic","Electronic check",Loyal,Yes
9773-PEQBZ,Male,10,79.85,797.25,Month-to-month,"Fiber optic","Electronic check",Mid,No
8644-XLFBW,Male,1,71.65,71.65,Month-to-month,"Fiber optic","Electronic check",New,Yes
0650-BWOZN,Female,18,73.55,1359.45,Month-to-month,"Fiber optic","Electronic check",Loyal,No
8625-AZYZY,Male,24,104.65,2542.45,Month-to-month,"Fiber optic","Electronic check",Loyal,Yes
2903-YYTBW,Male,1,44.55,44.55,Month-to-month,DSL,"Electronic check",New,No
3620-MWJNE,Male,2,54.45,87.30,Month-to-month,DSL,"Mailed check",New,No
6837-HAEVO,Male,69,105.00,7297.75,"Two year","Fiber optic","Electronic check",Loyal,No
6701-YVNQG,Male,72,88.70,6301.70,"Two year",DSL,"Credit card (automatic)",Loyal,No
9306-CPCBC,Female,3,74.25,210.30,Month-to-month,"Fiber optic","Electronic check",New,Yes
4304-XUMGI,Male,50,75.15,3822.45,"Two year",DSL,"Bank transfer (automatic)",Loyal,No
8819-ZBYNA,Female,58,109.10,6393.65,"Two year","Fiber optic","Credit card (automatic)",Loyal,No
6174-NRBTZ,Male,46,30.75,1489.30,"One year",DSL,"Bank transfer (automatic)",Loyal,No
9481-IEBZY,Male,72,112.90,8061.50,Month-to-month,"Fiber optic","Credit card (automatic)",Loyal,No
1833-VGRUM,Female,1,74.20,74.20,Month-to-month,"Fiber optic","Electronic check",New,Yes
6137-NICCO,Female,6,94.05,518.75,Month-to-month,"Fiber optic","Mailed check",New,No
9065-ZCPQX,Male,72,78.85,5763.15,"Two year",DSL,"Bank transfer (automatic)",Loyal,No
6402-EJMWF,Male,4,55.30,238.50,Month-to-month,DSL,"Mailed check",New,No
8374-XGEJJ,Male,43,101.00,4388.40,Month-to-month,"Fiber optic","Electronic check",Loyal,Yes
2656-TABEH,Male,4,100.20,420.20,Month-to-month,"Fiber optic","Electronic check",New,Yes
6946-LMSQS,Male,25,89.05,2177.45,"One year","Fiber optic","Electronic check",Loyal,Yes
4626-OZDTJ,Female,51,78.65,3950.85,"One year",DSL,"Credit card (automatic)",Loyal,No
9169-BSVIN,Male,12,74.75,827.05,Month-to-month,DSL,"Bank transfer (automatic)",Mid,No
2325-ZUSFD,Female,57,70.10,3913.30,"One year",DSL,"Bank transfer (automatic)",Loyal,Yes
6872-HXFNF,Female,64,58.35,3756.45,"One year",DSL,"Bank transfer (automatic)",Loyal,No
3932-CMDTD,Female,4,105.65,443.90,"One year","Fiber optic","Electronic check",New,Yes
7714-YXSMB,Female,26,100.50,2599.95,Month-to-month,"Fiber optic","Bank transfer (automatic)",Loyal,No
4039-HEUNW,Male,36,96.50,3436.10,Month-to-month,"Fiber optic","Electronic check",Loyal,Yes
1194-HVAIF,Female,27,95.00,2462.55,Month-to-month,"Fiber optic","Credit card (automatic)",Loyal,No
0812-WUPTB,Male,1,70.85,70.85,Month-to-month,"Fiber optic","Mailed check",New,Yes
3594-UVONA,Female,35,85.95,3110.10,"One year",DSL,"Credit card (automatic)",Loyal,Yes
0004-TLHLJ,Male,4,73.90,280.85,Month-to-month,"Fiber optic","Electronic check",New,Yes
1767-TGTKO,Female,8,45.45,411.75,Month-to-month,DSL,"Electronic check",Mid,No
8805-JNRAZ,Female,2,49.20,103.70,Month-to-month,DSL,"Mailed check",New,No
5089-IFSDP,Female,58,109.45,6144.55,"Two year","Fiber optic","Bank transfer (automatic)",Loyal,Yes
6418-HNFED,Male,51,83.25,4089.45,"Two year",DSL,"Credit card (automatic)",Loyal,No
7128-GGCNO,Male,46,72.80,3249.40,Month-to-month,"Fiber optic","Bank transfer (automatic)",Loyal,No
0237-YFUTL,Female,50,109.65,5405.80,Month-to-month,"Fiber optic","Bank transfer (automatic)",Loyal,No
7691-KGKGP,Male,53,65.00,3363.80,Month-to-month,DSL,"Credit card (automatic)",Loyal,No
6710-HSJRD,Male,61,114.10,7132.15,Month-to-month,"Fiber optic","Electronic check",Loyal,No
0840-DCNZE,Male,47,86.95,4138.90,"One year",DSL,"Bank transfer (automatic)",Loyal,No
1732-FEKLD,Female,54,94.75,5121.75,"One year","Fiber optic","Bank transfer (automatic)",Loyal,No
9862-KJTYK,Male,19,25.35,566.10,Month-to-month,DSL,"Credit card (automatic)",Loyal,No
0479-HMSWA,Female,26,105.45,2715.30,"Two year","Fiber optic","Electronic check",Loyal,No
0365-BZUWY,Male,17,102.55,1742.50,Month-to-month,"Fiber optic","Electronic check",Loyal,No
4817-VYYWS,Female,30,100.20,2983.80,Month-to-month,"Fiber optic","Electronic check",Loyal,Yes
4922-CVPDX,Female,26,73.50,1905.70,"Two year",DSL,"Credit card (automatic)",Loyal,No
1396-QWFBJ,Female,21,74.05,1565.70,Month-to-month,"Fiber optic","Bank transfer (automatic)",Loyal,Yes
1357-BIJKI,Male,50,98.25,4858.70,"One year","Fiber optic","Electronic check",Loyal,No
1099-BTKWT,Female,68,54.40,3723.65,"One year",DSL,"Electronic check",Loyal,No
5299-SJCZT,Male,3,101.55,298.35,Month-to-month,"Fiber optic","Bank transfer (automatic)",New,Yes
2018-PZKMU,Male,9,103.10,970.45,Month-to-month,"Fiber optic","Electronic check",Mid,No
7340-KEFQE,Female,51,34.20,1782.00,"Two year",DSL,"Bank transfer (automatic)",Loyal,No
4570-QHXHL,Female,9,43.75,405.70,Month-to-month,DSL,"Electronic check",Mid,No
2403-BCASL,Male,41,111.95,4534.90,"One year","Fiber optic","Electronic check",Loyal,Yes
7392-YYPYJ,Male,22,100.65,2415.95,Month-to-month,"Fiber optic","Electronic check",Loyal,No
2898-LSJGD,Female,21,55.95,1157.05,"One year",DSL,"Electronic check",Loyal,Yes
2223-GDSHL,Male,71,116.05,8297.50,"Two year","Fiber optic","Bank transfer (automatic)",Loyal,No
7359-PTSXY,Male,1,45.75,45.75,Month-to-month,DSL,"Electronic check",New,Yes
9470-RTWDV,Male,26,82.00,2083.10,"One year",DSL,"Credit card (automatic)",Loyal,No
2176-OSJUV,Male,71,65.15,4681.75,"Two year",DSL,"Bank transfer (automatic)",Loyal,No
9348-YVOMK,Male,4,44.80,176.20,Month-to-month,DSL,"Credit card (automatic)",New,No
8104-OSKWT,Female,12,79.80,1001.20,Month-to-month,"Fiber optic","Electronic check",Mid,No
4521-YEEHE,Female,18,88.85,1594.75,Month-to-month,"Fiber optic","Electronic check",Loyal,No
4090-KPJIP,Female,3,74.95,212.40,Month-to-month,"Fiber optic","Electronic check",New,No
3786-WOVKF,Female,72,106.85,7677.40,"One year","Fiber optic","Bank transfer (automatic)",Loyal,No
4503-BDXBD,Male,11,74.95,815.50,Month-to-month,"Fiber optic","Electronic check",Mid,Yes
6086-ESGRL,Female,1,80.15,80.15,Month-to-month,"Fiber optic","Credit card (automatic)",New,Yes
3886-CERTZ,Female,72,109.25,8109.80,"One year","Fiber optic","Electronic check",Loyal,Yes
7995-ZHHNZ,Male,42,56.10,2386.85,"One year",DSL,"Credit card (automatic)",Loyal,No
5816-SCGFC,Female,7,51.30,419.35,Month-to-month,DSL,"Mailed check",Mid,No
5989-AXPUC,Female,68,118.60,7990.05,"Two year","Fiber optic","Mailed check",Loyal,No
8015-IHCGW,Female,72,115.50,8425.15,"Two year","Fiber optic","Electronic check",Loyal,No
9278-VZKCD,Female,52,109.10,5647.95,Month-to-month,"Fiber optic","Electronic check",Loyal,No
2773-OVBPK,Male,67,111.30,7567.20,"Two year","Fiber optic","Bank transfer (automatic)",Loyal,No
5999-LCXAO,Female,1,29.90,29.90,Month-to-month,DSL,"Mailed check",New,No
5206-XZZQI,Male,53,80.60,4348.10,Month-to-month,"Fiber optic","Mailed check",Loyal,No
5759-RCVCB,Female,3,35.20,108.95,Month-to-month,DSL,"Credit card (automatic)",New,Yes
6372-RFVNS,Female,1,78.80,78.80,Month-to-month,"Fiber optic","Electronic check",New,Yes
2139-FQHLM,Male,19,89.95,1682.40,Month-to-month,"Fiber optic","Mailed check",Loyal,No
8261-GWDBQ,Female,60,116.05,6925.90,"Two year","Fiber optic","Bank transfer (automatic)",Loyal,No
8938-UMKPI,Female,47,106.40,5127.95,Month-to-month,"Fiber optic","Electronic check",Loyal,Yes
0991-BRRFB,Male,18,49.40,874.80,Month-to-month,DSL,"Electronic check",Loyal,Yes
3882-IYOIJ,Female,60,115.25,6758.45,"Two year","Fiber optic","Credit card (automatic)",Loyal,No
3115-JPJDD,Female,59,81.25,4639.45,"One year","Fiber optic","Credit card (automatic)",Loyal,No
5600-KTXFM,Male,2,69.95,143.90,Month-to-month,"Fiber optic","Mailed check",New,No
3871-IKPYH,Male,1,69.10,69.10,Month-to-month,"Fiber optic","Electronic check",New,Yes
6319-IEJWJ,Male,20,90.20,1776.55,Month-to-month,"Fiber optic","Electronic check",Loyal,Yes
9025-AOMKI,Female,6,93.55,536.40,Month-to-month,"Fiber optic","Bank transfer (automatic)",New,Yes
6339-TBELP,Male,71,86.40,6172.00,"Two year","Fiber optic","Credit card (automatic)",Loyal,No
7964-YESJC,Female,24,66.30,1559.45,Month-to-month,DSL,"Mailed check",Loyal,No
6173-GOLSU,Male,67,94.65,6079.00,Month-to-month,"Fiber optic","Credit card (automatic)",Loyal,No
5275-SQEIZ,Male,1,80.85,80.85,Month-to-month,"Fiber optic","Mailed check",New,Yes
7716-YTYHG,Female,48,82.05,4029.95,"One year","Fiber optic","Mailed check",Loyal,Yes
9938-ZREHM,Female,37,72.10,2658.40,"One year",DSL,"Mailed check",Loyal,No
7950-XWOVN,Male,11,34.70,383.55,Month-to-month,DSL,"Mailed check",Mid,No
4647-MUZON,Female,18,95.95,1745.50,Month-to-month,"Fiber optic","Credit card (automatic)",Loyal,No
9702-AIUJO,Male,50,44.80,2230.85,"One year",DSL,"Bank transfer (automatic)",Loyal,No
8849-PRIQJ,Female,67,109.40,7281.60,"One year","Fiber optic","Electronic check",Loyal,No
8851-RAGOV,Female,25,71.05,1837.70,Month-to-month,DSL,"Mailed check",Loyal,No
1304-NECVQ,Female,2,78.55,149.55,Month-to-month,"Fiber optic","Electronic check",New,Yes
1729-VLAZJ,Female,10,40.25,411.45,"One year",DSL,"Mailed check",Mid,No
0701-TJSEF,Male,9,68.25,576.95,Month-to-month,DSL,"Bank transfer (automatic)",Mid,No
6629-LADHQ,Female,2,50.95,123.05,Month-to-month,DSL,"Mailed check",New,No
8945-GRKHX,Female,1,78.65,78.65,Month-to-month,"Fiber optic","Electronic check",New,Yes
1559-DTODC,Male,19,25.15,468.35,Month-to-month,DSL,"Bank transfer (automatic)",Loyal,No
6959-UWKHF,Male,1,42.90,42.90,Month-to-month,DSL,"Electronic check",New,Yes
8720-RQSBJ,Male,1,44.00,44.00,Month-to-month,DSL,"Electronic check",New,No
3815-SLMEF,Female,3,34.25,139.35,Month-to-month,DSL,"Mailed check",New,Yes
5154-VEKBL,Female,9,58.50,539.85,Month-to-month,DSL,"Mailed check",Mid,Yes
4324-AHJKS,Female,5,55.80,300.40,Month-to-month,DSL,"Credit card (automatic)",New,No
4355-CVPVS,Female,56,88.90,4968.00,"One year","Fiber optic","Bank transfer (automatic)",Loyal,No
4495-LHSSK,Female,18,57.65,992.70,Month-to-month,DSL,"Mailed check",Loyal,No
5655-JSMZM,Male,49,96.20,4718.25,Month-to-month,"Fiber optic","Electronic check",Loyal,Yes
5915-ANOEI,Male,70,79.15,5536.50,"Two year",DSL,"Mailed check",Loyal,No
9861-PDSZP,Female,72,108.05,7806.60,"Two year","Fiber optic","Credit card (automatic)",Loyal,No
4505-EXZHB,Female,6,74.40,434.10,Month-to-month,"Fiber optic","Electronic check",New,Yes
7225-CBZPL,Male,17,94.80,1563.90,Month-to-month,"Fiber optic","Electronic check",Loyal,No
6704-UTUKK,Male,29,45.90,1332.40,Month-to-month,DSL,"Electronic check",Loyal,No
4587-VVTOX,Female,6,105.30,545.20,Month-to-month,"Fiber optic","Electronic check",New,Yes
2019-HDCZY,Male,63,102.60,6296.75,"Two year","Fiber optic","Electronic check",Loyal,No
4652-NNHNY,Male,16,73.85,1284.20,Month-to-month,"Fiber optic","Bank transfer (automatic)",Loyal,Yes
8788-DOXSU,Male,59,61.35,3645.50,"One year",DSL,"Bank transfer (automatic)",Loyal,No
7404-JLKQG,Female,3,57.55,161.45,Month-to-month,DSL,"Electronic check",New,No
7421-ZLUPA,Female,8,29.25,226.95,Month-to-month,DSL,"Mailed check",Mid,No
8972-HJWNV,Female,7,84.55,646.85,Month-to-month,"Fiber optic","Electronic check",Mid,Yes
2632-IVXVF,Female,68,111.75,7511.30,"Two year","Fiber optic","Credit card (automatic)",Loyal,No
3692-JHONH,Female,52,106.50,5621.85,"One year","Fiber optic","Electronic check",Loyal,No
8915-NNTRC,Male,72,107.70,7919.80,"Two year","Fiber optic","Credit card (automatic)",Loyal,No
2920-RNCEZ,Male,1,69.95,69.95,Month-to-month,"Fiber optic","Credit card (automatic)",New,No
2541-YGPKE,Male,42,63.70,2763.35,"One year",DSL,"Credit card (automatic)",Loyal,No
5382-TEMLV,Male,45,50.90,2298.55,Month-to-month,DSL,"Bank transfer (automatic)",Loyal,No
3441-CGZJH,Female,43,60.40,2640.55,"One year",DSL,"Credit card (automatic)",Loyal,No
9592-ERDKV,Male,37,79.25,2911.80,"One year",DSL,"Mailed check",Loyal,No
2860-RANUS,Female,20,85.80,1727.50,Month-to-month,"Fiber optic","Credit card (automatic)",Loyal,Yes
5261-QSHQM,Female,4,24.45,86.60,Month-to-month,DSL,"Electronic check",New,Yes
4778-IZARL,Male,63,110.10,6705.70,"Two year","Fiber optic","Credit card (automatic)",Loyal,No
0432-CAJZV,Male,3,90.70,237.65,Month-to-month,"Fiber optic","Mailed check",New,No
8868-WOZGU,Male,28,105.70,2979.50,Month-to-month,"Fiber optic","Electronic check",Loyal,Yes
1200-TUZHR,Female,8,85.20,695.75,Month-to-month,"Fiber optic","Electronic check",Mid,No
1334-FJSVR,Male,1,24.25,24.25,Month-to-month,DSL,"Electronic check",New,Yes
7130-CTCUS,Male,16,54.55,825.10,Month-to-month,DSL,"Bank transfer (automatic)",Loyal,No
6242-FEGFD,Male,66,96.60,6424.25,"Two year","Fiber optic","Mailed check",Loyal,No
7625-XCQRH,Female,11,76.50,837.95,Month-to-month,"Fiber optic","Electronic check",Mid,Yes
6194-HBGQN,Male,51,81.15,4126.20,"One year",DSL,"Credit card (automatic)",Loyal,No
7634-WSWDB,Female,8,38.50,330.80,Month-to-month,DSL,"Electronic check",Mid,No
6986-IXNDM,Male,14,92.90,1337.45,Month-to-month,"Fiber optic","Electronic check",Loyal,No
1731-TVIUK,Female,4,93.50,362.20,Month-to-month,"Fiber optic","Electronic check",New,Yes
2987-BJXIK,Female,70,84.70,5991.05,"Two year",DSL,"Mailed check",Loyal,No
9769-TSBZE,Female,70,66.00,4891.50,"Two year",DSL,"Electronic check",Loyal,No
0406-BPDVR,Female,54,101.50,5373.10,"One year","Fiber optic","Credit card (automatic)",Loyal,Yes
0618-XWMSS,Male,28,74.90,2068.55,Month-to-month,"Fiber optic","Bank transfer (automatic)",Loyal,Yes
6023-GSSXW,Female,69,61.45,4131.20,"Two year",DSL,"Credit card (automatic)",Loyal,No
6752-APNJL,Male,42,54.50,2301.15,Month-to-month,DSL,"Mailed check",Loyal,No
5276-KQWHG,Female,2,69.60,131.65,Month-to-month,"Fiber optic","Electronic check",New,Yes
0420-HLGXF,Female,39,99.75,4036.00,Month-to-month,"Fiber optic","Electronic check",Loyal,No
7446-KQISO,Male,45,109.75,4900.65,"Two year","Fiber optic","Bank transfer (automatic)",Loyal,No
9823-EALYC,Male,72,80.85,5727.45,"Two year",DSL,"Bank transfer (automatic)",Loyal,No
5803-NQJZO,Male,72,67.80,4804.65,"Two year",DSL,"Bank transfer (automatic)",Loyal,No
0743-HRVFF,Female,51,56.15,2898.95,"One year",DSL,"Electronic check",Loyal,No
4006-HKYHO,Male,63,86.70,5309.50,"Two year",DSL,"Bank transfer (automatic)",Loyal,No
6689-KXGBO,Female,1,50.55,50.55,Month-to-month,DSL,"Electronic check",New,Yes
9667-TKTVZ,Female,2,54.35,117.05,Month-to-month,DSL,"Mailed check",New,No
3657-COGMW,Female,52,108.10,5839.30,Month-to-month,"Fiber optic","Credit card (automatic)",Loyal,No
8570-KLJYJ,Female,36,54.45,1893.50,"One year",DSL,"Mailed check",Loyal,No
7754-IXRMC,Female,1,45.35,45.35,Month-to-month,DSL,"Mailed check",New,No
9473-CBZOP,Female,28,59.00,1654.45,"One year",DSL,"Mailed check",Loyal,No
2969-WGHQO,Female,7,69.45,477.05,"One year",DSL,"Electronic check",Mid,No
6615-NGGZJ,Male,14,100.55,1415.55,Month-to-month,"Fiber optic","Electronic check",Loyal,Yes
4334-HOWRP,Male,72,64.95,4546.00,"Two year",DSL,"Credit card (automatic)",Loyal,No
1329-VHWNP,Female,7,25.05,189.95,Month-to-month,DSL,"Bank transfer (automatic)",Mid,No
2984-MIIZL,Male,4,74.80,321.90,Month-to-month,"Fiber optic","Bank transfer (automatic)",New,Yes
0266-GMEAO,Male,72,114.30,8058.55,"Two year","Fiber optic","Credit card (automatic)",Loyal,No
5590-YRFJT,Female,20,24.45,482.80,Month-to-month,DSL,"Electronic check",Loyal,Yes
5574-NXZIU,Male,63,109.20,7049.75,"Two year","Fiber optic","Credit card (automatic)",Loyal,No
0019-GFNTW,Female,56,45.05,2560.10,"Two year",DSL,"Bank transfer (automatic)",Loyal,No
4256-ZWTZI,Female,5,51.00,286.80,Month-to-month,DSL,"Mailed check",New,No
8309-PPCED,Female,72,110.45,7982.50,"Two year","Fiber optic","Bank transfer (automatic)",Loyal,No
4098-NAUKP,Male,68,84.65,5683.60,Month-to-month,"Fiber optic","Electronic check",Loyal,No
5196-WPYOW,Male,67,60.05,3994.05,"One year",DSL,"Mailed check",Loyal,No
4608-LCIMN,Male,8,44.65,369.15,Month-to-month,DSL,"Bank transfer (automatic)",Mid,No
1485-YDHMM,Male,52,93.25,4631.70,Month-to-month,"Fiber optic","Bank transfer (automatic)",Loyal,No
8161-QYMTT,Male,7,94.10,701.30,Month-to-month,"Fiber optic","Electronic check",Mid,No
9581-GVBXT,Male,59,34.80,1980.30,"One year",DSL,"Mailed check",Loyal,No
5862-BRIXZ,Male,46,60.75,2893.40,"Two year",DSL,"Bank transfer (automatic)",Loyal,No
5404-GGUKR,Male,5,51.35,262.30,Month-to-month,DSL,"Electronic check",New,No
3308-JSGML,Male,59,64.05,3886.85,"Two year",DSL,"Credit card (automatic)",Loyal,No
2126-GSEGL,Female,70,84.80,5917.55,"Two year",DSL,"Bank transfer (automatic)",Loyal,No
3677-TNKIO,Female,14,71.00,914.00,Month-to-month,"Fiber optic","Credit card (automatic)",Loyal,Yes
0440-QEXBZ,Female,44,50.15,2139.10,Month-to-month,DSL,"Mailed check",Loyal,No
2434-EEVDB,Female,64,94.60,5948.70,"Two year","Fiber optic","Credit card (automatic)",Loyal,No
6762-QVYJO,Female,58,59.75,3624.35,"Two year",DSL,"Mailed check",Loyal,No
6199-IWKGC,Female,46,100.25,4753.85,"One year","Fiber optic","Electronic check",Loyal,No
2675-DHUTR,Male,58,98.90,5780.70,Month-to-month,"Fiber optic","Electronic check",Loyal,No
8152-VETUR,Female,72,97.70,6869.70,"Two year","Fiber optic","Credit card (automatic)",Loyal,No
9667-EQRXU,Female,30,40.30,1172.95,Month-to-month,DSL,"Electronic check",Loyal,Yes
7446-YPODE,Male,11,60.25,662.95,Month-to-month,DSL,"Bank transfer (automatic)",Mid,No
9522-BNTHX,Female,34,56.25,1765.95,Month-to-month,DSL,"Electronic check",Loyal,No
4676-WLUHT,Male,54,46.20,2431.95,"Two year",DSL,"Bank transfer (automatic)",Loyal,No
3329-WDIOK,Female,3,50.60,155.35,Month-to-month,DSL,"Electronic check",New,Yes
2873-ZLIWT,Female,40,84.85,3303.05,Month-to-month,"Fiber optic","Electronic check",Loyal,Yes
3415-TAILE,Female,2,65.70,134.35,Month-to-month,DSL,"Mailed check",New,Yes
0757-WCUUZ,Male,54,63.35,3409.10,"Two year",DSL,"Credit card (automatic)",Loyal,No
1629-DQQVB,Female,14,50.10,709.50,Month-to-month,DSL,"Bank transfer (automatic)",Loyal,No
1915-IOFGU,Female,1,70.50,70.50,Month-to-month,"Fiber optic","Electronic check",New,Yes
3045-XETSH,Female,10,94.85,953.45,Month-to-month,"Fiber optic","Electronic check",Mid,Yes
0374-AACSZ,Female,1,50.15,50.15,Month-to-month,DSL,"Electronic check",New,No
4872-VXRIL,Male,56,64.65,3665.55,"One year",DSL,"Bank transfer (automatic)",Loyal,No
9140-CZQZZ,Female,68,79.60,5515.80,"Two year",DSL,"Bank transfer (automatic)",Loyal,No
9938-TKDGL,Male,68,99.55,6668.00,"Two year","Fiber optic","Electronic check",Loyal,No
0531-ZZJWQ,Male,55,74.00,4052.40,Month-to-month,"Fiber optic","Electronic check",Loyal,No
6537-QLGEX,Female,16,38.90,664.40,Month-to-month,DSL,"Electronic check",Loyal,No
2688-BHGOG,Male,9,79.55,718.55,Month-to-month,"Fiber optic","Electronic check",Mid,No
7683-CBDKJ,Male,14,65.45,937.60,Month-to-month,DSL,"Electronic check",Loyal,Yes
0946-CLJTI,Male,58,98.70,5812.60,Month-to-month,"Fiber optic","Electronic check",Loyal,Yes
3160-TYXLT,Male,53,46.30,2546.85,Month-to-month,DSL,"Bank transfer (automatic)",Loyal,No
1325-USMEC,Male,70,99.35,6944.50,"Two year","Fiber optic","Credit card (automatic)",Loyal,No
0916-QOFDP,Female,14,95.80,1346.30,Month-to-month,"Fiber optic","Electronic check",Loyal,No
0628-CNQRM,Male,22,67.50,1544.05,"One year",DSL,"Bank transfer (automatic)",Loyal,Yes
5606-AMZBO,Female,10,78.15,765.15,Month-to-month,"Fiber optic","Credit card (automatic)",Mid,No
7665-TOALD,Female,1,69.60,69.60,Month-to-month,"Fiber optic","Electronic check",New,Yes
0112-QWPNC,Male,49,84.35,4059.35,"One year",DSL,"Electronic check",Loyal,Yes
0324-BRPCJ,Female,68,100.20,6851.65,Month-to-month,"Fiber optic","Electronic check",Loyal,Yes
2777-PHDEI,Female,1,78.05,78.05,Month-to-month,"Fiber optic","Electronic check",New,Yes
5640-CAXOA,Female,30,40.35,1187.05,"One year",DSL,"Credit card (automatic)",Loyal,No
2235-EZAIK,Female,72,79.20,5401.90,"Two year",DSL,"Credit card (automatic)",Loyal,No
1196-AMORA,Male,7,73.60,520.00,Month-to-month,"Fiber optic","Electronic check",Mid,Yes
4282-YMKNA,Female,9,74.75,706.60,Month-to-month,"Fiber optic","Electronic check",Mid,Yes
1453-RZFON,Female,1,49.90,49.90,Month-to-month,DSL,"Mailed check",New,No
8263-OKETD,Female,20,68.90,1370.35,Month-to-month,DSL,"Credit card (automatic)",Loyal,No
2476-YGEFM,Female,29,76.00,2215.25,Month-to-month,"Fiber optic","Credit card (automatic)",Loyal,No
8687-BAFGU,Male,1,74.00,74.00,Month-to-month,"Fiber optic","Electronic check",New,No
0641-EVBOJ,Male,3,82.30,214.40,Month-to-month,"Fiber optic","Mailed check",New,No
0829-XXPLX,Female,20,89.40,1871.15,Month-to-month,"Fiber optic","Bank transfer (automatic)",Loyal,No
9974-JFBHQ,Male,64,99.15,6171.20,Month-to-month,"Fiber optic","Credit card (automatic)",Loyal,No
6624-JDRDS,Female,6,29.45,161.45,Month-to-month,DSL,"Bank transfer (automatic)",New,No
9780-FKVVF,Male,6,59.15,336.70,Month-to-month,DSL,"Bank transfer (automatic)",New,No
1919-RTPQD,Male,7,44.75,333.65,Month-to-month,DSL,"Electronic check",Mid,No
5214-NLTIT,Male,72,90.80,6511.80,"Two year","Fiber optic","Credit card (automatic)",Loyal,No
3345-PBBFH,Male,8,49.55,393.45,Month-to-month,DSL,"Bank transfer (automatic)",Mid,No
5055-BRMNE,Female,67,106.70,7009.50,"Two year","Fiber optic","Credit card (automatic)",Loyal,No
9189-JWSHV,Female,24,93.55,2264.05,Month-to-month,"Fiber optic","Electronic check",Loyal,Yes
2190-PHBHR,Female,72,94.45,6921.70,"Two year","Fiber optic","Credit card (automatic)",Loyal,No
0746-JTRFU,Male,2,25.05,56.35,Month-to-month,DSL,"Electronic check",New,Yes
5208-FVQKB,Male,70,67.95,4664.15,"Two year",DSL,"Mailed check",Loyal,No
7184-LRUUR,Female,22,65.25,1441.80,"One year",DSL,"Bank transfer (automatic)",Loyal,No
6627-CFOSN,Female,59,99.45,5623.70,Month-to-month,"Fiber optic","Bank transfer (automatic)",Loyal,No
7247-XOZPB,Male,53,77.40,4155.95,"One year",DSL,"Bank transfer (automatic)",Loyal,No
6211-WWLTF,Male,63,99.70,6330.40,"Two year","Fiber optic","Credit card (automatic)",Loyal,No
4826-TZEVA,Female,40,74.80,2971.70,Month-to-month,"Fiber optic","Credit card (automatic)",Loyal,No
9138-EFSMO,Male,26,78.95,2034.25,"One year","Fiber optic","Bank transfer (automatic)",Loyal,No
0576-WNXXC,Male,27,95.55,2510.20,Month-to-month,"Fiber optic","Electronic check",Loyal,Yes
4632-XJMEX,Male,53,62.85,3419.50,"One year",DSL,"Credit card (automatic)",Loyal,No
8910-LEDAG,Male,34,71.55,2427.35,Month-to-month,"Fiber optic","Credit card (automatic)",Loyal,No
3452-GWUIN,Female,19,94.95,1760.25,Month-to-month,"Fiber optic","Electronic check",Loyal,No
2716-GFZOR,Male,43,86.10,3551.65,Month-to-month,"Fiber optic","Credit card (automatic)",Loyal,No
4628-CTTLA,Male,57,39.30,2111.45,Month-to-month,DSL,"Electronic check",Loyal,Yes
3192-LNKRK,Male,34,84.05,2909.95,Month-to-month,"Fiber optic","Mailed check",Loyal,No
4439-YRNVD,Female,10,36.25,374.00,Month-to-month,DSL,"Electronic check",Mid,No
6834-NXDCA,Female,13,23.90,300.80,Month-to-month,DSL,"Electronic check",Loyal,Yes
2208-UGTGR,Male,56,98.60,5581.05,Month-to-month,"Fiber optic","Electronic check",Loyal,No
3005-TYFRD,Female,55,103.65,5676.65,Month-to-month,"Fiber optic","Credit card (automatic)",Loyal,No
8670-MEFCP,Female,36,92.90,3379.25,"Two year",DSL,"Credit card (automatic)",Loyal,No
5597-GLBUC,Female,1,85.45,85.45,Month-to-month,"Fiber optic","Electronic check",New,Yes
7278-CKDNC,Male,24,80.50,2088.45,Month-to-month,"Fiber optic","Electronic check",Loyal,No
2748-MYRVK,Female,63,99.90,6137.00,"One year","Fiber optic","Bank transfer (automatic)",Loyal,Yes
8450-UYIBU,Female,35,39.85,1434.60,Month-to-month,DSL,"Electronic check",Loyal,No
2969-VAPYH,Female,67,60.50,3870.00,"One year",DSL,"Credit card (automatic)",Loyal,No
4822-YCXMX,Male,25,84.80,2043.45,Month-to-month,"Fiber optic","Electronic check",Loyal,Yes
7181-OQCUT,Male,21,103.85,2215.00,Month-to-month,"Fiber optic","Mailed check",Loyal,No
8474-UMLNT,Female,13,67.80,842.25,Month-to-month,DSL,"Bank transfer (automatic)",Loyal,No
9821-POOTN,Male,35,75.20,2576.20,Month-to-month,"Fiber optic","Electronic check",Loyal,Yes
6559-ILWKJ,Male,71,49.35,3515.25,"Two year",DSL,"Electronic check",Loyal,Yes
0187-QSXOE,Male,7,89.00,605.45,Month-to-month,"Fiber optic","Electronic check",Mid,No
7733-UDMTP,Female,57,55.00,3094.05,Month-to-month,DSL,"Electronic check",Loyal,No
2649-HWLYB,Male,65,76.15,4929.55,"Two year",DSL,"Bank transfer (automatic)",Loyal,No
4229-CZMLL,Male,6,74.90,469.80,Month-to-month,"Fiber optic","Electronic check",New,Yes
6904-JLBGY,Female,72,117.35,8436.25,"Two year","Fiber optic","Credit card (automatic)",Loyal,No
1685-VAYJF,Male,11,45.20,492.00,Month-to-month,DSL,"Credit card (automatic)",Mid,No
6917-YACBP,Female,59,89.75,5496.90,Month-to-month,"Fiber optic","Electronic check",Loyal,No
5049-MUBWG,Male,26,75.00,1908.35,"One year",DSL,"Bank transfer (automatic)",Loyal,No
4223-WOZCM,Male,2,49.95,107.10,Month-to-month,DSL,"Mailed check",New,No
0769-MURVM,Female,72,65.70,4575.35,"Two year",DSL,"Bank transfer (automatic)",Loyal,No
9253-VIFJQ,Male,65,67.05,4309.55,"One year",DSL,"Credit card (automatic)",Loyal,No
7030-FZTFM,Male,72,110.90,7922.75,"Two year","Fiber optic","Credit card (automatic)",Loyal,No
9741-YLNTD,Male,6,87.95,522.35,Month-to-month,"Fiber optic","Bank transfer (automatic)",New,No
5120-ZBLAI,Female,50,75.70,3876.20,"One year",DSL,"Bank transfer (automatic)",Loyal,No
1194-BHJYC,Male,61,62.15,3778.85,"Two year",DSL,"Mailed check",Loyal,No
3663-MITLP,Female,15,101.25,1457.25,Month-to-month,"Fiber optic","Electronic check",Loyal,Yes
0906-QVPMS,Male,72,115.15,8349.45,"Two year","Fiber optic","Bank transfer (automatic)",Loyal,No
7858-GTZSP,Female,12,86.55,1066.90,Month-to-month,"Fiber optic","Electronic check",Mid,No
3285-UCQVC,Female,37,28.60,973.55,Month-to-month,DSL,"Credit card (automatic)",Loyal,Yes
3470-BTGQO,Male,21,45.65,985.05,Month-to-month,DSL,"Mailed check",Loyal,No
1209-VFFOC,Male,68,56.40,3948.45,"Two year",DSL,"Mailed check",Loyal,No
8224-DWCKX,Male,12,73.30,828.05,Month-to-month,"Fiber optic","Credit card (automatic)",Mid,No
5482-PLVPE,Female,2,24.35,41.85,Month-to-month,DSL,"Electronic check",New,Yes
4553-DVPZG,Female,62,101.35,6164.70,Month-to-month,"Fiber optic","Electronic check",Loyal,No
4902-OHLSK,Female,29,98.65,2862.75,Month-to-month,"Fiber optic","Electronic check",Loyal,Yes
6917-IAYHD,Male,1,33.60,33.60,Month-to-month,DSL,"Mailed check",New,No
0495-ZBNGW,Male,5,79.90,343.95,Month-to-month,"Fiber optic","Bank transfer (automatic)",New,Yes
7572-KPVKK,Male,62,104.05,6590.50,"Two year","Fiber optic","Electronic check",Loyal,No
2357-COQEK,Female,28,103.30,2890.65,Month-to-month,"Fiber optic","Electronic check",Loyal,Yes
7103-ZGVNT,Female,69,73.70,4885.85,"One year",DSL,"Credit card (automatic)",Loyal,No
3737-GCSPV,Female,11,96.20,1222.05,Month-to-month,"Fiber optic","Credit card (automatic)",Mid,Yes
2027-WKXMW,Female,63,108.75,6871.70,Month-to-month,"Fiber optic","Electronic check",Loyal,No
1768-HNVGJ,Female,45,70.05,3062.45,Month-to-month,DSL,"Electronic check",Loyal,No
5934-RMPOV,Female,22,84.75,1816.75,Month-to-month,"Fiber optic","Electronic check",Loyal,No
4088-YLDSU,Male,55,104.15,5743.05,"One year","Fiber optic","Electronic check",Loyal,Yes
8316-BBQAY,Female,65,59.95,3921.10,"Two year",DSL,"Credit card (automatic)",Loyal,No
4395-PZMSN,Male,5,85.55,408.50,Month-to-month,"Fiber optic","Electronic check",New,No
6427-FEFIG,Female,24,78.60,1846.65,"Two year",DSL,"Credit card (automatic)",Loyal,No
0017-IUDMW,Female,72,116.80,8456.75,"Two year","Fiber optic","Credit card (automatic)",Loyal,No
8706-HRADD,Male,21,43.55,1011.50,Month-to-month,DSL,"Mailed check",Loyal,No
9955-QOPOY,Male,69,60.80,4263.40,"One year",DSL,"Credit card (automatic)",Loyal,No
4385-ZKVNW,Male,44,54.90,2549.10,Month-to-month,DSL,"Bank transfer (automatic)",Loyal,No
5446-DKWYW,Female,61,65.20,3965.05,"One year",DSL,"Electronic check",Loyal,No
2034-CGRHZ,Male,24,102.95,2496.70,Month-to-month,"Fiber optic","Credit card (automatic)",Loyal,Yes
5797-APWZC,Female,1,90.60,90.60,Month-to-month,"Fiber optic","Electronic check",New,Yes
3683-QKIUE,Female,6,50.80,288.05,Month-to-month,DSL,"Bank transfer (automatic)",New,Yes
4228-ZGYUW,Male,4,90.05,368.10,Month-to-month,"Fiber optic","Electronic check",New,Yes
9031-ZVQPT,Male,72,108.20,7840.60,"Two year","Fiber optic","Electronic check",Loyal,No
2990-IAJSV,Male,72,92.00,6632.75,"Two year",DSL,"Bank transfer (automatic)",Loyal,No
8107-KNCIM,Male,14,75.10,1013.35,Month-to-month,"Fiber optic","Electronic check",Loyal,No
5176-LDKUH,Female,48,75.15,3772.65,"One year","Fiber optic","Electronic check",Loyal,No
6480-YAGIY,Male,45,112.20,5031.85,"One year","Fiber optic","Credit card (automatic)",Loyal,No
4029-HPFVY,Male,3,70.30,220.40,Month-to-month,"Fiber optic","Mailed check",New,No
3519-ZKXGG,Female,3,75.85,256.60,Month-to-month,"Fiber optic","Electronic check",New,Yes
5457-COLHT,Male,69,80.65,5542.55,"Two year",DSL,"Bank transfer (automatic)",Loyal,No
6416-TVAIH,Male,1,68.50,68.50,Month-to-month,"Fiber optic","Electronic check",New,Yes
5451-YHYPW,Female,72,115.75,8443.70,"Two year","Fiber optic","Credit card (automatic)",Loyal,No
5108-ADXWO,Male,11,73.50,791.75,Month-to-month,"Fiber optic","Electronic check",Mid,Yes
7998-WNZEM,Male,71,80.60,5708.20,"Two year",DSL,"Bank transfer (automatic)",Loyal,No
3066-RRJIO,Female,1,69.95,69.95,Month-to-month,"Fiber optic","Mailed check",New,Yes
4664-NJCMS,Female,33,59.55,2016.30,"Two year",DSL,"Bank transfer (automatic)",Loyal,No
7629-WFGLW,Female,56,95.65,5471.75,"One year","Fiber optic","Electronic check",Loyal,No
6715-OFDBP,Male,5,70.05,346.40,Month-to-month,DSL,"Electronic check",New,Yes
6481-LXPWL,Male,56,36.10,1971.50,"One year",DSL,"Credit card (automatic)",Loyal,No
1567-DSCIC,Male,8,94.00,773.65,Month-to-month,"Fiber optic","Electronic check",Mid,Yes
2150-UWTFY,Female,22,61.15,1422.05,Month-to-month,DSL,"Mailed check",Loyal,Yes
9362-MWODR,Female,40,64.10,2460.35,Month-to-month,DSL,"Credit card (automatic)",Loyal,No
5153-LXKDT,Male,68,110.20,7467.50,"Two year","Fiber optic","Electronic check",Loyal,No
5161-UBZXI,Male,69,106.35,7261.75,"Two year","Fiber optic","Credit card (automatic)",Loyal,No
1020-JPQOW,Female,56,90.55,5116.60,Month-to-month,"Fiber optic","Electronic check",Loyal,No
7919-ZODZZ,Female,10,65.90,660.05,"One year",DSL,"Mailed check",Mid,No
0565-JUPYD,Male,63,104.50,6590.80,"One year","Fiber optic","Credit card (automatic)",Loyal,No
6867-ACCZI,Female,24,52.50,1208.15,"Two year",DSL,"Mailed check",Loyal,No
5939-XAIXZ,Female,19,56.10,1033.90,Month-to-month,DSL,"Mailed check",Loyal,No
9054-FOWNV,Male,22,88.75,1885.15,Month-to-month,"Fiber optic","Electronic check",Loyal,No
2683-BPJSO,Male,29,84.45,2467.10,Month-to-month,"Fiber optic","Electronic check",Loyal,Yes
2157-MXBJS,Male,13,75.30,989.45,"One year",DSL,"Mailed check",Loyal,Yes
9732-EQMWY,Female,49,99.40,5025.00,Month-to-month,"Fiber optic","Electronic check",Loyal,No
9360-AHGNL,Female,43,109.55,4830.25,"One year","Fiber optic","Mailed check",Loyal,Yes
5269-NRGDP,Male,42,73.15,3088.25,"One year",DSL,"Electronic check",Loyal,No
6195-MELTI,Male,57,54.65,3134.70,"One year",DSL,"Mailed check",Loyal,No
5485-WUYWF,Male,2,66.40,94.55,Month-to-month,DSL,"Bank transfer (automatic)",New,Yes
2121-JAFOM,Female,72,115.55,8312.40,"Two year","Fiber optic","Credit card (automatic)",Loyal,No
8818-DOPVL,Female,46,104.45,4863.85,Month-to-month,"Fiber optic","Electronic check",Loyal,No
2632-UCGVD,Male,66,100.05,6871.90,Month-to-month,"Fiber optic","Credit card (automatic)",Loyal,Yes
5445-PZWGX,Male,62,102.00,6529.25,"One year","Fiber optic","Electronic check",Loyal,Yes
1227-UDMZR,Female,72,91.15,6637.90,"Two year",DSL,"Bank transfer (automatic)",Loyal,No
5198-HQAEN,Male,35,89.70,3165.60,"One year","Fiber optic","Electronic check",Loyal,No
9170-CCKOU,Male,17,90.20,1454.15,Month-to-month,"Fiber optic","Credit card (automatic)",Loyal,Yes
2167-FQSTQ,Female,72,92.40,6786.10,"Two year",DSL,"Electronic check",Loyal,No
3814-MLAXC,Female,31,79.85,2404.15,Month-to-month,"Fiber optic","Credit card (automatic)",Loyal,Yes
1226-UDFZR,Female,2,49.60,114.70,Month-to-month,DSL,"Mailed check",New,Yes
6821-JPCDC,Female,48,97.05,4692.95,"One year","Fiber optic","Electronic check",Loyal,No
8582-KRHPJ,Male,50,35.00,1782.40,Month-to-month,DSL,"Mailed check",Loyal,No
5811-IWXYM,Female,52,101.25,5301.10,"One year","Fiber optic","Bank transfer (automatic)",Loyal,No
7044-YAACC,Male,4,70.20,280.35,Month-to-month,"Fiber optic","Electronic check",New,No
8189-XRIKE,Female,32,90.95,2897.95,Month-to-month,"Fiber optic","Electronic check",Loyal,No
1506-YJTYT,Male,45,73.85,3371.00,"Two year",DSL,"Credit card (automatic)",Loyal,No
4123-DVHPH,Male,9,88.05,801.30,Month-to-month,"Fiber optic","Electronic check",Mid,No
6425-YQLLO,Female,66,105.95,6975.25,"One year","Fiber optic","Credit card (automatic)",Loyal,Yes
5442-UTCVD,Male,3,91.85,257.05,Month-to-month,"Fiber optic","Electronic check",New,Yes
7734-DBOAI,Female,1,40.10,40.10,Month-to-month,DSL,"Electronic check",New,Yes
2789-CZANW,Female,64,110.30,6997.30,"Two year","Fiber optic","Bank transfer (automatic)",Loyal,No
2091-RFFBA,Female,31,73.90,2217.15,Month-to-month,"Fiber optic","Electronic check",Loyal,Yes
2114-MGINA,Female,14,89.80,1129.10,Month-to-month,"Fiber optic","Mailed check",Loyal,Yes
7596-LDUXP,Female,12,85.15,979.05,"One year","Fiber optic","Credit card (automatic)",Mid,No
3740-RLMVT,Male,67,60.95,4119.40,"One year",DSL,"Bank transfer (automatic)",Loyal,No
4489-SNOJF,Female,35,72.25,2568.55,Month-to-month,DSL,"Electronic check",Loyal,Yes
2192-OZITF,Female,45,73.55,3349.10,"Two year",DSL,"Mailed check",Loyal,No
5651-CPDND,Male,10,46.00,492.10,Month-to-month,DSL,"Mailed check",Mid,No
2186-QZEYA,Female,29,58.55,1718.95,Month-to-month,DSL,"Bank transfer (automatic)",Loyal,No
9134-WYRVP,Male,51,86.35,4267.15,"One year","Fiber optic","Mailed check",Loyal,No
2931-SVLTV,Male,40,110.10,4469.10,Month-to-month,"Fiber optic","Credit card (automatic)",Loyal,No
6899-PPEEA,Female,37,96.55,3580.30,Month-to-month,"Fiber optic","Electronic check",Loyal,Yes
7504-UWHNB,Male,25,69.75,1729.35,Month-to-month,"Fiber optic","Electronic check",Loyal,No
2582-FFFZR,Female,22,50.60,1073.30,Month-to-month,DSL,"Electronic check",Loyal,No
8908-NMQTX,Male,72,65.60,4566.50,"Two year",DSL,"Bank transfer (automatic)",Loyal,No
2187-LZGPL,Female,7,40.10,293.30,Month-to-month,DSL,"Credit card (automatic)",Mid,Yes
1431-AIDJQ,Male,33,82.10,2603.10,"Two year",DSL,"Credit card (automatic)",Loyal,No
6288-LBEAR,Female,23,79.10,1783.75,Month-to-month,"Fiber optic","Mailed check",Loyal,No
4597-NUCQV,Male,24,101.25,2440.15,Month-to-month,"Fiber optic","Electronic check",Loyal,Yes
9019-QVLZD,Female,1,79.55,79.55,Month-to-month,"Fiber optic","Electronic check",New,Yes
8413-YNHNV,Male,69,90.65,6322.10,"Two year",DSL,"Mailed check",Loyal,No
4369-NYSCF,Male,56,75.75,4284.65,"One year",DSL,"Bank transfer (automatic)",Loyal,No
6333-YDVLT,Male,65,110.00,7138.65,"One year","Fiber optic","Credit card (automatic)",Loyal,No
5599-HVLTW,Female,14,80.35,1058.10,Month-to-month,"Fiber optic","Bank transfer (automatic)",Loyal,No
7394-LWLYN,Female,2,70.15,123.80,Month-to-month,"Fiber optic","Electronic check",New,No
3707-LRWZD,Female,32,84.05,2781.85,"One year","Fiber optic","Electronic check",Loyal,Yes
6873-UDNLD,Male,40,67.45,2731.00,Month-to-month,DSL,"Electronic check",Loyal,No
1455-ESIQH,Male,1,89.10,89.10,Month-to-month,"Fiber optic","Electronic check",New,Yes
0958-YHXGP,Female,7,69.90,497.30,Month-to-month,"Fiber optic","Mailed check",Mid,No
1101-SSWAG,Female,15,51.10,711.15,Month-to-month,DSL,"Electronic check",Loyal,No
2979-SXESE,Female,17,94.40,1607.20,Month-to-month,"Fiber optic","Electronic check",Loyal,Yes
4013-TLDHQ,Male,19,78.25,1490.95,Month-to-month,"Fiber optic","Electronic check",Loyal,Yes
4194-FJARJ,Female,54,60.00,3273.95,"Two year",DSL,"Bank transfer (automatic)",Loyal,No
5325-UWTWJ,Male,31,90.55,2929.75,Month-to-month,"Fiber optic","Credit card (automatic)",Loyal,No
3969-GYXEL,Female,11,76.40,838.70,Month-to-month,"Fiber optic","Electronic check",Mid,No
9208-OLGAQ,Female,18,84.95,1443.65,Month-to-month,"Fiber optic","Electronic check",Loyal,No
3244-CQPHU,Female,72,110.10,7746.70,"Two year","Fiber optic","Bank transfer (automatic)",Loyal,No
2674-MLXMN,Female,71,99.65,6951.15,Month-to-month,"Fiber optic","Credit card (automatic)",Loyal,No
9708-HPXWZ,Male,5,45.40,214.75,Month-to-month,DSL,"Credit card (automatic)",New,No
6992-TKNYO,Male,38,69.00,2669.45,"One year",DSL,"Credit card (automatic)",Loyal,No
4468-YDOVK,Male,5,48.65,235.20,Month-to-month,DSL,"Bank transfer (automatic)",New,No
3754-DXMRT,Male,2,44.15,92.65,Month-to-month,DSL,"Electronic check",New,Yes
5792-JALQC,Female,52,59.85,3103.25,"Two year",DSL,"Bank transfer (automatic)",Loyal,No
7130-VTEWQ,Female,8,75.75,606.25,Month-to-month,"Fiber optic","Electronic check",Mid,Yes
2200-DSAAL,Female,68,80.65,5330.20,"Two year",DSL,"Electronic check",Loyal,No
9351-LZYGF,Female,42,66.40,2727.80,Month-to-month,DSL,"Credit card (automatic)",Loyal,No
4366-CTOUZ,Female,50,100.20,5038.45,"Two year","Fiber optic","Mailed check",Loyal,No
7903-CMPEY,Male,1,80.30,80.30,Month-to-month,"Fiber optic","Electronic check",New,Yes
1518-OMDIK,Male,33,44.55,1462.60,Month-to-month,DSL,"Credit card (automatic)",Loyal,No
0595-ITUDF,Male,64,91.80,5960.50,Month-to-month,"Fiber optic","Electronic check",Loyal,No
6996-KNSML,Female,1,74.90,74.90,Month-to-month,"Fiber optic","Electronic check",New,Yes
0096-BXERS,Female,6,50.35,314.55,Month-to-month,DSL,"Electronic check",New,No
6253-WRFHY,Male,13,64.75,877.35,"One year",DSL,"Electronic check",Loyal,No
9133-AYJZG,Female,23,98.70,2249.10,Month-to-month,"Fiber optic","Credit card (automatic)",Loyal,No
2675-OTVVJ,Male,31,89.45,2807.65,Month-to-month,"Fiber optic","Electronic check",Loyal,No
8680-CGLTP,Male,29,58.75,1696.20,"One year",DSL,"Electronic check",Loyal,No
5018-GWURO,Female,56,85.60,4902.80,Month-to-month,"Fiber optic","Bank transfer (automatic)",Loyal,No
6741-QRLUP,Female,63,80.30,4995.35,"Two year",DSL,"Credit card (automatic)",Loyal,No
4737-HOBAX,Male,63,79.80,5034.05,"Two year",DSL,"Credit card (automatic)",Loyal,No
0537-QYZZN,Male,24,79.85,1857.75,Month-to-month,"Fiber optic","Electronic check",Loyal,No
3340-QBBFM,Male,36,54.10,1992.85,"One year",DSL,"Credit card (automatic)",Loyal,No
1704-NRWYE,Female,9,80.85,751.65,Month-to-month,"Fiber optic","Electronic check",Mid,Yes
2592-SEIFQ,Male,3,24.75,66.95,Month-to-month,DSL,"Electronic check",New,Yes
8200-KLNYW,Female,21,80.90,1714.95,"One year",DSL,"Mailed check",Loyal,No
9896-UYMIE,Male,66,114.30,7383.70,"One year","Fiber optic","Bank transfer (automatic)",Loyal,No
0853-NWIFK,Female,45,100.30,4483.95,"One year","Fiber optic","Electronic check",Loyal,No
8212-CRQXP,Female,22,80.00,1706.45,Month-to-month,"Fiber optic","Credit card (automatic)",Loyal,No
7691-XVTZH,Female,68,89.95,5974.30,"Two year","Fiber optic","Bank transfer (automatic)",Loyal,No
7481-ATQQS,Female,49,90.85,4515.85,Month-to-month,"Fiber optic","Credit card (automatic)",Loyal,Yes
2277-VWCNI,Female,4,48.75,179.85,Month-to-month,DSL,"Mailed check",New,No
1088-CNNKB,Male,63,80.00,5040.20,"One year",DSL,"Credit card (automatic)",Loyal,No
8642-GVWRF,Female,2,79.70,165.00,Month-to-month,"Fiber optic","Bank transfer (automatic)",New,Yes
3400-ESFUW,Male,55,57.55,3046.40,"Two year",DSL,"Bank transfer (automatic)",Loyal,Yes
1482-OXZSY,Male,30,100.40,2936.25,Month-to-month,"Fiber optic","Bank transfer (automatic)",Loyal,No
0377-JBKKT,Male,22,57.95,1271.80,Month-to-month,DSL,"Mailed check",Loyal,No
5778-BVOFB,Female,9,59.50,530.05,Month-to-month,DSL,"Bank transfer (automatic)",Mid,No
2057-ZBLPD,Female,21,86.50,1808.70,Month-to-month,"Fiber optic","Electronic check",Loyal,Yes
0228-MAUWC,Male,19,59.55,1144.60,Month-to-month,DSL,"Electronic check",Loyal,No
5502-RLUYV,Female,69,103.95,7446.90,Month-to-month,"Fiber optic","Electronic check",Loyal,Yes
0023-HGHWL,Male,1,25.10,25.10,Month-to-month,DSL,"Electronic check",New,Yes
7663-YJHSN,Female,72,103.95,7556.90,"Two year","Fiber optic","Bank transfer (automatic)",Loyal,No
4915-BFSXL,Male,70,68.95,4858.70,"Two year",DSL,"Credit card (automatic)",Loyal,No
3086-RUCRN,Female,66,103.10,6595.00,Month-to-month,"Fiber optic","Bank transfer (automatic)",Loyal,No
5215-LNLDJ,Female,7,24.70,149.05,Month-to-month,DSL,"Electronic check",Mid,No
7576-JMYWV,Female,46,110.20,4972.10,Month-to-month,"Fiber optic","Electronic check",Loyal,No
9039-RBEEE,Male,39,48.95,1880.85,Month-to-month,DSL,"Credit card (automatic)",Loyal,Yes
0257-KXZGU,Female,32,62.45,2045.55,Month-to-month,DSL,"Bank transfer (automatic)",Loyal,No
1307-ATKGB,Male,24,89.55,2187.15,Month-to-month,"Fiber optic","Electronic check",Loyal,No
8417-FMLZI,Male,6,83.55,477.55,Month-to-month,"Fiber optic","Credit card (automatic)",New,Yes
3714-XPXBW,Female,37,78.90,2976.95,Month-to-month,DSL,"Credit card (automatic)",Loyal,No
2824-DXNKN,Female,72,71.45,5025.85,"Two year",DSL,"Bank transfer (automatic)",Loyal,No
5227-JSCFE,Male,71,46.35,3353.40,"Two year",DSL,"Credit card (automatic)",Loyal,No
0848-ZGQIJ,Female,16,94.65,1461.15,Month-to-month,"Fiber optic","Bank transfer (automatic)",Loyal,No
3621-CHYVB,Female,57,49.90,2782.40,Month-to-month,DSL,"Bank transfer (automatic)",Loyal,No
1792-UXAFY,Female,17,89.15,1496.90,Month-to-month,"Fiber optic","Electronic check",Loyal,Yes
0420-TXVSG,Male,66,66.10,4428.45,"Two year",DSL,"Credit card (automatic)",Loyal,No
6217-TOWGS,Female,17,75.40,1322.55,Month-to-month,DSL,"Bank transfer (automatic)",Loyal,No
0515-YPMCW,Male,1,70.45,70.45,Month-to-month,"Fiber optic","Mailed check",New,Yes
0378-XSZPU,Male,58,60.30,3563.80,"One year",DSL,"Credit card (automatic)",Loyal,Yes
1544-JJMYL,Male,27,69.35,1927.30,"One year",DSL,"Credit card (automatic)",Loyal,No
4636-JGAAI,Male,34,88.85,3000.25,Month-to-month,"Fiber optic","Mailed check",Loyal,No
6874-SGLHU,Male,30,97.00,3021.30,"One year","Fiber optic","Bank transfer (automatic)",Loyal,No
5951-AOFIH,Male,33,66.40,2245.40,Month-to-month,DSL,"Credit card (automatic)",Loyal,No
4729-XKASR,Male,1,24.75,24.75,Month-to-month,DSL,"Electronic check",New,Yes
3059-NGMXB,Male,14,69.20,944.65,Month-to-month,DSL,"Mailed check",Loyal,No
8652-YHIYU,Female,16,79.50,1264.20,"One year","Fiber optic","Credit card (automatic)",Loyal,No
5278-PNYOX,Female,49,100.65,4917.75,"Two year","Fiber optic","Credit card (automatic)",Loyal,No
5449-FIBXJ,Male,19,103.30,2012.70,Month-to-month,"Fiber optic","Electronic check",Loyal,Yes
3486-HOOGQ,Female,70,79.70,5743.30,"Two year",DSL,"Bank transfer (automatic)",Loyal,No
5061-PBXFW,Female,32,61.40,1864.65,Month-to-month,DSL,"Bank transfer (automatic)",Loyal,No
8630-FJLIB,Female,18,69.80,1221.65,Month-to-month,"Fiber optic","Electronic check",Loyal,No
3891-NLXJB,Male,37,40.55,1390.85,"Two year",DSL,"Mailed check",Loyal,No
4749-OJKQU,Female,4,75.65,302.35,Month-to-month,"Fiber optic","Electronic check",New,No
0577-WHMEV,Female,16,90.70,1374.90,Month-to-month,"Fiber optic","Electronic check",Loyal,No
5453-AXEPF,Male,17,80.50,1336.90,Month-to-month,"Fiber optic","Bank transfer (automatic)",Loyal,No
3639-XJHKQ,Female,19,60.60,1297.80,Month-to-month,DSL,"Electronic check",Loyal,No
3716-LRGXK,Male,60,101.15,6067.40,"Two year","Fiber optic","Credit card (automatic)",Loyal,No
3397-AVTKU,Male,43,60.00,2548.55,"Two year",DSL,"Electronic check",Loyal,No
9837-BMCLM,Male,3,78.50,242.05,Month-to-month,"Fiber optic","Electronic check",New,Yes
2672-OJQZP,Female,1,44.75,44.75,Month-to-month,DSL,"Mailed check",New,No
3134-DSHVC,Female,63,98.00,6218.45,"Two year","Fiber optic","Credit card (automatic)",Loyal,No
6161-UUUTA,Male,3,79.90,260.90,Month-to-month,"Fiber optic","Electronic check",New,Yes
7821-DPRQE,Male,68,107.70,7320.90,Month-to-month,"Fiber optic","Electronic check",Loyal,No
6543-XRMYR,Female,30,99.70,2967.35,Month-to-month,"Fiber optic","Electronic check",Loyal,Yes
2001-EWBQU,Female,60,104.70,6333.80,"Two year","Fiber optic","Electronic check",Loyal,No
4925-LMHOK,Male,15,58.60,939.70,Month-to-month,DSL,"Credit card (automatic)",Loyal,Yes
1608-GMEWB,Male,45,93.90,4200.25,Month-to-month,"Fiber optic","Bank transfer (automatic)",Loyal,No
6695-AMZUF,Female,70,86.45,5950.20,"Two year",DSL,"Credit card (automatic)",Loyal,No
1455-UGQVH,Male,10,98.50,1037.75,Month-to-month,"Fiber optic","Electronic check",Mid,Yes
8280-MQRQN,Female,1,50.45,50.45,Month-to-month,DSL,"Mailed check",New,Yes
7611-YKYTC,Male,22,75.00,1573.95,Month-to-month,"Fiber optic","Bank transfer (automatic)",Loyal,No
2037-SGXHH,Male,38,94.65,3624.30,Month-to-month,"Fiber optic","Electronic check",Loyal,Yes
3178-FESZO,Female,1,100.25,100.25,Month-to-month,"Fiber optic","Credit card (automatic)",New,Yes
0365-GXEZS,Male,18,78.20,1468.75,Month-to-month,"Fiber optic","Electronic check",Loyal,No
0082-OQIQY,Male,29,94.20,2607.60,Month-to-month,"Fiber optic","Electronic check",Loyal,No
6087-MVHJH,Female,16,88.45,1422.10,Month-to-month,"Fiber optic","Electronic check",Loyal,Yes
4603-JANFB,Male,1,69.85,69.85,Month-to-month,"Fiber optic","Electronic check",New,Yes
3018-TFTSU,Male,12,81.70,858.60,Month-to-month,"Fiber optic","Bank transfer (automatic)",Mid,Yes
3606-SBKRY,Male,31,50.05,1523.40,"One year",DSL,"Electronic check",Loyal,No
4806-KEXQR,Male,4,79.90,324.30,Month-to-month,"Fiber optic","Electronic check",New,Yes
0667-NSRGI,Female,48,69.55,3435.60,"One year",DSL,"Mailed check",Loyal,No
6893-ODYYE,Male,50,90.10,4549.45,"One year","Fiber optic","Credit card (automatic)",Loyal,No
8242-JSVBO,Male,7,44.65,322.50,Month-to-month,DSL,"Bank transfer (automatic)",Mid,No
2479-BRAMR,Male,41,83.75,3273.55,Month-to-month,"Fiber optic","Bank transfer (automatic)",Loyal,Yes
9541-ZPSEA,Male,68,80.35,5375.15,"Two year","Fiber optic","Credit card (automatic)",Loyal,No
2665-NPTGL,Female,26,98.10,2510.70,Month-to-month,"Fiber optic","Bank transfer (automatic)",Loyal,No
1139-WUOAH,Male,57,53.35,3090.05,"Two year",DSL,"Credit card (automatic)",Loyal,No
6937-GCDGQ,Male,19,48.95,955.60,"One year",DSL,"Bank transfer (automatic)",Loyal,No
0988-JRWWP,Female,3,54.20,140.40,Month-to-month,DSL,"Electronic check",New,No
7908-QCBCA,Female,1,69.40,69.40,Month-to-month,"Fiber optic","Mailed check",New,Yes
8644-XYTSV,Male,42,40.15,1626.05,Month-to-month,DSL,"Bank transfer (automatic)",Loyal,No
6711-FLDFB,Female,7,74.90,541.15,Month-to-month,"Fiber optic","Electronic check",Mid,Yes
7465-ZZRVX,Male,1,70.35,70.35,Month-to-month,"Fiber optic","Electronic check",New,No
7975-JMZNT,Male,66,91.70,6075.90,"Two year",DSL,"Bank transfer (automatic)",Loyal,No
7251-XFOIL,Female,61,89.20,5500.60,Month-to-month,"Fiber optic","Mailed check",Loyal,No
3714-JTVOV,Female,42,74.15,3229.40,Month-to-month,"Fiber optic","Credit card (automatic)",Loyal,Yes
8259-DZLIZ,Female,64,53.85,3399.85,"One year",DSL,"Bank transfer (automatic)",Loyal,No
0442-ZXKVS,Female,54,115.60,6431.05,"One year","Fiber optic","Bank transfer (automatic)",Loyal,No
0225-ZORZP,Male,3,84.30,235.05,Month-to-month,"Fiber optic","Electronic check",New,No
4702-IOQDC,Female,1,70.10,70.10,Month-to-month,"Fiber optic","Electronic check",New,Yes
9489-JMTTN,Female,72,89.75,6595.90,"Two year",DSL,"Credit card (automatic)",Loyal,No
0575-CUQOV,Male,60,97.95,5867.00,"One year","Fiber optic","Electronic check",Loyal,No
6178-KFNHS,Female,12,78.30,909.25,Month-to-month,"Fiber optic","Electronic check",Mid,Yes
2830-LEWOA,Male,61,103.90,6449.15,"One year","Fiber optic","Credit card (automatic)",Loyal,No
1264-BYWMS,Male,55,96.80,5283.95,Month-to-month,"Fiber optic","Electronic check",Loyal,Yes
9658-WYUFB,Female,17,94.40,1617.50,Month-to-month,"Fiber optic","Electronic check",Loyal,Yes
5329-KRDTM,Male,72,77.35,5396.25,"Two year",DSL,"Credit card (automatic)",Loyal,No
7797-EJMDP,Female,8,66.05,574.50,Month-to-month,DSL,"Bank transfer (automatic)",Mid,No
2013-SGDXK,Female,1,84.30,84.30,Month-to-month,"Fiber optic","Electronic check",New,Yes
6368-NWMCE,Female,38,68.15,2656.30,Month-to-month,DSL,"Credit card (automatic)",Loyal,No
3633-CDBUW,Male,17,80.85,1445.95,"One year",DSL,"Electronic check",Loyal,No
0707-HOVVN,Female,70,75.50,5212.65,"Two year",DSL,"Bank transfer (automatic)",Loyal,No
8580-QVLOC,Female,72,92.45,6440.25,"Two year",DSL,"Credit card (automatic)",Loyal,Yes
3956-MGXOG,Female,28,80.60,2244.95,Month-to-month,"Fiber optic","Electronic check",Loyal,No
9274-UARKJ,Female,15,83.20,1130.00,Month-to-month,"Fiber optic","Bank transfer (automatic)",Loyal,No
4077-HWUYD,Male,72,87.55,6463.15,"Two year",DSL,"Bank transfer (automatic)",Loyal,No
2012-NWRPA,Female,11,99.55,1131.20,Month-to-month,"Fiber optic","Electronic check",Mid,Yes
8808-ELEHO,Male,8,81.25,585.95,Month-to-month,"Fiber optic","Electronic check",Mid,Yes
0103-CSITQ,Female,57,109.40,6252.70,"One year","Fiber optic","Bank transfer (automatic)",Loyal,No
8671-KKKOS,Female,46,45.55,2062.15,Month-to-month,DSL,"Electronic check",Loyal,No
9518-XXBXE,Male,10,75.30,720.45,Month-to-month,"Fiber optic","Electronic check",Mid,No
3934-HXCFZ,Male,23,99.25,2186.40,Month-to-month,"Fiber optic","Electronic check",Loyal,Yes
6578-KRMAW,Male,32,93.40,2979.30,Month-to-month,"Fiber optic","Credit card (automatic)",Loyal,No
4860-IJUDE,Male,13,73.75,956.65,Month-to-month,"Fiber optic","Credit card (automatic)",Loyal,No
7666-WKRON,Female,39,80.45,3201.55,"Two year","Fiber optic","Electronic check",Loyal,Yes
9688-YGXVR,Female,44,88.15,3973.20,Month-to-month,"Fiber optic","Credit card (automatic)",Loyal,No
0423-UDIJQ,Male,9,49.20,447.90,Month-to-month,DSL,"Mailed check",Mid,No
4910-AQFFX,Male,9,79.35,661.25,Month-to-month,"Fiber optic","Bank transfer (automatic)",Mid,Yes
2154-KVJFF,Female,15,79.75,1111.85,Month-to-month,"Fiber optic","Electronic check",Loyal,Yes
5360-LJCNJ,Female,71,105.15,7555.00,"Two year","Fiber optic","Bank transfer (automatic)",Loyal,No
2607-FBDFF,Male,1,49.00,49.00,Month-to-month,DSL,"Credit card (automatic)",New,No
9647-ERGBE,Female,30,100.05,3046.15,Month-to-month,"Fiber optic","Electronic check",Loyal,Yes
3428-XZMAZ,Male,1,69.35,69.35,Month-to-month,"Fiber optic","Electronic check",New,Yes
1100-DDVRV,Male,17,49.80,836.35,Month-to-month,DSL,"Mailed check",Loyal,No
0378-TOVMS,Female,3,85.80,272.20,Month-to-month,"Fiber optic","Electronic check",New,Yes
4355-HBJHH,Male,67,79.70,5293.40,"Two year",DSL,"Electronic check",Loyal,Yes
9058-CBREO,Female,1,50.55,50.55,Month-to-month,DSL,"Mailed check",New,Yes
9029-FEGVJ,Female,32,79.30,2570.00,Month-to-month,"Fiber optic","Mailed check",Loyal,No
0318-QUUOB,Male,1,80.55,80.55,Month-to-month,"Fiber optic","Electronic check",New,Yes
6145-NNPNO,Female,1,44.15,44.15,Month-to-month,DSL,"Bank transfer (automatic)",New,No
5520-FVEWJ,Female,12,84.50,916.90,Month-to-month,"Fiber optic","Electronic check",Mid,Yes
5339-TJFEK,Male,62,105.50,6487.20,Month-to-month,"Fiber optic","Electronic check",Loyal,No
5572-ZDXHY,Female,22,84.30,1855.65,Month-to-month,"Fiber optic","Mailed check",Loyal,Yes
2074-GUHPQ,Female,17,92.70,1556.85,Month-to-month,"Fiber optic","Credit card (automatic)",Loyal,No
5827-MWCZK,Male,56,96.95,5432.20,Month-to-month,"Fiber optic","Credit card (automatic)",Loyal,No
5914-XRFQB,Male,72,115.80,8424.90,"Two year","Fiber optic","Bank transfer (automatic)",Loyal,No
4329-YPDDQ,Male,20,108.20,2203.70,Month-to-month,"Fiber optic","Bank transfer (automatic)",Loyal,No
3750-CKVKH,Male,2,67.75,116.65,Month-to-month,"Fiber optic","Electronic check",New,Yes
5944-UGLLK,Male,53,54.90,3045.75,"One year",DSL,"Credit card (automatic)",Loyal,No
8063-GBATB,Female,27,85.25,2287.25,Month-to-month,"Fiber optic","Electronic check",Loyal,Yes
2252-ISRNH,Male,9,90.35,767.90,"One year","Fiber optic","Electronic check",Mid,No
9415-TPKRV,Female,8,55.75,446.80,Month-to-month,DSL,"Electronic check",Mid,No
5322-TEUJK,Female,71,114.60,8100.25,"Two year","Fiber optic","Bank transfer (automatic)",Loyal,No
4547-KQRTM,Female,10,80.05,830.70,Month-to-month,"Fiber optic","Bank transfer (automatic)",Mid,Yes
1866-DIOQZ,Female,71,66.80,4689.15,"One year",DSL,"Bank transfer (automatic)",Loyal,No
8375-KVTHK,Male,68,100.30,6754.35,"One year","Fiber optic","Electronic check",Loyal,No
2697-NQBPF,Male,34,105.35,3540.65,Month-to-month,"Fiber optic","Electronic check",Loyal,No
3709-OIJEA,Male,26,85.20,2184.60,"One year","Fiber optic","Electronic check",Loyal,No
7639-SUPCW,Female,22,48.80,1054.60,Month-to-month,DSL,"Credit card (automatic)",Loyal,Yes
0599-XNYDO,Female,20,69.80,1540.35,Month-to-month,"Fiber optic","Bank transfer (automatic)",Loyal,No
6377-WHAOX,Female,60,106.15,6411.25,Month-to-month,"Fiber optic","Electronic check",Loyal,No
8999-XXGNS,Female,72,105.75,7629.85,"One year","Fiber optic","Credit card (automatic)",Loyal,No
0471-ARVMX,Female,62,104.85,6312.90,"One year","Fiber optic","Electronic check",Loyal,No
7766-CLTIC,Female,10,60.95,629.55,Month-to-month,DSL,"Mailed check",Mid,No
5650-YLIBA,Male,31,81.15,2640.55,Month-to-month,"Fiber optic","Electronic check",Loyal,No
6122-LJADA,Male,70,90.15,6237.05,"Two year",DSL,"Credit card (automatic)",Loyal,No
2400-XIWIO,Female,71,90.10,6310.90,"Two year",DSL,"Electronic check",Loyal,No
7524-VRLPL,Male,69,74.10,5031.00,"Two year",DSL,"Credit card (automatic)",Loyal,No
1069-XAIEM,Female,1,85.05,85.05,Month-to-month,"Fiber optic","Electronic check",New,Yes
7569-NMZYQ,Female,72,118.75,8672.45,"Two year","Fiber optic","Bank transfer (automatic)",Loyal,No
5201-USSQZ,Female,26,85.90,2196.45,Month-to-month,"Fiber optic","Credit card (automatic)",Loyal,No
2105-PHWON,Female,33,95.00,3008.15,Month-to-month,"Fiber optic","Credit card (automatic)",Loyal,No
4884-TVUQF,Female,57,101.30,5779.60,"Two year","Fiber optic","Credit card (automatic)",Loyal,No
4658-HCOHW,Female,21,102.80,2110.15,Month-to-month,"Fiber optic","Electronic check",Loyal,Yes
2211-RMNHO,Female,68,85.30,5560.00,"Two year",DSL,"Bank transfer (automatic)",Loyal,No
2432-TFSMK,Male,18,89.60,1633.00,"One year","Fiber optic","Credit card (automatic)",Loyal,No
3440-JPSCL,Female,6,99.95,547.65,Month-to-month,"Fiber optic","Mailed check",New,Yes
4929-ROART,Male,18,56.25,969.85,Month-to-month,DSL,"Mailed check",Loyal,No
1834-ABKHQ,Female,52,50.95,2610.65,"One year",DSL,"Bank transfer (automatic)",Loyal,No
1741-WTPON,Male,56,115.85,6567.90,"Two year","Fiber optic","Mailed check",Loyal,No
3932-IJWDZ,Male,45,103.65,4747.85,Month-to-month,"Fiber optic","Bank transfer (automatic)",Loyal,No
3594-KADLU,Male,3,35.10,101.10,Month-to-month,DSL,"Mailed check",New,No
8065-BVEPF,Male,65,99.10,6496.15,Month-to-month,"Fiber optic","Bank transfer (automatic)",Loyal,No
3796-ENZGF,Male,63,67.25,4234.15,"Two year",DSL,"Mailed check",Loyal,No
2853-CWQFQ,Male,1,59.55,59.55,Month-to-month,DSL,"Mailed check",New,No
0813-TAXXS,Male,55,77.80,4323.35,"Two year",DSL,"Bank transfer (automatic)",Loyal,No
2519-TWKFS,Male,25,55.10,1466.10,"One year",DSL,"Mailed check",Loyal,No
2889-FPWRM,Male,72,117.80,8684.80,"One year","Fiber optic","Bank transfer (automatic)",Loyal,Yes
6723-CEGQI,Female,65,45.25,2933.95,"Two year",DSL,"Mailed check",Loyal,No
6987-XQSJT,Female,54,79.50,4370.25,Month-to-month,"Fiber optic","Electronic check",Loyal,Yes
9499-XPZXM,Female,72,64.75,4804.75,"Two year",DSL,"Bank transfer (automatic)",Loyal,No
4338-EYCER,Male,21,54.60,1125.20,Month-to-month,DSL,"Bank transfer (automatic)",Loyal,No
6350-XFYGW,Male,4,94.75,422.40,Month-to-month,"Fiber optic","Electronic check",New,No
4290-BSXUX,Male,3,79.65,251.75,Month-to-month,"Fiber optic","Bank transfer (automatic)",New,Yes
8513-OLYGY,Male,72,115.80,8332.15,"Two year","Fiber optic","Credit card (automatic)",Loyal,No
0311-QYWSS,Female,6,49.45,314.60,Month-to-month,DSL,"Electronic check",New,No
8705-DWKTI,Male,52,83.80,4331.40,Month-to-month,"Fiber optic","Credit card (automatic)",Loyal,No
8755-IWJHN,Male,69,95.35,6382.00,Month-to-month,"Fiber optic","Bank transfer (automatic)",Loyal,No
0325-XBFAC,Male,8,94.70,740.30,Month-to-month,"Fiber optic","Electronic check",Mid,Yes
4480-QQRHC,Female,8,74.05,600.15,Month-to-month,"Fiber optic","Bank transfer (automatic)",Mid,No
0929-PECLO,Female,63,89.60,5538.80,Month-to-month,"Fiber optic","Bank transfer (automatic)",Loyal,No
3680-CTHUH,Male,60,116.60,7049.50,"One year","Fiber optic","Credit card (automatic)",Loyal,No
1202-KKGFU,Female,12,54.20,690.50,Month-to-month,DSL,"Bank transfer (automatic)",Mid,No
1852-XEMDW,Male,22,65.05,1427.55,Month-to-month,DSL,"Mailed check",Loyal,No
2462-XIIJB,Male,5,92.50,452.70,Month-to-month,"Fiber optic","Electronic check",New,Yes
9470-YFUYI,Male,71,71.00,5012.10,"One year",DSL,"Bank transfer (automatic)",Loyal,No
7817-BOQPW,Female,2,75.55,166.30,Month-to-month,"Fiber optic","Electronic check",New,Yes
7402-EYFXX,Male,26,93.60,2404.10,Month-to-month,"Fiber optic","Electronic check",Loyal,No
1853-UDXBW,Male,1,70.00,70.00,Month-to-month,"Fiber optic","Electronic check",New,Yes
9895-VFOXH,Female,1,24.40,24.40,Month-to-month,DSL,"Mailed check",New,No
5458-CQJTA,Male,65,74.80,4820.15,"Two year",DSL,"Bank transfer (automatic)",Loyal,Yes
1230-QAJDW,Male,3,65.25,209.90,Month-to-month,DSL,"Mailed check",New,No
5701-ZIKJE,Male,13,50.55,610.75,Month-to-month,DSL,"Mailed check",Loyal,No
5219-YIPTK,Female,33,104.40,3409.60,Month-to-month,"Fiber optic","Electronic check",Loyal,Yes
5032-MIYKT,Female,1,70.70,70.70,Month-to-month,"Fiber optic","Mailed check",New,No
7396-VJUZB,Male,4,45.25,155.35,Month-to-month,DSL,"Mailed check",New,No
9717-QEBGU,Male,2,70.30,144.00,Month-to-month,"Fiber optic","Electronic check",New,No
5172-RKOCB,Male,72,108.95,7875.00,"Two year","Fiber optic","Credit card (automatic)",Loyal,No
3540-RZJYU,Female,15,86.20,1270.20,Month-to-month,"Fiber optic","Electronic check",Loyal,Yes
2091-MJTFX,Female,30,51.20,1561.50,Month-to-month,DSL,"Credit card (automatic)",Loyal,Yes
5985-TBABQ,Female,32,74.75,2282.95,"One year",DSL,"Mailed check",Loyal,No
9800-ONTFE,Female,22,75.80,1615.10,Month-to-month,"Fiber optic","Bank transfer (automatic)",Loyal,No
6743-HHQPF,Male,42,25.10,1097.15,Month-to-month,DSL,"Credit card (automatic)",Loyal,No
8455-HIRAQ,Female,8,44.45,369.30,Month-to-month,DSL,"Mailed check",Mid,No
6616-AALSR,Female,65,104.30,6725.30,"Two year","Fiber optic","Credit card (automatic)",Loyal,No
9415-ZNBSX,Female,70,89.00,6293.20,"Two year",DSL,"Bank transfer (automatic)",Loyal,No
0722-TROQR,Female,4,74.90,321.75,Month-to-month,"Fiber optic","Electronic check",New,Yes
7571-YXDAD,Female,2,74.90,147.15,Month-to-month,"Fiber optic","Credit card (automatic)",New,Yes
3884-UEBXB,Female,67,36.15,2434.45,"Two year",DSL,"Bank transfer (automatic)",Loyal,No
1791-PQHBB,Female,2,61.20,125.95,Month-to-month,DSL,"Credit card (automatic)",New,No
8741-LQOBK,Female,46,35.05,1620.25,Month-to-month,DSL,"Bank transfer (automatic)",Loyal,No
3393-FMZPV,Female,25,100.25,2387.75,Month-to-month,"Fiber optic","Electronic check",Loyal,Yes
8082-GHXOP,Male,13,44.00,659.35,Month-to-month,DSL,"Mailed check",Loyal,No
6402-ZFPPI,Female,25,102.80,2660.20,Month-to-month,"Fiber optic","Mailed check",Loyal,Yes
0980-FEXWF,Male,26,50.35,1285.80,"One year",DSL,"Mailed check",Loyal,No
7486-KSRVI,Male,43,100.00,4211.55,"One year","Fiber optic","Electronic check",Loyal,Yes
8443-WVPSS,Male,10,99.85,990.90,Month-to-month,"Fiber optic","Electronic check",Mid,Yes
3006-XIMLN,Female,2,94.20,193.80,Month-to-month,"Fiber optic","Bank transfer (automatic)",New,Yes
8218-FFJDS,Female,72,86.40,6058.95,"Two year",DSL,"Bank transfer (automatic)",Loyal,No
1986-PHGZF,Male,18,58.40,964.90,Month-to-month,DSL,"Credit card (automatic)",Loyal,No
9965-YOKZB,Male,9,83.85,790.15,Month-to-month,"Fiber optic","Electronic check",Mid,Yes
0504-HHAPI,Female,27,88.30,2467.75,Month-to-month,"Fiber optic","Credit card (automatic)",Loyal,Yes
9360-OMDZZ,Male,24,94.10,2322.85,Month-to-month,"Fiber optic","Electronic check",Loyal,No
6305-YLBMM,Male,69,104.05,7262.00,"One year","Fiber optic","Bank transfer (automatic)",Loyal,Yes
0345-XMMUG,Female,46,108.90,4854.30,"Two year","Fiber optic","Credit card (automatic)",Loyal,No
8024-XNAFQ,Female,72,107.40,7748.75,"Two year","Fiber optic","Bank transfer (automatic)",Loyal,No
3647-GMGDH,Male,22,94.70,1914.90,Month-to-month,"Fiber optic","Credit card (automatic)",Loyal,Yes
2988-GBIVW,Female,70,90.85,6470.10,Month-to-month,"Fiber optic","Electronic check",Loyal,No
7036-ZZKBD,Male,31,66.40,2019.80,Month-to-month,DSL,"Credit card (automatic)",Loyal,No
3791-LGQCY,Female,56,100.65,5688.05,Month-to-month,"Fiber optic","Bank transfer (automatic)",Loyal,Yes
0265-PSUAE,Female,16,100.70,1522.70,Month-to-month,"Fiber optic","Bank transfer (automatic)",Loyal,No
9128-CPXKI,Female,59,95.80,5655.45,"Two year","Fiber optic","Electronic check",Loyal,No
0129-KPTWJ,Male,72,94.65,6747.35,Month-to-month,"Fiber optic","Electronic check",Loyal,No
8166-ZZTFS,Female,66,80.55,5265.10,"Two year",DSL,"Bank transfer (automatic)",Loyal,Yes
5855-EIBDE,Female,49,106.65,5174.35,"Two year","Fiber optic","Credit card (automatic)",Loyal,No
5365-LLFYV,Female,2,45.85,105.60,Month-to-month,DSL,"Mailed check",New,No
5956-YHHRX,Male,21,104.35,2271.85,Month-to-month,"Fiber optic","Electronic check",Loyal,No
6008-NAIXK,Male,54,55.45,2966.95,"One year",DSL,"Electronic check",Loyal,No
2956-GGUCQ,Male,24,78.85,1772.25,Month-to-month,"Fiber optic","Electronic check",Loyal,Yes
1928-BXYIV,Male,1,61.15,61.15,Month-to-month,DSL,"Electronic check",New,No
5760-FXFVO,Male,6,78.95,494.95,Month-to-month,"Fiber optic","Electronic check",New,No
6595-COKXZ,Female,1,44.45,44.45,Month-to-month,DSL,"Mailed check",New,Yes
0961-ZWLVI,Male,49,109.20,5290.45,"One year","Fiber optic","Credit card (automatic)",Loyal,No
5181-OABFK,Female,56,61.30,3346.80,"Two year",DSL,"Credit card (automatic)",Loyal,No
4007-NHVHI,Female,56,96.85,5219.65,Month-to-month,"Fiber optic","Electronic check",Loyal,No
7816-VGHTO,Female,6,40.55,217.50,"Two year",DSL,"Mailed check",New,No
7550-WIQVA,Male,50,108.25,5431.40,"One year","Fiber optic","Electronic check",Loyal,No
7544-ZVIKX,Male,58,105.05,6004.85,"One year","Fiber optic","Bank transfer (automatic)",Loyal,No
0016-QLJIS,Female,65,90.45,5957.90,"Two year",DSL,"Mailed check",Loyal,No
7508-DQAKK,Female,64,86.40,5442.05,"Two year",DSL,"Credit card (automatic)",Loyal,No
5176-OLSKT,Female,66,66.90,4370.25,"Two year",DSL,"Bank transfer (automatic)",Loyal,No
9356-AXGMP,Male,38,110.70,4428.60,"One year","Fiber optic","Electronic check",Loyal,No
0362-ZBZWJ,Male,36,84.90,3067.20,Month-to-month,"Fiber optic","Electronic check",Loyal,Yes
8979-CAMGB,Male,64,102.10,6688.10,"One year","Fiber optic","Electronic check",Loyal,No
7581-EBBOU,Female,60,70.15,4224.70,"One year",DSL,"Credit card (automatic)",Loyal,No
4274-OWWYO,Male,1,74.35,74.35,Month-to-month,"Fiber optic","Electronic check",New,Yes
5073-RZGBK,Female,50,80.05,4042.20,"One year",DSL,"Bank transfer (automatic)",Loyal,No
1541-ETJZO,Male,1,62.05,62.05,Month-to-month,DSL,"Mailed check",New,Yes
2192-CKRLV,Female,72,49.20,3580.95,"Two year",DSL,"Electronic check",Loyal,No
6119-SPUDB,Male,46,38.25,1755.35,"Two year",DSL,"Mailed check",Loyal,No
6522-OIQSX,Female,69,54.95,3772.50,"Two year",DSL,"Credit card (automatic)",Loyal,No
7813-ZGGAW,Male,31,96.60,2877.95,Month-to-month,"Fiber optic","Bank transfer (automatic)",Loyal,No
1319-YLZJG,Male,12,84.60,959.90,Month-to-month,"Fiber optic","Electronic check",Mid,No
4106-HADHQ,Male,39,80.00,3182.95,"One year",DSL,"Credit card (automatic)",Loyal,Yes
0723-FDLAY,Male,44,85.25,3704.15,"One year",DSL,"Bank transfer (automatic)",Loyal,No
3050-RLLXC,Female,56,81.25,4620.40,"Two year",DSL,"Credit card (automatic)",Loyal,No
9298-WGMRW,Female,72,115.50,8312.75,"Two year","Fiber optic","Bank transfer (automatic)",Loyal,No
2369-UAPKZ,Male,5,104.10,541.90,Month-to-month,"Fiber optic","Mailed check",New,Yes
3088-LHEFH,Female,11,79.00,929.30,Month-to-month,"Fiber optic","Bank transfer (automatic)",Mid,No
2778-OCLGR,Male,24,39.10,971.30,Month-to-month,DSL,"Bank transfer (automatic)",Loyal,Yes
6583-KQJLK,Female,15,94.65,1285.05,Month-to-month,"Fiber optic","Electronic check",Loyal,No
6681-ZSEXG,Male,56,59.50,3389.25,"Two year",DSL,"Credit card (automatic)",Loyal,No
6116-RFVHN,Female,34,100.45,3414.65,Month-to-month,"Fiber optic","Electronic check",Loyal,No
0637-KVDLV,Male,2,76.50,162.45,Month-to-month,"Fiber optic","Electronic check",New,Yes
6633-MPWBS,Male,5,49.20,216.90,Month-to-month,DSL,"Electronic check",New,Yes
0373-AIVNJ,Male,9,39.55,373.00,"One year",DSL,"Mailed check",Mid,No
5729-KLZAR,Female,4,80.85,302.75,Month-to-month,"Fiber optic","Electronic check",New,Yes
8849-AYPTR,Male,33,91.25,2964.05,Month-to-month,"Fiber optic","Electronic check",Loyal,No
9518-IMLHK,Male,31,72.45,2156.25,Month-to-month,DSL,"Bank transfer (automatic)",Loyal,No
1582-RAFML,Male,1,60.10,60.10,Month-to-month,DSL,"Mailed check",New,Yes
8740-CRYFY,Male,1,78.95,78.95,Month-to-month,"Fiber optic","Electronic check",New,Yes
3569-VLDHH,Male,66,75.10,5013.00,"One year",DSL,"Electronic check",Loyal,No
7594-LZNWR,Male,34,69.15,2275.10,Month-to-month,"Fiber optic","Credit card (automatic)",Loyal,No
4001-TSBTV,Female,58,91.55,5511.65,Month-to-month,"Fiber optic","Electronic check",Loyal,No
2962-XPMCQ,Male,2,45.15,98.50,Month-to-month,DSL,"Electronic check",New,Yes
8727-XDPUD,Male,37,35.80,1316.90,"Two year",DSL,"Credit card (automatic)",Loyal,No
1043-UXOVO,Female,71,113.15,7993.30,"Two year","Fiber optic","Credit card (automatic)",Loyal,No
1678-FYZOW,Female,3,79.40,244.65,Month-to-month,"Fiber optic","Electronic check",New,Yes
5795-BKOYE,Female,69,59.10,4134.70,"One year",DSL,"Bank transfer (automatic)",Loyal,No
8627-EHGIP,Male,44,53.95,2375.40,"One year",DSL,"Mailed check",Loyal,Yes
7402-PWYJJ,Female,53,91.15,4862.50,"One year","Fiber optic","Electronic check",Loyal,No
5480-TBGPH,Female,24,99.30,2431.35,Month-to-month,"Fiber optic","Credit card (automatic)",Loyal,Yes
0018-NYROU,Female,5,68.95,351.50,Month-to-month,"Fiber optic","Electronic check",New,No
7501-VTYLJ,Female,2,51.55,106.20,Month-to-month,DSL,"Mailed check",New,No
0480-BIXDE,Female,19,96.80,1743.05,Month-to-month,"Fiber optic","Electronic check",Loyal,No
5895-QSXOD,Male,9,70.05,657.50,Month-to-month,"Fiber optic","Mailed check",Mid,No
6175-IRFIT,Male,5,78.75,426.35,Month-to-month,"Fiber optic","Mailed check",New,No
8760-ZRHKE,Female,71,69.20,4982.50,"One year",DSL,"Electronic check",Loyal,No
8854-CCVSQ,Male,18,80.65,1451.90,Month-to-month,"Fiber optic","Electronic check",Loyal,Yes
6749-UTDVX,Male,72,103.65,7634.80,"Two year","Fiber optic","Electronic check",Loyal,No
5542-DHSXL,Female,4,54.70,235.05,Month-to-month,DSL,"Mailed check",New,No
9102-OXKFY,Male,59,54.15,3116.15,"Two year",DSL,"Credit card (automatic)",Loyal,No
0511-JTEOY,Female,1,71.10,71.10,Month-to-month,"Fiber optic","Mailed check",New,Yes
5216-WASFJ,Female,31,84.85,2633.40,Month-to-month,"Fiber optic","Electronic check",Loyal,No
7067-KSAZT,Female,65,106.25,6979.80,"One year","Fiber optic","Electronic check",Loyal,Yes
2284-VFLKH,Male,49,99.25,4920.80,"One year","Fiber optic","Credit card (automatic)",Loyal,No
3807-BPOMJ,Female,55,94.75,5276.10,"One year","Fiber optic","Electronic check",Loyal,No
3892-NXAZG,Male,72,114.05,8289.20,"Two year","Fiber optic","Credit card (automatic)",Loyal,No
4948-WBBKL,Female,36,74.90,2659.45,Month-to-month,"Fiber optic","Bank transfer (automatic)",Loyal,No
9300-AGZNL,Male,1,94.00,94.00,Month-to-month,"Fiber optic","Electronic check",New,Yes
0988-AADSA,Female,72,80.85,5824.75,"Two year",DSL,"Bank transfer (automatic)",Loyal,No
9972-NKTFD,Female,28,54.65,1517.50,Month-to-month,DSL,"Bank transfer (automatic)",Loyal,No
3717-LNXKW,Male,38,91.70,3479.05,Month-to-month,"Fiber optic","Bank transfer (automatic)",Loyal,No
5734-EJKXG,Female,61,118.60,7365.70,"One year","Fiber optic","Electronic check",Loyal,No
9695-IDRZR,Female,34,116.15,3946.90,"Two year","Fiber optic","Credit card (automatic)",Loyal,No
8144-DGHXP,Female,54,80.60,4299.95,"Two year",DSL,"Electronic check",Loyal,No
1112-CUNAO,Female,15,89.85,1424.95,Month-to-month,"Fiber optic","Electronic check",Loyal,Yes
5175-AOBHI,Female,4,46.00,193.60,Month-to-month,DSL,"Mailed check",New,Yes
5174-RNGBH,Female,9,66.25,620.55,Month-to-month,DSL,"Mailed check",Mid,Yes
8631-WUXGY,Female,46,99.80,4391.25,Month-to-month,"Fiber optic","Electronic check",Loyal,No
7270-BDIOA,Female,22,90.00,1993.80,Month-to-month,"Fiber optic","Electronic check",Loyal,Yes
9565-JSNFM,Male,38,70.45,2597.60,"One year","Fiber optic","Bank transfer (automatic)",Loyal,Yes
5906-DVAPM,Female,55,75.00,4213.90,"One year",DSL,"Credit card (automatic)",Loyal,No
8348-JLBUG,Male,64,80.30,5017.70,"One year","Fiber optic","Credit card (automatic)",Loyal,No
5641-DMBFJ,Female,58,84.30,4916.40,"Two year",DSL,"Electronic check",Loyal,No
9200-NLNPD,Male,56,54.05,2959.80,"One year",DSL,"Bank transfer (automatic)",Loyal,No
2664-XJZNO,Male,72,104.90,7559.55,"Two year","Fiber optic","Credit card (automatic)",Loyal,No
9732-KPKBW,Male,1,53.95,53.95,Month-to-month,DSL,"Electronic check",New,Yes
3339-EAQNV,Male,72,97.25,7133.10,"One year","Fiber optic","Credit card (automatic)",Loyal,No
0921-OHLVP,Male,22,83.05,1799.30,Month-to-month,"Fiber optic","Electronic check",Loyal,No
3389-YGYAI,Female,8,105.50,829.55,Month-to-month,"Fiber optic","Electronic check",Mid,Yes
9560-ARGQJ,Female,16,81.00,1312.15,Month-to-month,"Fiber optic","Electronic check",Loyal,Yes
8350-NYMVI,Female,39,41.10,1597.05,Month-to-month,DSL,"Bank transfer (automatic)",Loyal,No
1600-DILPE,Female,12,45.00,524.35,Month-to-month,DSL,"Bank transfer (automatic)",Mid,No
0536-ESJEP,Male,54,74.55,4191.45,"Two year",DSL,"Bank transfer (automatic)",Loyal,No
4654-GGUII,Female,18,40.20,711.95,"One year",DSL,"Mailed check",Loyal,No
6478-HRRCZ,Male,32,70.50,2201.75,"One year",DSL,"Mailed check",Loyal,No
2360-RDGRO,Male,65,104.25,6812.95,Month-to-month,"Fiber optic","Electronic check",Loyal,No
0584-BJQGZ,Female,25,78.35,1837.90,Month-to-month,DSL,"Bank transfer (automatic)",Loyal,No
5134-IKDAY,Female,1,69.80,69.80,Month-to-month,"Fiber optic","Electronic check",New,Yes
1360-XFJMR,Female,67,109.70,7344.45,"One year","Fiber optic","Credit card (automatic)",Loyal,No
3070-DVEYC,Male,7,73.75,545.15,Month-to-month,"Fiber optic","Mailed check",Mid,Yes
5730-RIITO,Female,43,33.45,1500.25,Month-to-month,DSL,"Credit card (automatic)",Loyal,No
9058-MJLZC,Female,24,94.60,2283.15,Month-to-month,"Fiber optic","Electronic check",Loyal,No
5707-ORNDZ,Male,9,54.55,494.05,Month-to-month,DSL,"Electronic check",Mid,Yes
0056-EPFBG,Male,20,39.40,825.40,"Two year",DSL,"Credit card (automatic)",Loyal,No
8993-IZEUX,Male,7,69.15,488.65,Month-to-month,"Fiber optic","Bank transfer (automatic)",Mid,No
8696-JKZNU,Female,37,76.25,2841.55,Month-to-month,"Fiber optic","Electronic check",Loyal,Yes
5380-AFSSK,Female,5,93.90,486.85,Month-to-month,"Fiber optic","Mailed check",New,Yes
8190-ZTQFB,Male,41,51.35,2075.10,"One year",DSL,"Electronic check",Loyal,No
0931-MHTEM,Female,54,100.05,5299.65,"One year","Fiber optic","Credit card (automatic)",Loyal,No
2055-PDADH,Female,3,70.40,204.70,Month-to-month,"Fiber optic","Electronic check",New,Yes
0440-UEDAI,Female,53,94.45,5042.75,"One year","Fiber optic","Credit card (automatic)",Loyal,No
1337-BOZWO,Male,18,46.40,812.40,"One year",DSL,"Credit card (automatic)",Loyal,No
0868-VJRDR,Male,64,104.05,6605.55,"Two year","Fiber optic","Credit card (automatic)",Loyal,No
8714-EUHJO,Female,31,91.15,2995.45,Month-to-month,"Fiber optic","Electronic check",Loyal,Yes
6344-SFJVH,Female,20,24.90,505.95,Month-to-month,DSL,"Credit card (automatic)",Loyal,No
3950-VPYJB,Male,57,59.60,3509.40,"One year",DSL,"Mailed check",Loyal,No
8041-TMEID,Male,63,108.50,6991.90,"Two year","Fiber optic","Credit card (automatic)",Loyal,No
7321-ZNSLA,Male,13,40.55,590.35,"Two year",DSL,"Mailed check",Loyal,No
6941-KXRRV,Female,48,58.95,2789.70,"One year",DSL,"Bank transfer (automatic)",Loyal,No
3721-CNEYS,Female,2,70.95,137.95,Month-to-month,"Fiber optic","Electronic check",New,Yes
9475-NNDGC,Male,71,113.15,7953.25,"One year","Fiber optic","Bank transfer (automatic)",Loyal,No
1355-KUSBG,Female,7,48.80,349.80,Month-to-month,DSL,"Electronic check",Mid,No
3688-FTHLT,Female,16,63.05,1067.05,Month-to-month,DSL,"Bank transfer (automatic)",Loyal,No
0899-LIIBW,Male,34,100.85,3527.30,Month-to-month,"Fiber optic","Electronic check",Loyal,No
2568-OIADY,Female,37,99.50,3762.00,Month-to-month,"Fiber optic","Electronic check",Loyal,Yes
1384-RCUXW,Male,16,80.55,1248.90,Month-to-month,"Fiber optic","Mailed check",Loyal,No
5825-XJOCM,Male,48,64.40,3035.35,"One year",DSL,"Bank transfer (automatic)",Loyal,No
6848-YLDFR,Male,58,75.20,4300.80,"One year",DSL,"Credit card (automatic)",Loyal,No
8125-QPFJD,Female,72,84.90,6065.30,"Two year",DSL,"Bank transfer (automatic)",Loyal,No
1193-RTSLK,Female,38,83.90,3233.60,Month-to-month,"Fiber optic","Credit card (automatic)",Loyal,Yes
2302-ANTDP,Female,48,117.45,5438.90,Month-to-month,"Fiber optic","Electronic check",Loyal,Yes
5923-GXUOC,Male,10,104.40,1081.45,Month-to-month,"Fiber optic","Electronic check",Mid,Yes
4973-RLZVI,Female,30,74.65,2308.60,"One year",DSL,"Credit card (automatic)",Loyal,No
7869-ZYDST,Male,31,59.05,1882.80,Month-to-month,DSL,"Credit card (automatic)",Loyal,No
4501-UYKBC,Female,46,69.10,3255.35,"One year",DSL,"Credit card (automatic)",Loyal,No
2305-MRGLV,Male,28,76.55,2065.40,Month-to-month,"Fiber optic","Bank transfer (automatic)",Loyal,No
8404-VIOMB,Female,66,62.50,4136.40,"Two year",DSL,"Bank transfer (automatic)",Loyal,No
5233-GEEAX,Male,8,29.40,221.90,Month-to-month,DSL,"Electronic check",Mid,Yes
2359-KLTEK,Female,41,94.90,3848.00,Month-to-month,"Fiber optic","Bank transfer (automatic)",Loyal,No
5304-EFJLP,Male,72,111.65,8022.85,"Two year","Fiber optic","Bank transfer (automatic)",Loyal,No
4393-RYCRE,Male,44,106.05,4510.80,"One year","Fiber optic","Electronic check",Loyal,No
9746-MDMBK,Male,47,113.45,5317.80,"One year","Fiber optic","Bank transfer (automatic)",Loyal,No
3162-ZJZFU,Male,53,92.55,4779.45,Month-to-month,"Fiber optic","Electronic check",Loyal,No
8404-GFGCZ,Male,4,65.60,250.10,Month-to-month,DSL,"Electronic check",New,No
8875-AKBYH,Male,20,84.35,1745.20,Month-to-month,"Fiber optic","Electronic check",Loyal,No
4432-ADRLB,Male,2,44.65,74.90,Month-to-month,DSL,"Mailed check",New,Yes
0533-UCAAU,Male,57,71.10,4140.10,"One year",DSL,"Credit card (automatic)",Loyal,No
1394-SUIUH,Female,44,85.15,3670.50,Month-to-month,"Fiber optic","Electronic check",Loyal,No
3521-MNKLV,Male,24,49.70,1167.80,Month-to-month,DSL,"Mailed check",Loyal,No
2533-TIBIX,Male,15,30.20,469.65,Month-to-month,DSL,"Bank transfer (automatic)",Loyal,No
8993-PHFWD,Female,3,25.25,58.90,Month-to-month,DSL,"Electronic check",New,Yes
1565-RHDJD,Female,4,84.05,333.55,Month-to-month,"Fiber optic","Bank transfer (automatic)",New,Yes
7137-RYLPP,Male,37,85.70,3171.15,Month-to-month,"Fiber optic","Electronic check",Loyal,Yes
3765-JXVKY,Female,1,74.70,74.70,Month-to-month,"Fiber optic","Electronic check",New,Yes
5092-STPKP,Female,24,56.35,1381.20,Month-to-month,DSL,"Credit card (automatic)",Loyal,No
7330-WZLNC,Female,5,90.80,455.50,Month-to-month,"Fiber optic","Electronic check",New,Yes
0114-PEGZZ,Female,33,107.55,3645.50,Month-to-month,"Fiber optic","Electronic check",Loyal,No
8639-NHQEI,Female,72,95.90,6954.15,"Two year","Fiber optic","Bank transfer (automatic)",Loyal,No
3957-LXOLK,Female,28,106.15,3152.50,Month-to-month,"Fiber optic","Electronic check",Loyal,Yes
3720-DBRWL,Male,51,83.85,4307.10,"Two year",DSL,"Credit card (automatic)",Loyal,No
6635-MYYYZ,Female,30,85.35,2530.40,"One year",DSL,"Bank transfer (automatic)",Loyal,Yes
8565-WUXZU,Male,72,84.80,6141.65,"Two year","Fiber optic","Credit card (automatic)",Loyal,No
5281-BUZGT,Male,36,90.85,3186.70,Month-to-month,"Fiber optic","Electronic check",Loyal,Yes
4994-OBRSZ,Male,14,76.10,1054.80,"Two year",DSL,"Bank transfer (automatic)",Loyal,No
0562-FGDCR,Female,72,74.55,5430.65,"Two year",DSL,"Mailed check",Loyal,No
2436-QBZFP,Female,22,39.20,849.90,Month-to-month,DSL,"Electronic check",Loyal,No
3420-YJLQT,Female,2,79.55,151.75,Month-to-month,"Fiber optic","Electronic check",New,No
8242-PDSGJ,Male,70,39.15,2692.75,"Two year",DSL,"Credit card (automatic)",Loyal,No
0089-IIQKO,Female,39,99.95,3767.40,Month-to-month,"Fiber optic","Credit card (automatic)",Loyal,No
7839-NUIAA,Female,61,59.80,3641.50,Month-to-month,DSL,"Electronic check",Loyal,No
6075-QMNRR,Female,52,49.75,2535.55,Month-to-month,DSL,"Bank transfer (automatic)",Loyal,No
5378-IKEEG,Female,1,35.75,35.75,Month-to-month,DSL,"Electronic check",New,Yes
5966-EMAZU,Male,64,108.50,6880.85,"One year","Fiber optic","Mailed check",Loyal,No
0440-EKDCF,Male,62,60.15,3753.20,"Two year",DSL,"Credit card (automatic)",Loyal,No
2718-GAXQD,Female,4,46.00,181.60,Month-to-month,DSL,"Electronic check",New,Yes
2055-BFOCC,Male,63,84.00,5329.55,"One year",DSL,"Bank transfer (automatic)",Loyal,No
8180-AKMJV,Female,1,44.55,44.55,Month-to-month,DSL,"Credit card (automatic)",New,No
4298-OYIFC,Male,15,103.45,1539.80,Month-to-month,"Fiber optic","Electronic check",Loyal,No
5566-SOEZD,Male,27,80.65,2209.75,"One year","Fiber optic","Credit card (automatic)",Loyal,No
9842-EFSYY,Female,4,57.20,223.75,Month-to-month,DSL,"Mailed check",New,No
2272-WUSPA,Female,72,110.75,7751.70,"Two year","Fiber optic","Electronic check",Loyal,No
3898-GUYTS,Female,45,97.05,4385.05,Month-to-month,"Fiber optic","Electronic check",Loyal,No
0930-EHUZA,Female,36,76.35,2606.35,"One year",DSL,"Mailed check",Loyal,No
6413-XKKPU,Male,17,89.40,1539.45,Month-to-month,"Fiber optic","Electronic check",Loyal,Yes
3703-KBKZP,Male,16,74.45,1261.35,Month-to-month,"Fiber optic","Bank transfer (automatic)",Loyal,No
2626-URJFX,Male,4,50.90,225.60,Month-to-month,DSL,"Electronic check",New,Yes
4973-MGTON,Female,71,84.40,5969.30,"Two year",DSL,"Credit card (automatic)",Loyal,No
2612-RRIDN,Male,4,81.00,340.85,Month-to-month,"Fiber optic","Electronic check",New,Yes
4735-ASGMA,Male,26,98.35,2515.30,Month-to-month,"Fiber optic","Electronic check",Loyal,Yes
3446-QDSZF,Female,4,55.50,227.35,Month-to-month,DSL,"Credit card (automatic)",New,No
3669-LVWZB,Male,5,51.00,305.95,Month-to-month,DSL,"Mailed check",New,Yes
6892-EZDTG,Female,4,91.65,365.40,Month-to-month,"Fiber optic","Electronic check",New,Yes
5117-IFGPS,Male,29,84.30,2357.75,Month-to-month,"Fiber optic","Electronic check",Loyal,No
7379-FNIUJ,Male,2,100.20,198.50,Month-to-month,"Fiber optic","Electronic check",New,No
9725-SCPZG,Male,1,90.85,90.85,Month-to-month,"Fiber optic","Electronic check",New,Yes
5884-GCYMI,Male,1,69.40,69.40,Month-to-month,"Fiber optic","Mailed check",New,Yes
3217-FZDMN,Female,8,94.45,742.95,Month-to-month,"Fiber optic","Credit card (automatic)",Mid,Yes
0060-FUALY,Female,59,94.75,5597.65,Month-to-month,"Fiber optic","Electronic check",Loyal,No
7480-QNVZJ,Male,50,95.70,4816.70,Month-to-month,"Fiber optic","Electronic check",Loyal,Yes
6954-OOYZZ,Male,18,44.35,768.05,Month-to-month,DSL,"Bank transfer (automatic)",Loyal,No
7088-FBAWU,Female,17,74.55,1215.80,Month-to-month,DSL,"Mailed check",Loyal,No
8313-AFGBW,Male,47,73.60,3522.65,"Two year",DSL,"Electronic check",Loyal,No
3943-KDREE,Female,26,74.95,1834.95,Month-to-month,"Fiber optic","Bank transfer (automatic)",Loyal,Yes
9239-ZBZZV,Female,6,47.95,305.10,Month-to-month,DSL,"Electronic check",New,Yes
3097-IDVPU,Male,19,50.10,910.45,Month-to-month,DSL,"Credit card (automatic)",Loyal,No
4398-HSCJH,Female,3,63.60,155.65,Month-to-month,DSL,"Electronic check",New,Yes
2197-OMWGI,Female,68,53.00,3656.25,"Two year",DSL,"Electronic check",Loyal,No
9795-VOWON,Male,7,24.35,150.85,"One year",DSL,"Credit card (automatic)",Mid,No
7852-LECYP,Male,13,93.80,1261.00,Month-to-month,"Fiber optic","Credit card (automatic)",Loyal,No
4430-UZIPO,Male,3,36.85,108.70,Month-to-month,DSL,"Mailed check",New,Yes
4822-LPTYJ,Male,72,103.75,7346.20,"Two year","Fiber optic","Bank transfer (automatic)",Loyal,No
8165-CBKXO,Male,66,56.75,3708.40,"Two year",DSL,"Credit card (automatic)",Loyal,No
4855-SNKMY,Female,1,44.10,44.10,Month-to-month,DSL,"Electronic check",New,Yes
8008-HAWED,Male,14,50.75,712.75,Month-to-month,DSL,"Electronic check",Loyal,Yes
7124-UGSUR,Female,61,104.40,6405.00,"One year","Fiber optic","Credit card (automatic)",Loyal,Yes
1862-SKORY,Female,40,39.30,1637.40,Month-to-month,DSL,"Electronic check",Loyal,Yes
5236-XMZJY,Female,42,59.65,2536.55,Month-to-month,DSL,"Bank transfer (automatic)",Loyal,No
4827-DPADN,Female,72,83.30,6042.70,"Two year",DSL,"Bank transfer (automatic)",Loyal,No
2694-CIUMO,Female,12,79.55,958.25,Month-to-month,"Fiber optic","Credit card (automatic)",Mid,No
0909-SDHNU,Female,7,29.80,201.95,Month-to-month,DSL,"Mailed check",Mid,No
4647-XXZAM,Female,6,45.50,285.20,Month-to-month,DSL,"Mailed check",New,No
1502-XFCVR,Female,58,106.45,6145.85,"One year","Fiber optic","Electronic check",Loyal,Yes
7740-KKCXF,Male,51,30.05,1529.45,Month-to-month,DSL,"Credit card (automatic)",Loyal,No
5360-XGYAZ,Male,72,65.65,4664.50,"Two year",DSL,"Bank transfer (automatic)",Loyal,No
9692-TUSXH,Female,18,96.05,1740.70,Month-to-month,"Fiber optic","Electronic check",Loyal,Yes
7912-SYRQT,Female,7,75.10,552.95,Month-to-month,"Fiber optic","Bank transfer (automatic)",Mid,Yes
3557-HTYWR,Female,47,74.05,3496.30,"Two year",DSL,"Mailed check",Loyal,No
4816-JBHOV,Male,2,44.70,93.70,Month-to-month,DSL,"Electronic check",New,Yes
8920-NAVAY,Male,62,110.75,7053.35,"One year","Fiber optic","Bank transfer (automatic)",Loyal,No
5600-PDUJF,Male,6,49.50,312.70,Month-to-month,DSL,"Credit card (automatic)",New,No
8292-TYSPY,Male,19,55.00,1046.50,Month-to-month,DSL,"Credit card (automatic)",Loyal,Yes
0567-XRHCU,Female,69,43.95,2960.10,"Two year",DSL,"Credit card (automatic)",Loyal,No
1867-BDVFH,Male,11,74.35,834.20,Month-to-month,"Fiber optic","Electronic check",Mid,Yes
2067-QYTCF,Female,64,111.15,6953.40,Month-to-month,"Fiber optic","Electronic check",Loyal,No
2359-QWQUL,Female,39,104.70,4134.85,"One year","Fiber optic","Credit card (automatic)",Loyal,Yes
9103-TCIHJ,Female,15,55.70,899.80,Month-to-month,DSL,"Mailed check",Loyal,Yes
0052-DCKON,Male,66,115.80,7942.15,"One year","Fiber optic","Bank transfer (automatic)",Loyal,No
3654-ARMGP,Female,61,88.65,5321.25,"Two year",DSL,"Credit card (automatic)",Loyal,No
9699-UBQFS,Female,43,94.50,4156.80,Month-to-month,"Fiber optic","Electronic check",Loyal,No
1261-FWTTE,Male,23,34.65,768.45,Month-to-month,DSL,"Bank transfer (automatic)",Loyal,No
3528-HFRIQ,Male,71,52.30,3765.05,Month-to-month,DSL,"Bank transfer (automatic)",Loyal,No
0708-SJDIS,Female,34,65.00,2157.50,Month-to-month,DSL,"Mailed check",Loyal,No
2073-QBVBI,Female,41,35.45,1391.65,"One year",DSL,"Mailed check",Loyal,No
3320-VEOYC,Male,14,95.60,1273.30,Month-to-month,"Fiber optic","Electronic check",Loyal,No
6617-WLBQC,Female,23,81.85,1810.85,"One year","Fiber optic","Credit card (automatic)",Loyal,No
2599-CIPQE,Male,71,109.30,7782.85,"Two year","Fiber optic","Credit card (automatic)",Loyal,No
6653-CBBOM,Female,1,70.30,70.30,Month-to-month,"Fiber optic","Electronic check",New,Yes
7326-RIGQZ,Male,6,69.80,377.85,Month-to-month,"Fiber optic","Electronic check",New,No
3247-ZVOUO,Male,10,85.55,851.75,Month-to-month,"Fiber optic","Electronic check",Mid,Yes
0254-FNMCI,Female,72,109.90,7624.20,"Two year","Fiber optic","Electronic check",Loyal,No
1848-LBZHY,Female,7,50.30,355.10,Month-to-month,DSL,"Bank transfer (automatic)",Mid,No
6101-IMRMM,Male,6,94.50,575.45,Month-to-month,"Fiber optic","Mailed check",New,Yes
8118-TJAFG,Male,9,101.50,906.85,Month-to-month,"Fiber optic","Electronic check",Mid,No
5429-LWCMV,Female,12,89.15,1057.55,Month-to-month,"Fiber optic","Electronic check",Mid,No
9758-MFWGD,Female,48,29.90,1388.75,"One year",DSL,"Bank transfer (automatic)",Loyal,No
3955-JBZZM,Male,20,78.80,1641.30,Month-to-month,"Fiber optic","Electronic check",Loyal,No
1268-ASBGA,Female,16,85.35,1375.15,Month-to-month,"Fiber optic","Credit card (automatic)",Loyal,Yes
8943-URTMR,Female,2,79.65,152.70,Month-to-month,"Fiber optic","Mailed check",New,Yes
4713-LZDRV,Female,2,79.60,195.05,Month-to-month,"Fiber optic","Electronic check",New,Yes
9909-IDLEK,Male,20,96.80,1826.70,Month-to-month,"Fiber optic","Mailed check",Loyal,No
4325-NFSKC,Male,19,90.60,1660.00,Month-to-month,"Fiber optic","Electronic check",Loyal,Yes
9927-DSWDF,Male,22,104.60,2180.55,Month-to-month,"Fiber optic","Electronic check",Loyal,No
9500-LTVBP,Female,35,80.05,2835.90,Month-to-month,"Fiber optic","Credit card (automatic)",Loyal,No
7252-NTGSS,Female,1,45.15,45.15,Month-to-month,DSL,"Mailed check",New,No
8149-AIQCG,Male,39,73.15,2730.85,Month-to-month,"Fiber optic","Credit card (automatic)",Loyal,No
1360-JYXKQ,Female,54,99.10,5437.10,"One year","Fiber optic","Electronic check",Loyal,No
7762-URZQH,Male,66,106.05,6981.35,"Two year","Fiber optic","Credit card (automatic)",Loyal,Yes
0899-WZRSD,Male,56,105.35,5794.45,Month-to-month,"Fiber optic","Mailed check",Loyal,No
3255-GRXMG,Male,18,45.65,747.20,Month-to-month,DSL,"Credit card (automatic)",Loyal,No
4828-FAZPK,Female,16,79.95,1267.95,Month-to-month,"Fiber optic","Credit card (automatic)",Loyal,No
6094-ZIVKX,Female,68,54.45,3674.95,"One year",DSL,"Credit card (automatic)",Loyal,No
3262-EIDHV,Female,72,84.70,5893.90,"Two year",DSL,"Credit card (automatic)",Loyal,No
7354-OIJLX,Male,9,75.85,724.65,Month-to-month,"Fiber optic","Electronic check",Mid,No
1376-HHBDV,Female,30,48.80,1536.75,Month-to-month,DSL,"Mailed check",Loyal,No
6907-NZZIJ,Female,36,99.15,3615.60,Month-to-month,"Fiber optic","Electronic check",Loyal,Yes
6133-OZILE,Female,18,35.20,607.30,Month-to-month,DSL,"Electronic check",Loyal,No
4135-FRWKJ,Female,55,76.25,4154.55,"One year",DSL,"Electronic check",Loyal,No
2911-UREFD,Female,39,55.90,2184.35,Month-to-month,DSL,"Electronic check",Loyal,Yes
3744-ZRRDZ,Male,21,82.35,1852.85,Month-to-month,"Fiber optic","Electronic check",Loyal,Yes
5673-TIYIB,Male,2,40.40,77.15,Month-to-month,DSL,"Credit card (automatic)",New,Yes
7191-ADRGF,Male,44,54.30,2390.45,"Two year",DSL,"Bank transfer (automatic)",Loyal,No
5018-LXQQG,Female,30,66.30,1923.50,Month-to-month,DSL,"Bank transfer (automatic)",Loyal,No
1602-IJQQE,Female,4,75.35,338.10,Month-to-month,"Fiber optic","Electronic check",New,Yes
4628-WQCQQ,Male,35,85.15,3030.60,"One year","Fiber optic","Electronic check",Loyal,Yes
1746-TGTWV,Male,1,75.35,75.35,Month-to-month,"Fiber optic","Credit card (automatic)",New,No
5995-SNNEW,Male,23,104.45,2184.85,Month-to-month,"Fiber optic","Electronic check",Loyal,No
8050-WYBND,Female,22,49.45,1031.40,"One year",DSL,"Credit card (automatic)",Loyal,No
4879-GZLFH,Female,42,92.15,3875.40,Month-to-month,"Fiber optic","Electronic check",Loyal,No
1644-IRKSF,Female,33,93.80,3124.50,"One year","Fiber optic","Electronic check",Loyal,Yes
9402-ROUMJ,Female,67,100.25,6689.00,"One year","Fiber optic","Bank transfer (automatic)",Loyal,No
2507-QZPQS,Male,15,95.70,1451.10,Month-to-month,"Fiber optic","Electronic check",Loyal,No
7159-NOKYQ,Male,67,93.15,6368.20,"Two year","Fiber optic","Electronic check",Loyal,No
5707-ZMDJP,Male,53,69.70,3729.60,"Two year",DSL,"Mailed check",Loyal,No
7136-IHZJA,Female,40,71.35,2847.20,Month-to-month,DSL,"Mailed check",Loyal,No
7074-STDCN,Male,39,40.60,1494.50,Month-to-month,DSL,"Electronic check",Loyal,No
0277-BKSQP,Male,8,54.40,475.10,Month-to-month,DSL,"Electronic check",Mid,No
6502-HCJTI,Male,7,94.70,673.10,Month-to-month,"Fiber optic","Credit card (automatic)",Mid,Yes
2606-RMDHZ,Male,6,30.50,208.70,Month-to-month,DSL,"Credit card (automatic)",New,Yes
2676-SSLTO,Male,49,66.15,3199.00,"Two year",DSL,"Bank transfer (automatic)",Loyal,No
6266-QHOJZ,Female,65,89.85,5844.65,"One year","Fiber optic","Electronic check",Loyal,No
7269-JISCY,Female,55,45.05,2462.60,"One year",DSL,"Bank transfer (automatic)",Loyal,No
0363-SVHYR,Male,71,86.85,6263.80,"Two year",DSL,"Bank transfer (automatic)",Loyal,No
8547-NSBBO,Male,35,96.75,3403.40,Month-to-month,"Fiber optic","Mailed check",Loyal,No
8258-GSTJK,Male,3,77.00,237.75,Month-to-month,"Fiber optic","Electronic check",New,Yes
9940-RHLFB,Female,1,75.30,75.30,Month-to-month,"Fiber optic","Electronic check",New,Yes
6591-QGOYB,Male,17,106.65,1672.10,Month-to-month,"Fiber optic","Bank transfer (automatic)",Loyal,No
9070-BCKQP,Female,72,110.15,7881.20,"Two year","Fiber optic","Credit card (automatic)",Loyal,No
6421-SZVEM,Female,28,82.85,2320.80,"One year","Fiber optic","Bank transfer (automatic)",Loyal,No
2995-UPRYS,Female,40,99.20,4062.20,"One year","Fiber optic","Credit card (automatic)",Loyal,Yes
8878-RYUKI,Female,52,59.45,3043.70,Month-to-month,DSL,"Electronic check",Loyal,No
9633-DENPU,Female,47,58.60,2723.40,Month-to-month,DSL,"Bank transfer (automatic)",Loyal,No
7811-JIVPF,Female,23,49.70,1081.25,Month-to-month,DSL,"Credit card (automatic)",Loyal,No
7113-HIPFI,Male,66,65.85,4097.05,"Two year",DSL,"Mailed check",Loyal,No
8541-QVFKM,Female,8,73.50,632.20,Month-to-month,"Fiber optic","Electronic check",Mid,No
6686-YPGHK,Male,47,85.50,4042.30,Month-to-month,"Fiber optic","Mailed check",Loyal,Yes
9258-CNWAC,Female,71,113.65,8166.80,"Two year","Fiber optic","Credit card (automatic)",Loyal,No
5371-VYLSX,Female,50,83.40,4113.70,Month-to-month,"Fiber optic","Electronic check",Loyal,No
6374-AFWOX,Male,46,65.65,3047.15,"Two year",DSL,"Mailed check",Loyal,No
4759-TRPLW,Male,1,70.40,70.40,Month-to-month,"Fiber optic","Electronic check",New,Yes
5317-FLPJF,Female,66,61.35,4193.40,"Two year",DSL,"Bank transfer (automatic)",Loyal,No
7621-VPNET,Female,42,85.90,3729.75,Month-to-month,"Fiber optic","Credit card (automatic)",Loyal,No
6034-YMTOB,Female,5,75.65,399.45,Month-to-month,"Fiber optic","Mailed check",New,No
8563-IIOXK,Male,7,49.75,331.30,"One year",DSL,"Electronic check",Mid,Yes
4903-CNOZC,Male,29,70.90,1964.60,"One year",DSL,"Credit card (automatic)",Loyal,No
4353-HYOJD,Female,27,49.85,1336.15,Month-to-month,DSL,"Mailed check",Loyal,No
8020-BWHYL,Female,15,75.30,1147.45,Month-to-month,"Fiber optic","Credit card (automatic)",Loyal,Yes
2982-VPSGI,Female,11,94.00,1078.90,Month-to-month,"Fiber optic","Electronic check",Mid,Yes
4188-FRABG,Male,57,103.05,5925.75,Month-to-month,"Fiber optic","Electronic check",Loyal,No
8199-ZLLSA,Male,67,118.35,7804.15,"One year","Fiber optic","Bank transfer (automatic)",Loyal,Yes
4128-ETESU,Female,47,99.70,4747.20,Month-to-month,"Fiber optic","Electronic check",Loyal,No
0620-DLSLK,Female,13,81.90,1028.90,Month-to-month,"Fiber optic","Mailed check",Loyal,No
4625-EWPTF,Male,8,30.45,226.45,Month-to-month,DSL,"Electronic check",Mid,Yes
5980-NOPLP,Female,44,96.10,4364.10,Month-to-month,"Fiber optic","Electronic check",Loyal,Yes
3850-OKINF,Male,71,66.20,4692.55,"One year",DSL,"Electronic check",Loyal,No
6892-XPFPU,Male,24,104.25,2433.90,Month-to-month,"Fiber optic","Electronic check",Loyal,Yes
8010-EZLOU,Male,15,80.20,1217.25,Month-to-month,"Fiber optic","Electronic check",Loyal,Yes
3295-YVUSR,Male,2,72.60,154.30,Month-to-month,"Fiber optic","Mailed check",New,No
8016-NCFVO,Male,55,116.50,6382.55,Month-to-month,"Fiber optic","Electronic check",Loyal,No
4119-ZYPZY,Male,71,106.80,7623.20,"Two year","Fiber optic","Electronic check",Loyal,No
7577-SWIFR,Male,1,89.25,89.25,Month-to-month,"Fiber optic","Electronic check",New,No
6408-OTUBZ,Female,66,104.55,6779.05,"One year","Fiber optic","Bank transfer (automatic)",Loyal,No
5204-HMGYF,Female,49,87.20,4345.00,"One year",DSL,"Mailed check",Loyal,No
1078-TDCRN,Female,3,30.75,82.85,Month-to-month,DSL,"Electronic check",New,No
3797-FKOGQ,Male,11,86.20,893.20,Month-to-month,"Fiber optic","Electronic check",Mid,No
7622-NXQZR,Male,28,30.10,810.85,Month-to-month,DSL,"Credit card (automatic)",Loyal,No
6196-HBOBZ,Male,65,99.35,6347.55,"Two year","Fiber optic","Electronic check",Loyal,No
5439-WIKXB,Male,41,94.55,3851.45,Month-to-month,"Fiber optic","Electronic check",Loyal,No
9874-QLCLH,Female,17,104.20,1743.50,Month-to-month,"Fiber optic","Electronic check",Loyal,Yes
8294-UIMBA,Female,30,94.40,2638.10,"One year","Fiber optic","Bank transfer (automatic)",Loyal,No
8109-YUOHE,Male,17,56.10,946.95,"One year",DSL,"Mailed check",Loyal,No
5840-NVDCG,Female,16,68.25,1114.85,"Two year",DSL,"Bank transfer (automatic)",Loyal,No
5928-QLDHB,Male,9,76.25,684.85,Month-to-month,"Fiber optic","Electronic check",Mid,No
9840-EFJQB,Female,1,74.35,74.35,Month-to-month,"Fiber optic","Electronic check",New,No
0696-UKTOX,Male,23,54.15,1312.45,Month-to-month,DSL,"Electronic check",Loyal,No
3472-OAOOR,Male,19,34.95,610.20,Month-to-month,DSL,"Mailed check",Loyal,No
6135-OZQVA,Female,7,53.65,404.35,Month-to-month,DSL,"Electronic check",Mid,No
8062-YBDOE,Male,1,69.65,69.65,Month-to-month,"Fiber optic","Electronic check",New,Yes
2252-JHJGE,Male,61,104.00,6363.45,"One year","Fiber optic","Electronic check",Loyal,No
4188-PCPIG,Female,57,70.35,4124.65,"Two year",DSL,"Credit card (automatic)",Loyal,No
6000-APYLU,Male,9,80.80,713.10,Month-to-month,"Fiber optic","Electronic check",Mid,Yes
7105-BENQF,Male,15,64.85,950.75,"One year",DSL,"Mailed check",Loyal,No
3566-VVORZ,Female,12,45.90,505.95,Month-to-month,DSL,"Bank transfer (automatic)",Mid,No
2480-SQIOB,Male,4,44.80,169.65,Month-to-month,DSL,"Electronic check",New,No
0947-IDHRQ,Female,7,80.30,526.70,Month-to-month,"Fiber optic","Mailed check",Mid,Yes
0128-MKWSG,Female,26,45.80,1147.00,Month-to-month,DSL,"Mailed check",Loyal,No
3672-YITQD,Male,36,84.10,3021.60,Month-to-month,"Fiber optic","Electronic check",Loyal,Yes
4350-ZTLPI,Female,53,108.95,5718.20,"One year","Fiber optic","Bank transfer (automatic)",Loyal,No
9048-JVYVF,Male,3,69.35,191.35,Month-to-month,DSL,"Electronic check",New,Yes
0361-HJRDX,Female,68,64.35,4539.60,"Two year",DSL,"Credit card (automatic)",Loyal,No
5727-MYATE,Male,72,90.80,6397.60,"Two year",DSL,"Credit card (automatic)",Loyal,No
8988-ECPJR,Female,34,79.60,2718.30,Month-to-month,"Fiber optic","Mailed check",Loyal,Yes
7570-WELNY,Female,68,84.70,5711.05,"Two year","Fiber optic","Bank transfer (automatic)",Loyal,No
3021-VLNRJ,Female,50,70.80,3478.15,"One year",DSL,"Credit card (automatic)",Loyal,No
3776-EKTKM,Female,1,36.45,36.45,Month-to-month,DSL,"Electronic check",New,Yes
2080-CAZNM,Female,41,104.40,4133.95,Month-to-month,"Fiber optic","Electronic check",Loyal,No
1028-FFNJK,Male,30,101.50,2917.65,Month-to-month,"Fiber optic","Electronic check",Loyal,No
6907-FLBER,Male,1,54.30,54.30,Month-to-month,DSL,"Electronic check",New,No
3001-UNBTL,Male,29,103.95,2964.80,Month-to-month,"Fiber optic","Electronic check",Loyal,No
5982-PSMKW,Female,23,91.10,2198.30,"Two year",DSL,"Credit card (automatic)",Loyal,No
1902-XBTFB,Male,22,89.40,2001.50,Month-to-month,"Fiber optic","Electronic check",Loyal,Yes
1676-MQAOA,Male,72,75.10,5336.35,"Two year",DSL,"Bank transfer (automatic)",Loyal,No
0786-IVLAW,Female,66,108.10,7238.60,"One year","Fiber optic","Bank transfer (automatic)",Loyal,No
7566-DSRLQ,Female,72,110.15,7998.80,"Two year","Fiber optic","Electronic check",Loyal,No
0643-OKLRP,Female,47,80.35,3825.85,Month-to-month,"Fiber optic","Electronic check",Loyal,Yes
7245-JMTTQ,Female,51,111.50,5703.25,"One year","Fiber optic","Electronic check",Loyal,No
6050-IJRHS,Female,70,106.50,7397.00,"One year","Fiber optic","Electronic check",Loyal,No
8591-TKMZH,Male,59,111.10,6555.20,"Two year","Fiber optic","Mailed check",Loyal,No
0734-OXWBT,Male,3,70.70,225.65,Month-to-month,DSL,"Mailed check",New,No
4282-ACRXS,Male,38,24.85,955.75,Month-to-month,DSL,"Electronic check",Loyal,No
0365-TRTPY,Female,37,91.20,3382.30,Month-to-month,"Fiber optic","Bank transfer (automatic)",Loyal,No
7349-ALMUX,Male,37,65.60,2313.80,"Two year",DSL,"Bank transfer (automatic)",Loyal,No
9381-NDKME,Female,24,40.65,933.30,Month-to-month,DSL,"Credit card (automatic)",Loyal,Yes
6502-KUGLL,Female,14,59.45,780.85,Month-to-month,DSL,"Bank transfer (automatic)",Loyal,No
1841-YSJGV,Male,72,109.95,7852.40,"Two year","Fiber optic","Credit card (automatic)",Loyal,No
2794-XIMMO,Male,53,60.45,3184.25,"One year",DSL,"Electronic check",Loyal,Yes
8382-SHQEH,Female,8,84.90,764.95,Month-to-month,"Fiber optic","Electronic check",Mid,Yes
3511-BFTJW,Male,72,38.50,2763.00,"Two year",DSL,"Credit card (automatic)",Loyal,No
7668-XCFYV,Female,17,92.55,1614.70,Month-to-month,"Fiber optic","Electronic check",Loyal,No
2983-ZANRP,Female,2,73.55,145.40,Month-to-month,"Fiber optic","Bank transfer (automatic)",New,Yes
3034-ZBEQN,Female,48,34.70,1604.50,"One year",DSL,"Mailed check",Loyal,Yes
2282-YGNOR,Female,29,58.00,1734.50,"One year",DSL,"Credit card (automatic)",Loyal,No
5336-UFNZP,Female,65,107.45,7047.50,"One year","Fiber optic","Electronic check",Loyal,No
6854-EXGSF,Female,8,65.50,573.15,Month-to-month,DSL,"Bank transfer (automatic)",Mid,No
9233-PSYHO,Female,45,100.15,4459.80,"One year","Fiber optic","Bank transfer (automatic)",Loyal,No
5376-PCKNB,Male,72,104.45,7459.00,"One year","Fiber optic","Credit card (automatic)",Loyal,No
4060-LDNLU,Male,7,96.20,639.70,Month-to-month,"Fiber optic","Electronic check",Mid,No
3589-PPVKW,Male,9,44.40,348.15,Month-to-month,DSL,"Mailed check",Mid,No
8327-LZKAS,Female,43,107.55,4533.90,"One year","Fiber optic","Electronic check",Loyal,Yes
5887-IKKYO,Male,58,94.35,5563.65,"Two year","Fiber optic","Bank transfer (automatic)",Loyal,No
1075-BGWOH,Male,16,98.75,1587.55,Month-to-month,"Fiber optic","Electronic check",Loyal,Yes
0302-JOIVN,Female,8,101.15,842.90,Month-to-month,"Fiber optic","Electronic check",Mid,Yes
3858-XHYJO,Female,40,105.75,4228.55,"One year","Fiber optic","Bank transfer (automatic)",Loyal,No
4299-SIMNS,Male,9,81.15,784.45,Month-to-month,"Fiber optic","Electronic check",Mid,No
7025-IWFHT,Male,41,89.55,3729.75,"One year","Fiber optic","Electronic check",Loyal,No
6261-LHRTG,Female,26,54.75,1406.90,Month-to-month,DSL,"Credit card (automatic)",Loyal,No
7841-FCRQD,Female,33,53.75,1857.30,"One year",DSL,"Credit card (automatic)",Loyal,No
2056-EVGZL,Male,68,105.75,7322.50,"One year","Fiber optic","Credit card (automatic)",Loyal,No
8777-MBMTS,Female,65,105.85,6725.50,"Two year","Fiber optic","Credit card (automatic)",Loyal,No
7753-USQYQ,Male,55,64.20,3627.30,"One year",DSL,"Electronic check",Loyal,No
5366-IJEQJ,Male,20,88.70,1761.45,Month-to-month,"Fiber optic","Electronic check",Loyal,Yes
7661-CPURM,Male,19,87.70,1725.95,"One year","Fiber optic","Credit card (automatic)",Loyal,No
6233-HXJMX,Female,45,89.30,4192.15,Month-to-month,"Fiber optic","Credit card (automatic)",Loyal,No
1981-INRFU,Female,2,79.75,164.50,Month-to-month,"Fiber optic","Electronic check",New,Yes
4971-PUYQO,Female,27,94.55,2724.60,Month-to-month,"Fiber optic","Mailed check",Loyal,Yes
5115-GZDEL,Male,72,67.20,4671.70,"Two year",DSL,"Credit card (automatic)",Loyal,No
3338-CVVEH,Male,12,94.55,1173.55,Month-to-month,"Fiber optic","Electronic check",Mid,No
8485-GJCDN,Female,5,69.05,318.50,Month-to-month,"Fiber optic","Mailed check",New,Yes
2615-YVMYX,Male,71,107.50,7713.55,Month-to-month,"Fiber optic","Electronic check",Loyal,No
2851-STERV,Male,35,73.00,2471.25,"One year",DSL,"Electronic check",Loyal,No
4393-GEADV,Male,70,114.75,7842.30,"Two year","Fiber optic","Credit card (automatic)",Loyal,No
8486-AYEQH,Female,31,76.05,2227.80,Month-to-month,"Fiber optic","Electronic check",Loyal,No
1527-SXDPN,Male,52,96.25,4990.25,"Two year","Fiber optic","Bank transfer (automatic)",Loyal,Yes
6029-WTIPC,Male,37,101.10,3744.05,Month-to-month,"Fiber optic","Electronic check",Loyal,Yes
8634-CILSZ,Male,69,104.70,7220.35,"One year","Fiber optic","Bank transfer (automatic)",Loyal,Yes
5419-JKZNQ,Male,30,77.90,2351.45,Month-to-month,"Fiber optic","Mailed check",Loyal,No
2495-KZNFB,Female,33,90.65,2989.60,Month-to-month,"Fiber optic","Electronic check",Loyal,No
1409-PHXTF,Male,54,110.45,6077.75,"Two year","Fiber optic","Electronic check",Loyal,No
4560-WQAQW,Female,59,68.70,4070.95,"One year",DSL,"Bank transfer (automatic)",Loyal,No
9591-YVTEB,Male,55,44.85,2479.05,Month-to-month,DSL,"Electronic check",Loyal,No
9309-BZGNT,Male,69,29.80,2134.30,"One year",DSL,"Credit card (automatic)",Loyal,No
4274-DRSQT,Female,66,88.90,6000.10,"One year","Fiber optic","Bank transfer (automatic)",Loyal,No
2027-DNKIV,Male,37,58.75,2203.10,"One year",DSL,"Mailed check",Loyal,No
2885-HIJDH,Male,69,86.90,6194.10,"Two year",DSL,"Bank transfer (automatic)",Loyal,No
5424-RLQLC,Male,10,59.65,638.95,Month-to-month,DSL,"Mailed check",Mid,No
6682-QJDGB,Male,40,55.25,2139.20,Month-to-month,DSL,"Mailed check",Loyal,Yes
6507-DTJZV,Male,13,66.40,831.75,Month-to-month,DSL,"Credit card (automatic)",Loyal,No
8780-IXSTS,Female,6,90.10,521.30,Month-to-month,"Fiber optic","Electronic check",New,Yes
6723-WSNTY,Female,66,108.10,7181.95,"One year","Fiber optic","Credit card (automatic)",Loyal,No
9530-EHPOH,Male,11,53.75,608.00,Month-to-month,DSL,"Electronic check",Mid,Yes
2725-IWWBA,Male,46,56.90,2560.10,"One year",DSL,"Mailed check",Loyal,No
0345-HKJVM,Female,6,89.30,577.60,Month-to-month,"Fiber optic","Electronic check",New,Yes
1061-PNTHC,Female,56,109.60,5953.00,Month-to-month,"Fiber optic","Mailed check",Loyal,No
6574-MCOEH,Female,33,79.15,2531.40,"One year",DSL,"Electronic check",Loyal,No
7399-QHBJS,Female,72,66.75,4760.30,"Two year",DSL,"Credit card (automatic)",Loyal,No
3049-SOLAY,Female,3,95.20,292.85,Month-to-month,"Fiber optic","Electronic check",New,Yes
0997-YTLNY,Female,19,48.80,953.65,Month-to-month,DSL,"Mailed check",Loyal,No
3317-HRTNN,Female,5,45.70,198.00,Month-to-month,DSL,"Electronic check",New,Yes
9479-HYNYL,Female,71,80.70,5705.05,"Two year",DSL,"Credit card (automatic)",Loyal,No
3235-ETOOB,Male,8,74.50,609.90,Month-to-month,"Fiber optic","Electronic check",Mid,Yes
8058-INTPH,Female,1,79.65,79.65,Month-to-month,"Fiber optic","Electronic check",New,Yes
3642-GKTCT,Female,61,115.10,6993.65,"One year","Fiber optic","Mailed check",Loyal,No
0774-RMNUW,Female,71,59.70,4122.65,"Two year",DSL,"Bank transfer (automatic)",Loyal,No
1334-PDUKM,Female,68,86.45,5762.95,"One year","Fiber optic","Credit card (automatic)",Loyal,No
0756-MPZRL,Male,46,33.70,1537.85,"One year",DSL,"Credit card (automatic)",Loyal,No
2242-MFOTG,Male,33,80.10,2603.30,"One year","Fiber optic","Bank transfer (automatic)",Loyal,No
2927-CVULT,Female,53,104.05,5566.40,"Two year","Fiber optic","Bank transfer (automatic)",Loyal,No
2144-BFDSO,Female,50,108.75,5431.90,Month-to-month,"Fiber optic","Bank transfer (automatic)",Loyal,No
8745-PVESG,Female,57,41.10,2258.25,"One year",DSL,"Credit card (automatic)",Loyal,No
5647-FXOTP,Female,60,105.90,6401.25,Month-to-month,"Fiber optic","Electronic check",Loyal,No
5569-OUICF,Female,28,101.30,2812.20,Month-to-month,"Fiber optic","Credit card (automatic)",Loyal,Yes
8821-XNHVZ,Female,1,80.05,80.05,Month-to-month,"Fiber optic","Mailed check",New,Yes
2082-OJVTK,Male,29,89.20,2698.35,Month-to-month,"Fiber optic","Electronic check",Loyal,Yes
9700-ISPUP,Female,10,65.50,616.90,Month-to-month,DSL,"Electronic check",Mid,No
9839-ETQOE,Male,43,40.45,1912.85,Month-to-month,DSL,"Electronic check",Loyal,No
6078-VESFR,Male,13,70.45,849.10,Month-to-month,"Fiber optic","Bank transfer (automatic)",Loyal,No
9027-TMATR,Female,43,78.80,3460.30,"Two year",DSL,"Electronic check",Loyal,No
5940-NFXKV,Male,19,83.65,1465.75,Month-to-month,"Fiber optic","Electronic check",Loyal,Yes
1941-HOSAM,Male,1,90.10,90.10,Month-to-month,"Fiber optic","Electronic check",New,No
9110-HSGTV,Female,69,82.45,5555.30,"Two year",DSL,"Credit card (automatic)",Loyal,No
6171-ZTVYB,Male,43,66.25,2907.35,Month-to-month,DSL,"Bank transfer (automatic)",Loyal,No
9564-KCLHR,Male,1,51.25,51.25,Month-to-month,DSL,"Mailed check",New,Yes
1935-IMVBB,Male,56,89.70,4952.95,Month-to-month,"Fiber optic","Mailed check",Loyal,No
2535-PBCGC,Female,70,64.55,4504.90,"Two year",DSL,"Bank transfer (automatic)",Loyal,No
2082-CEFLT,Male,1,45.60,45.60,Month-to-month,DSL,"Electronic check",New,Yes
1470-PSXNM,Male,49,93.65,4520.15,"One year","Fiber optic","Electronic check",Loyal,No
1213-NGCUN,Female,6,49.65,267.35,Month-to-month,DSL,"Bank transfer (automatic)",New,Yes
2498-XLDZR,Female,32,73.60,2316.85,"Two year",DSL,"Mailed check",Loyal,No
9866-OCCKE,Female,72,109.75,8075.35,"Two year","Fiber optic","Mailed check",Loyal,No
5338-YHWYT,Male,37,61.45,2302.35,"Two year",DSL,"Credit card (automatic)",Loyal,No
7718-UPSKJ,Female,69,106.40,7251.90,"One year","Fiber optic","Credit card (automatic)",Loyal,No
8731-WBBMB,Female,26,81.90,2078.55,Month-to-month,DSL,"Bank transfer (automatic)",Loyal,No
1448-CYWKC,Female,58,105.20,6225.40,"One year","Fiber optic","Credit card (automatic)",Loyal,No
7901-IIDQV,Male,24,54.60,1242.25,"One year",DSL,"Bank transfer (automatic)",Loyal,No
0334-ZFJSR,Female,55,66.05,3462.10,"One year",DSL,"Credit card (automatic)",Loyal,No
2894-QOJRX,Female,25,34.00,853.00,Month-to-month,DSL,"Bank transfer (automatic)",Loyal,Yes
5747-PMBSQ,Male,10,92.50,934.10,Month-to-month,"Fiber optic","Mailed check",Mid,Yes
5583-EJXRD,Male,44,54.05,2375.20,"Two year",DSL,"Credit card (automatic)",Loyal,No
4565-EVZMJ,Female,47,58.90,2813.05,"One year",DSL,"Mailed check",Loyal,No
3143-JQEGI,Female,13,88.35,1222.80,Month-to-month,"Fiber optic","Electronic check",Loyal,Yes
6386-SZZKH,Female,49,107.95,5293.20,"Two year","Fiber optic","Bank transfer (automatic)",Loyal,Yes
3327-YBAKM,Female,64,96.90,6314.35,"One year","Fiber optic","Mailed check",Loyal,No
6705-LNMDD,Male,20,50.00,1003.05,Month-to-month,DSL,"Mailed check",Loyal,No
2580-ASVVY,Female,37,45.40,1593.10,"Two year",DSL,"Electronic check",Loyal,No
3370-GQEAL,Male,30,85.45,2509.95,Month-to-month,"Fiber optic","Electronic check",Loyal,No
5032-USPKF,Female,38,84.10,3187.65,"One year",DSL,"Bank transfer (automatic)",Loyal,No
2982-IHMFT,Female,1,74.45,74.45,Month-to-month,"Fiber optic","Mailed check",New,Yes
3521-SYVOR,Female,37,64.75,2345.20,Month-to-month,DSL,"Electronic check",Loyal,Yes
4254-QPEDE,Female,52,66.25,3330.10,"Two year",DSL,"Credit card (automatic)",Loyal,No
6283-GITPX,Male,71,76.90,5522.70,"Two year",DSL,"Credit card (automatic)",Loyal,No
9526-JAWYF,Male,26,89.80,2335.30,Month-to-month,"Fiber optic","Electronic check",Loyal,Yes
0771-CHWSK,Male,66,74.60,4798.40,"Two year",DSL,"Credit card (automatic)",Loyal,No
9788-HNGUT,Male,72,116.95,8594.40,"Two year","Fiber optic","Credit card (automatic)",Loyal,No
9495-REDIY,Male,25,40.65,970.55,"One year",DSL,"Credit card (automatic)",Loyal,No
5375-XLDOF,Male,69,114.35,7665.80,"Two year","Fiber optic","Bank transfer (automatic)",Loyal,No
1172-VIYBP,Male,53,69.70,3686.05,"Two year",DSL,"Bank transfer (automatic)",Loyal,No
5649-VUKMC,Female,12,95.50,1115.15,"One year","Fiber optic","Mailed check",Mid,Yes
6559-PDZLR,Male,26,98.65,2537.00,Month-to-month,"Fiber optic","Electronic check",Loyal,No
8992-OBVDG,Male,21,61.65,1393.60,Month-to-month,DSL,"Mailed check",Loyal,No
4273-MBHYA,Female,1,89.35,89.35,Month-to-month,"Fiber optic","Electronic check",New,No
4724-WXVWF,Male,48,95.40,4445.30,Month-to-month,"Fiber optic","Electronic check",Loyal,No
5701-GUXDC,Female,26,35.40,978.60,"One year",DSL,"Credit card (automatic)",Loyal,No
5143-EGQFK,Female,10,29.65,291.40,Month-to-month,DSL,"Electronic check",Mid,Yes
4919-IKATY,Male,5,84.50,453.75,Month-to-month,"Fiber optic","Electronic check",New,Yes
9050-QLROH,Male,18,90.70,1597.25,Month-to-month,"Fiber optic","Credit card (automatic)",Loyal,Yes
8232-CTLKO,Female,66,59.75,3996.80,"Two year",DSL,"Electronic check",Loyal,No
9227-YBAXE,Female,65,82.50,5215.10,"Two year",DSL,"Bank transfer (automatic)",Loyal,No
6168-WFVVF,Female,3,70.30,235.50,Month-to-month,"Fiber optic","Electronic check",New,Yes
0112-QAWRZ,Male,16,90.80,1442.20,Month-to-month,"Fiber optic","Bank transfer (automatic)",Loyal,No
0877-SDMBN,Female,54,103.95,5639.05,"One year","Fiber optic","Bank transfer (automatic)",Loyal,Yes
2786-GCDPI,Female,50,104.95,5222.35,Month-to-month,"Fiber optic","Electronic check",Loyal,No
4043-MKDTV,Male,71,105.25,7291.75,"Two year","Fiber optic","Electronic check",Loyal,No
8065-YKXKD,Female,10,74.75,799.65,Month-to-month,"Fiber optic","Electronic check",Mid,Yes
9637-EIHEQ,Female,1,50.80,50.80,Month-to-month,DSL,"Electronic check",New,Yes
8313-KTIHG,Male,4,61.30,249.40,Month-to-month,DSL,"Electronic check",New,No
5320-BRKGK,Female,58,75.80,4415.75,"Two year",DSL,"Mailed check",Loyal,No
6284-KMNUF,Female,56,98.00,5270.60,"One year","Fiber optic","Electronic check",Loyal,No
9689-PTNPG,Male,2,80.25,144.55,Month-to-month,"Fiber optic","Electronic check",New,Yes
9465-RWMXL,Male,32,78.90,2447.95,Month-to-month,"Fiber optic","Electronic check",Loyal,Yes
6229-UOLQL,Male,56,52.00,2884.90,"One year",DSL,"Mailed check",Loyal,No
2362-IBOOY,Male,36,84.75,3050.15,Month-to-month,"Fiber optic","Electronic check",Loyal,Yes
3137-LUPIX,Female,4,64.40,253.00,Month-to-month,DSL,"Mailed check",New,No
0843-WTBXE,Male,53,85.45,4517.25,Month-to-month,"Fiber optic","Bank transfer (automatic)",Loyal,Yes
6143-JQKEA,Male,10,45.80,436.20,Month-to-month,DSL,"Credit card (automatic)",Mid,No
8676-OOQEJ,Male,4,30.50,118.40,Month-to-month,DSL,"Electronic check",New,No
9701-CDXHR,Female,51,69.15,3649.60,Month-to-month,"Fiber optic","Mailed check",Loyal,No
7450-NWRTR,Male,12,99.45,1200.15,Month-to-month,"Fiber optic","Electronic check",Mid,Yes
8124-NZVGJ,Female,6,49.25,255.60,"One year",DSL,"Mailed check",New,No
2162-FRZAA,Male,63,39.35,2395.05,"Two year",DSL,"Bank transfer (automatic)",Loyal,No
5376-DEQCP,Female,1,70.60,70.60,Month-to-month,"Fiber optic","Electronic check",New,Yes
5118-MUEYH,Female,48,105.10,5083.55,Month-to-month,"Fiber optic","Credit card (automatic)",Loyal,No
9095-HFAFX,Female,5,81.00,389.60,Month-to-month,"Fiber optic","Credit card (automatic)",New,Yes
2379-ENZGV,Male,6,84.85,523.50,Month-to-month,"Fiber optic","Electronic check",New,Yes
4067-HLYQI,Female,33,70.40,2406.10,Month-to-month,"Fiber optic","Bank transfer (automatic)",Loyal,No
0292-WEGCH,Female,54,86.20,4524.05,Month-to-month,DSL,"Electronic check",Loyal,No
8910-ICHIU,Female,46,95.65,4664.20,"One year","Fiber optic","Credit card (automatic)",Loyal,No
4097-YODCF,Male,34,103.80,3470.80,"One year","Fiber optic","Electronic check",Loyal,No
9715-WZCLW,Male,71,97.20,6910.30,"Two year","Fiber optic","Electronic check",Loyal,No
9786-YWNHU,Female,63,63.55,4014.20,"Two year",DSL,"Mailed check",Loyal,No
6005-OBZPH,Female,26,89.15,2277.65,Month-to-month,"Fiber optic","Electronic check",Loyal,Yes
4049-ZPALD,Female,64,99.00,6375.80,"Two year","Fiber optic","Bank transfer (automatic)",Loyal,No
7932-WPTDS,Female,1,24.80,24.80,Month-to-month,DSL,"Electronic check",New,Yes
3733-UOCWF,Male,61,85.55,5251.75,"One year","Fiber optic","Bank transfer (automatic)",Loyal,No
6833-JMZYP,Female,15,94.00,1505.45,Month-to-month,"Fiber optic","Credit card (automatic)",Loyal,No
2722-VOJQL,Male,64,105.65,6903.10,"One year","Fiber optic","Credit card (automatic)",Loyal,Yes
1310-QRITU,Female,18,50.30,913.30,Month-to-month,DSL,"Electronic check",Loyal,No
8961-QDZZJ,Female,57,95.00,5535.80,"One year","Fiber optic","Electronic check",Loyal,No
9715-SBVSU,Male,14,61.40,815.55,"Two year",DSL,"Bank transfer (automatic)",Loyal,No
8490-BXHEO,Male,18,80.55,1411.65,Month-to-month,"Fiber optic","Credit card (automatic)",Loyal,No
7173-TETGO,Female,72,78.50,5602.25,"Two year","Fiber optic","Bank transfer (automatic)",Loyal,No
7929-SKFGK,Male,70,114.30,8244.30,"Two year","Fiber optic","Credit card (automatic)",Loyal,No
3563-SVYLG,Male,68,62.65,4375.80,"Two year",DSL,"Credit card (automatic)",Loyal,No
5228-EXCET,Male,13,80.85,1008.70,Month-to-month,"Fiber optic","Electronic check",Loyal,Yes
6435-VWCCY,Male,65,92.70,5968.40,"Two year","Fiber optic","Credit card (automatic)",Loyal,No
4998-IKFSE,Female,30,100.45,3096.90,Month-to-month,"Fiber optic","Electronic check",Loyal,No
8630-QSGXK,Male,51,75.20,3901.25,"Two year",DSL,"Bank transfer (automatic)",Loyal,No
2455-USLMV,Female,31,84.75,2613.40,Month-to-month,"Fiber optic","Credit card (automatic)",Loyal,No
7394-FKDNK,Female,9,89.45,853.10,Month-to-month,"Fiber optic","Electronic check",Mid,Yes
9488-FVZCC,Female,72,79.50,5661.70,"Two year",DSL,"Bank transfer (automatic)",Loyal,No
6331-LWDTQ,Male,10,72.15,794.25,Month-to-month,DSL,"Credit card (automatic)",Mid,Yes
1597-FZREH,Female,2,76.40,160.80,Month-to-month,DSL,"Electronic check",New,Yes
7879-CGSFV,Male,55,100.90,5552.05,"One year","Fiber optic","Mailed check",Loyal,No
9921-EZKBY,Male,33,95.30,3275.15,Month-to-month,"Fiber optic","Bank transfer (automatic)",Loyal,No
7432-FFVAR,Female,46,90.95,4236.60,"One year","Fiber optic","Bank transfer (automatic)",Loyal,No
7246-ZGQDF,Female,1,54.50,54.50,Month-to-month,DSL,"Electronic check",New,No
7000-WCEVQ,Female,20,61.60,1174.35,Month-to-month,DSL,"Mailed check",Loyal,Yes
0727-IWKVK,Male,9,79.90,741.70,Month-to-month,"Fiber optic","Electronic check",Mid,Yes
5959-BELXA,Male,32,96.15,3019.25,Month-to-month,"Fiber optic","Credit card (automatic)",Loyal,Yes
4456-RHSNB,Female,19,49.60,962.90,Month-to-month,DSL,"Bank transfer (automatic)",Loyal,No
3512-IZIKN,Female,70,65.30,4759.75,"Two year",DSL,"Credit card (automatic)",Loyal,Yes
7109-MFBYV,Male,26,45.45,1233.15,Month-to-month,DSL,"Electronic check",Loyal,No
1833-TCXKK,Male,45,107.75,4882.80,Month-to-month,"Fiber optic","Bank transfer (automatic)",Loyal,No
1832-PEUTS,Male,62,89.10,5411.65,"Two year","Fiber optic","Credit card (automatic)",Loyal,No
8660-BUETV,Female,3,44.75,148.05,Month-to-month,DSL,"Mailed check",New,No
0580-PIQHM,Female,41,101.60,3930.55,"One year","Fiber optic","Bank transfer (automatic)",Loyal,No
5696-CEIQJ,Male,67,103.15,6895.50,"Two year","Fiber optic","Bank transfer (automatic)",Loyal,No
7503-ZGUZJ,Male,1,84.65,84.65,Month-to-month,"Fiber optic","Mailed check",New,Yes
1696-HXOWK,Female,71,95.65,6856.95,"One year","Fiber optic","Mailed check",Loyal,No
3026-ATZYV,Female,37,75.10,2658.80,"One year",DSL,"Bank transfer (automatic)",Loyal,No
4012-YCFAI,Male,60,61.35,3766.20,"Two year",DSL,"Mailed check",Loyal,No
2506-TNFCO,Female,1,69.55,69.55,Month-to-month,"Fiber optic","Electronic check",New,Yes
8718-PTMEZ,Female,13,31.05,347.25,Month-to-month,DSL,"Electronic check",Loyal,Yes
9496-IVVRP,Female,11,51.00,581.70,Month-to-month,DSL,"Bank transfer (automatic)",Mid,No
2207-OBZNX,Male,7,51.00,354.05,Month-to-month,DSL,"Mailed check",Mid,Yes
2657-VPXTA,Female,10,88.85,929.45,Month-to-month,"Fiber optic","Electronic check",Mid,No
1221-GHZEP,Female,62,65.10,3846.75,"Two year",DSL,"Mailed check",Loyal,No
9289-LBQVU,Male,64,70.15,4480.70,"One year",DSL,"Mailed check",Loyal,No
6142-VSJQO,Female,1,44.35,44.35,Month-to-month,DSL,"Bank transfer (automatic)",New,Yes
6933-FHBZC,Female,26,56.05,1553.20,"One year",DSL,"Mailed check",Loyal,No
9770-KXGQU,Female,53,98.60,5311.85,"One year","Fiber optic","Mailed check",Loyal,No
6437-UKHMV,Female,7,79.70,586.05,Month-to-month,"Fiber optic","Electronic check",Mid,Yes
6538-POCHL,Male,33,79.00,2576.80,Month-to-month,"Fiber optic","Credit card (automatic)",Loyal,No
6726-NNFWD,Female,71,89.45,6435.25,"Two year","Fiber optic","Credit card (automatic)",Loyal,No
3002-WQZWT,Female,29,74.20,1993.25,Month-to-month,"Fiber optic","Electronic check",Loyal,No
4277-UDIEF,Male,24,81.00,1923.85,Month-to-month,DSL,"Bank transfer (automatic)",Loyal,No
1208-NBVFH,Male,20,49.60,939.80,Month-to-month,DSL,"Electronic check",Loyal,No
4912-PIGUY,Female,1,84.60,84.60,Month-to-month,"Fiber optic","Electronic check",New,No
1114-CENIM,Male,54,55.00,3092.65,Month-to-month,DSL,"Credit card (automatic)",Loyal,Yes
6060-DRTNL,Female,5,84.85,415.55,Month-to-month,"Fiber optic","Mailed check",New,Yes
2725-TTRIQ,Female,72,84.20,5986.55,"Two year",DSL,"Bank transfer (automatic)",Loyal,No
3374-TTZTK,Male,52,106.30,5487.00,"Two year","Fiber optic","Electronic check",Loyal,No
8990-ZXLSU,Female,9,69.05,651.50,Month-to-month,"Fiber optic","Electronic check",Mid,No
2275-RBYQS,Female,1,45.40,45.40,Month-to-month,DSL,"Mailed check",New,No
8473-VUVJN,Male,1,73.65,73.65,Month-to-month,"Fiber optic","Electronic check",New,Yes
6289-CPNLD,Male,33,73.90,2405.05,"One year",DSL,"Mailed check",Loyal,Yes
5536-SLHPM,Female,55,77.75,4458.15,Month-to-month,"Fiber optic","Electronic check",Loyal,Yes
4419-UJMUS,Male,69,99.35,6856.45,"Two year","Fiber optic","Electronic check",Loyal,No
7794-JASDG,Male,1,50.75,50.75,Month-to-month,DSL,"Mailed check",New,No
7609-YBPXG,Male,54,87.10,4735.20,"Two year",DSL,"Bank transfer (automatic)",Loyal,No
7856-GANIL,Male,45,98.70,4525.80,"One year","Fiber optic","Bank transfer (automatic)",Loyal,No
0804-XBFBV,Female,11,25.20,321.05,Month-to-month,DSL,"Electronic check",Mid,No
2676-OXPPQ,Male,6,55.70,335.65,Month-to-month,DSL,"Bank transfer (automatic)",New,No
3703-TTEPD,Male,21,65.35,1424.40,Month-to-month,DSL,"Bank transfer (automatic)",Loyal,No
0196-VULGZ,Female,6,84.35,474.90,Month-to-month,"Fiber optic","Electronic check",New,Yes
8837-VVWLQ,Female,8,84.95,668.40,Month-to-month,"Fiber optic","Electronic check",Mid,Yes
2696-NARTR,Male,11,73.85,926.25,Month-to-month,"Fiber optic","Electronic check",Mid,Yes
7614-QVWQL,Male,49,51.80,2541.25,"One year",DSL,"Bank transfer (automatic)",Loyal,Yes
1976-CFOCS,Female,1,46.00,46.00,Month-to-month,DSL,"Electronic check",New,Yes
4631-OACRM,Male,15,79.40,1156.10,Month-to-month,"Fiber optic","Electronic check",Loyal,Yes
7139-JZFVG,Male,60,60.50,3694.45,"Two year",DSL,"Bank transfer (automatic)",Loyal,No
4987-GQWPO,Male,17,25.10,382.80,Month-to-month,DSL,"Credit card (automatic)",Loyal,No
3755-JBMNH,Male,16,71.80,1167.80,Month-to-month,"Fiber optic","Bank transfer (automatic)",Loyal,Yes
6345-ULYRW,Male,44,88.40,3912.90,"One year","Fiber optic","Mailed check",Loyal,Yes
4776-XSKYQ,Female,12,30.25,368.85,"One year",DSL,"Credit card (automatic)",Mid,No
5753-QQWPW,Female,28,59.90,1654.70,"One year",DSL,"Electronic check",Loyal,No
1809-DMJHQ,Female,5,46.00,221.70,Month-to-month,DSL,"Mailed check",New,Yes
6693-FRIRW,Male,18,101.30,1794.65,Month-to-month,"Fiber optic","Credit card (automatic)",Loyal,No
6586-MYGKD,Male,70,76.95,5289.80,"Two year",DSL,"Credit card (automatic)",Loyal,No
3173-NVMPX,Female,9,55.30,501.20,Month-to-month,DSL,"Mailed check",Mid,No
0248-PGHBZ,Female,67,92.45,6140.85,"Two year","Fiber optic","Bank transfer (automatic)",Loyal,No
0623-GDISB,Female,1,48.45,48.45,Month-to-month,DSL,"Bank transfer (automatic)",New,No
6923-EFPNL,Male,4,51.75,201.10,Month-to-month,DSL,"Credit card (automatic)",New,Yes
7472-EQOAV,Male,71,86.70,6179.35,"One year","Fiber optic","Bank transfer (automatic)",Loyal,No
9574-RKJIF,Male,30,94.40,2838.70,Month-to-month,"Fiber optic","Electronic check",Loyal,Yes
2043-WVTQJ,Male,1,55.70,55.70,Month-to-month,DSL,"Mailed check",New,No
8034-RYTVV,Female,55,84.25,4589.85,"One year","Fiber optic","Credit card (automatic)",Loyal,No
3863-QSTYI,Male,59,64.65,3735.45,Month-to-month,DSL,"Electronic check",Loyal,No
2619-WFQWU,Female,1,70.15,70.15,Month-to-month,"Fiber optic","Mailed check",New,Yes
5044-LRQAQ,Female,7,69.20,477.55,Month-to-month,"Fiber optic","Bank transfer (automatic)",Mid,No
1716-LSAMB,Male,45,54.65,2553.70,"Two year",DSL,"Bank transfer (automatic)",Loyal,No
5985-BEHZK,Female,72,105.00,7578.05,"One year","Fiber optic","Credit card (automatic)",Loyal,No
9127-QRZMH,Male,44,59.85,2603.95,"One year",DSL,"Bank transfer (automatic)",Loyal,No
9644-KVCNC,Female,66,92.15,6056.90,"One year","Fiber optic","Bank transfer (automatic)",Loyal,No
2137-DQMEV,Male,68,44.80,2983.65,"One year",DSL,"Mailed check",Loyal,No
9279-CJEOJ,Female,21,95.40,2025.10,Month-to-month,"Fiber optic","Bank transfer (automatic)",Loyal,No
7964-VEXDG,Male,21,80.35,1747.20,Month-to-month,"Fiber optic","Electronic check",Loyal,No
2404-JIBFC,Female,55,85.10,4657.95,"Two year",DSL,"Bank transfer (automatic)",Loyal,No
0778-NELLA,Male,9,34.70,296.10,Month-to-month,DSL,"Credit card (automatic)",Mid,Yes
8029-XYPWT,Male,71,115.05,8016.60,"Two year","Fiber optic","Bank transfer (automatic)",Loyal,No
4614-NUVZD,Female,1,81.10,81.10,Month-to-month,"Fiber optic","Electronic check",New,Yes
6804-GDMOI,Female,61,106.60,6428.40,"Two year","Fiber optic","Electronic check",Loyal,Yes
2990-OGYTD,Female,67,86.15,5883.85,"Two year",DSL,"Bank transfer (automatic)",Loyal,No
6646-JPPHA,Female,14,78.85,1043.80,Month-to-month,"Fiber optic","Electronic check",Loyal,No
9572-MTILT,Male,59,106.75,6252.90,Month-to-month,"Fiber optic","Electronic check",Loyal,Yes
7658-UYUQS,Male,21,86.55,1857.25,Month-to-month,"Fiber optic","Bank transfer (automatic)",Loyal,No
7880-XSOJX,Male,4,42.40,146.40,Month-to-month,DSL,"Mailed check",New,No
9611-CTWIH,Female,3,89.45,240.45,Month-to-month,"Fiber optic","Electronic check",New,Yes
0329-GTIAJ,Female,3,97.90,315.30,Month-to-month,"Fiber optic","Electronic check",New,Yes
6629-CZTTH,Male,1,55.70,55.70,Month-to-month,DSL,"Mailed check",New,Yes
5364-EVNIB,Male,13,79.80,973.45,Month-to-month,"Fiber optic","Electronic check",Loyal,Yes
6918-UMQCG,Female,5,80.20,384.25,Month-to-month,"Fiber optic","Electronic check",New,No
0675-NCDYU,Female,72,116.40,8543.25,"Two year","Fiber optic","Credit card (automatic)",Loyal,No
6339-DKLMK,Female,13,31.65,389.95,Month-to-month,DSL,"Electronic check",Loyal,No
1346-PJWTK,Male,61,94.15,5731.85,Month-to-month,"Fiber optic","Credit card (automatic)",Loyal,No
8023-QHAIO,Female,56,76.85,4275.75,Month-to-month,"Fiber optic","Bank transfer (automatic)",Loyal,No
3057-VJJQE,Male,35,55.25,1924.10,"Two year",DSL,"Mailed check",Loyal,No
5087-SUURX,Female,18,39.05,669.85,Month-to-month,DSL,"Electronic check",Loyal,Yes
2302-OUZXB,Male,72,82.15,5784.30,"Two year",DSL,"Bank transfer (automatic)",Loyal,No
8133-ANHHJ,Female,49,103.00,5166.20,"One year","Fiber optic","Bank transfer (automatic)",Loyal,No
2270-CHBFN,Female,44,95.10,4060.55,Month-to-month,"Fiber optic","Credit card (automatic)",Loyal,No
0013-EXCHZ,Female,3,83.90,267.40,Month-to-month,"Fiber optic","Mailed check",New,Yes
5982-FPVQN,Female,37,95.15,3532.85,Month-to-month,"Fiber optic","Electronic check",Loyal,No
9107-UKCKY,Male,61,79.80,4914.80,"One year",DSL,"Electronic check",Loyal,No
4654-ULTTN,Male,70,74.80,5315.80,"Two year",DSL,"Credit card (automatic)",Loyal,No
5550-VFRLC,Female,1,69.85,69.85,Month-to-month,"Fiber optic","Electronic check",New,Yes
1492-KGETH,Male,70,78.35,5445.95,"One year",DSL,"Bank transfer (automatic)",Loyal,No
4929-BSTRX,Female,1,53.55,53.55,Month-to-month,DSL,"Mailed check",New,Yes
2225-ZRGSG,Female,70,93.90,6579.05,"Two year","Fiber optic","Bank transfer (automatic)",Loyal,Yes
5271-YNWVR,Male,68,113.15,7856.00,"Two year","Fiber optic","Electronic check",Loyal,Yes
2657-ALMWY,Female,26,84.95,2169.75,Month-to-month,"Fiber optic","Electronic check",Loyal,Yes
6330-JKLPC,Male,11,80.50,896.90,Month-to-month,"Fiber optic","Bank transfer (automatic)",Mid,Yes
1707-HABPF,Female,46,91.30,4126.35,"One year","Fiber optic","Bank transfer (automatic)",Loyal,No
1660-HSOOQ,Male,1,49.65,49.65,Month-to-month,DSL,"Mailed check",New,Yes
7253-UVNDW,Female,46,54.35,2460.15,"Two year",DSL,"Credit card (automatic)",Loyal,Yes
7228-OMTPN,Male,4,88.45,370.65,Month-to-month,"Fiber optic","Electronic check",New,Yes
4508-OEBEY,Male,31,75.50,2424.45,"One year",DSL,"Credit card (automatic)",Loyal,No
0027-KWYKW,Female,23,83.75,1849.95,Month-to-month,"Fiber optic","Electronic check",Loyal,No
6284-AHOOQ,Male,22,90.50,1910.60,Month-to-month,"Fiber optic","Bank transfer (automatic)",Loyal,Yes
2344-JMOGN,Male,9,94.85,890.60,Month-to-month,"Fiber optic","Mailed check",Mid,Yes
3799-ISUZQ,Male,7,69.95,529.50,Month-to-month,"Fiber optic","Bank transfer (automatic)",Mid,Yes
2877-VDUER,Female,35,40.90,1383.60,"One year",DSL,"Mailed check",Loyal,No
9152-AMKAK,Male,6,80.25,493.40,"Two year",DSL,"Mailed check",New,No
1794-HBQTJ,Female,1,48.60,48.60,Month-to-month,DSL,"Credit card (automatic)",New,Yes
9432-VOFYX,Male,17,70.80,1207.00,Month-to-month,"Fiber optic","Electronic check",Loyal,No
8049-WJCLQ,Male,10,60.20,563.50,Month-to-month,DSL,"Mailed check",Mid,No
6586-PSJOX,Male,15,55.20,864.55,"One year",DSL,"Credit card (automatic)",Loyal,No
2460-FPSYH,Female,40,55.80,2109.35,Month-to-month,DSL,"Electronic check",Loyal,Yes
9705-ZJBCG,Female,13,54.15,701.05,"One year",DSL,"Bank transfer (automatic)",Loyal,No
4818-DRBQT,Male,29,80.15,2265.25,Month-to-month,"Fiber optic","Bank transfer (automatic)",Loyal,Yes
1320-HTRDR,Female,3,75.50,220.60,Month-to-month,"Fiber optic","Electronic check",New,Yes
6847-KJLTS,Female,58,100.40,5749.80,Month-to-month,"Fiber optic","Bank transfer (automatic)",Loyal,No
9670-BPNXF,Female,45,62.55,2796.45,"One year",DSL,"Credit card (automatic)",Loyal,No
3913-FCUUW,Female,72,70.45,5165.70,"Two year",DSL,"Bank transfer (automatic)",Loyal,No
3301-VKTGC,Male,68,85.50,5696.60,"One year","Fiber optic","Bank transfer (automatic)",Loyal,No
9555-SAHUZ,Female,38,54.50,2076.05,Month-to-month,DSL,"Electronic check",Loyal,No
4619-EVPHY,Female,20,91.00,1859.50,"One year","Fiber optic","Bank transfer (automatic)",Loyal,No
5286-YHCVC,Male,72,104.80,7470.10,"Two year","Fiber optic","Bank transfer (automatic)",Loyal,No
6424-ELEYH,Female,3,74.75,229.50,Month-to-month,"Fiber optic","Credit card (automatic)",New,Yes
4391-RESHN,Male,23,104.05,2470.10,Month-to-month,"Fiber optic","Mailed check",Loyal,Yes
9115-YQHGA,Male,40,51.10,2092.90,Month-to-month,DSL,"Electronic check",Loyal,No
4462-CYWMH,Male,62,89.80,5629.55,Month-to-month,"Fiber optic","Bank transfer (automatic)",Loyal,No
2458-EOMRE,Female,11,64.05,733.95,Month-to-month,DSL,"Bank transfer (automatic)",Mid,No
9334-GWGOW,Male,7,74.85,485.25,Month-to-month,"Fiber optic","Electronic check",Mid,No
6821-BUXUX,Female,13,96.65,1244.50,Month-to-month,"Fiber optic","Electronic check",Loyal,Yes
9801-GDWGV,Female,39,103.45,3994.45,Month-to-month,"Fiber optic","Electronic check",Loyal,Yes
6542-LWGXJ,Male,3,25.00,78.25,Month-to-month,DSL,"Mailed check",New,No
2087-QAREY,Female,22,54.70,1178.75,Month-to-month,DSL,"Mailed check",Loyal,No
0601-WZHJF,Male,14,46.35,667.70,Month-to-month,DSL,"Electronic check",Loyal,Yes
4423-JWZJN,Male,64,90.25,5629.15,"One year","Fiber optic","Credit card (automatic)",Loyal,No
5393-RXQSZ,Male,1,79.60,79.60,Month-to-month,"Fiber optic","Electronic check",New,Yes
0231-LXVAP,Male,1,75.90,75.90,Month-to-month,"Fiber optic","Electronic check",New,Yes
9444-JTXHZ,Male,1,76.20,76.20,Month-to-month,"Fiber optic","Electronic check",New,Yes
4942-VZZOM,Male,64,66.15,4392.50,"One year",DSL,"Credit card (automatic)",Loyal,No
7502-BNYGS,Female,46,69.10,3168.00,Month-to-month,DSL,"Credit card (automatic)",Loyal,No
4291-HYEBC,Female,28,39.10,1096.60,"One year",DSL,"Electronic check",Loyal,No
6047-SUHPR,Male,39,59.80,2343.85,"One year",DSL,"Electronic check",Loyal,No
4471-KXAUH,Female,42,84.30,3588.40,Month-to-month,"Fiber optic","Electronic check",Loyal,Yes
9752-ZNQUT,Female,1,48.60,48.60,Month-to-month,DSL,"Electronic check",New,No
7638-QVMVY,Female,7,79.00,522.95,Month-to-month,"Fiber optic","Electronic check",Mid,Yes
1576-PFZIW,Male,70,105.35,7511.90,"Two year","Fiber optic","Credit card (automatic)",Loyal,No
7312-XSBAT,Male,1,49.75,49.75,Month-to-month,DSL,"Electronic check",New,No
3096-GKWEB,Male,18,94.75,1691.90,Month-to-month,"Fiber optic","Electronic check",Loyal,No
2371-JQHZZ,Male,24,93.00,2248.05,Month-to-month,"Fiber optic","Electronic check",Loyal,No
0674-GCDXG,Male,63,71.90,4479.20,"Two year",DSL,"Bank transfer (automatic)",Loyal,No
1121-QSIVB,Female,44,77.55,3471.10,"One year",DSL,"Mailed check",Loyal,No
3244-DCJWY,Female,1,70.25,70.25,Month-to-month,"Fiber optic","Electronic check",New,Yes
2824-MYYBN,Female,37,95.25,3314.15,Month-to-month,"Fiber optic","Electronic check",Loyal,No
0875-CABNR,Female,10,84.60,865.55,Month-to-month,"Fiber optic","Credit card (automatic)",Mid,Yes
6345-HOVES,Male,34,25.05,852.70,Month-to-month,DSL,"Bank transfer (automatic)",Loyal,No
8318-LCNBW,Male,35,53.15,1930.90,"One year",DSL,"Credit card (automatic)",Loyal,No
0147-ESWWR,Female,39,101.25,3949.15,Month-to-month,"Fiber optic","Electronic check",Loyal,No
1217-VASWC,Male,43,100.55,4304.00,"One year","Fiber optic","Bank transfer (automatic)",Loyal,No
5915-DGNVC,Female,49,71.80,3472.05,"One year",DSL,"Electronic check",Loyal,No
3566-CAAYU,Female,64,49.85,3210.35,"Two year",DSL,"Electronic check",Loyal,No
4983-CCWMC,Male,3,69.60,207.40,Month-to-month,"Fiber optic","Mailed check",New,No
2896-TBNBE,Male,40,80.80,3132.75,"One year","Fiber optic","Electronic check",Loyal,No
4797-AXPXK,Female,1,60.00,60.00,Month-to-month,DSL,"Electronic check",New,Yes
5229-PRWKT,Male,8,86.55,649.65,Month-to-month,"Fiber optic","Electronic check",Mid,Yes
2522-WLNSF,Female,34,64.20,2106.30,"One year",DSL,"Bank transfer (automatic)",Loyal,No
3841-CONLJ,Female,1,35.00,35.00,Month-to-month,DSL,"Electronic check",New,No
5057-LCOUI,Female,39,50.75,2011.40,Month-to-month,DSL,"Electronic check",Loyal,Yes
0193-ESZXP,Female,58,105.50,6205.50,"One year","Fiber optic","Credit card (automatic)",Loyal,Yes
4369-HTUIF,Male,6,85.15,503.60,Month-to-month,"Fiber optic","Bank transfer (automatic)",New,Yes
9386-LDCZR,Male,43,90.65,3882.30,"One year","Fiber optic","Credit card (automatic)",Loyal,No
5399-ZIMKF,Male,5,74.65,383.65,Month-to-month,"Fiber optic","Electronic check",New,No
0336-KXKFK,Male,72,61.20,4390.25,"Two year",DSL,"Credit card (automatic)",Loyal,No
3948-FVVRP,Male,9,54.80,452.80,Month-to-month,DSL,"Mailed check",Mid,No
5327-XOKKY,Male,72,73.45,5329.00,"Two year",DSL,"Credit card (automatic)",Loyal,No
0983-TATYJ,Female,33,51.45,1758.90,"One year",DSL,"Mailed check",Loyal,No
1813-JYWTO,Female,72,80.45,5737.60,"Two year","Fiber optic","Bank transfer (automatic)",Loyal,No
0156-FVPTA,Male,22,54.20,1152.70,Month-to-month,DSL,"Electronic check",Loyal,Yes
1984-FCOWB,Female,70,109.50,7674.55,"One year","Fiber optic","Electronic check",Loyal,Yes
0654-HMSHN,Male,21,104.40,2157.95,Month-to-month,"Fiber optic","Electronic check",Loyal,Yes
6719-OXYBR,Male,15,85.30,1219.85,Month-to-month,"Fiber optic","Electronic check",Loyal,No
3312-ZWLGF,Male,29,79.30,2414.55,Month-to-month,"Fiber optic","Electronic check",Loyal,No
6476-YHMGA,Female,15,76.50,1155.60,Month-to-month,DSL,"Bank transfer (automatic)",Loyal,No
5287-QWLKY,Male,71,105.10,7548.10,Month-to-month,"Fiber optic","Credit card (automatic)",Loyal,Yes
0168-XZKBB,Female,19,86.85,1564.40,Month-to-month,"Fiber optic","Electronic check",Loyal,No
5196-SGOAK,Female,1,75.70,75.70,Month-to-month,"Fiber optic","Electronic check",New,Yes
4537-DKTAL,Female,2,45.55,84.40,Month-to-month,DSL,"Electronic check",New,No
7072-MBHEV,Female,11,78.10,864.85,Month-to-month,"Fiber optic","Credit card (automatic)",Mid,No
6297-NOOPG,Female,70,110.50,7752.05,"Two year","Fiber optic","Electronic check",Loyal,No
1891-UAWWU,Female,20,90.80,1951.00,Month-to-month,"Fiber optic","Electronic check",Loyal,Yes
8050-DVOJX,Male,49,81.35,4060.90,"Two year",DSL,"Credit card (automatic)",Loyal,No
6108-OQZDQ,Female,4,97.95,384.50,Month-to-month,"Fiber optic","Electronic check",New,Yes
0363-QJVFX,Male,32,108.15,3432.90,Month-to-month,"Fiber optic","Credit card (automatic)",Loyal,Yes
8903-XEBGX,Male,2,55.30,108.65,Month-to-month,DSL,"Electronic check",New,No
8169-SAEJD,Male,69,56.55,3952.65,"Two year",DSL,"Credit card (automatic)",Loyal,No
9840-DVNDC,Male,6,80.50,463.05,Month-to-month,"Fiber optic","Credit card (automatic)",New,Yes
2325-WINES,Female,32,104.05,3416.85,"One year","Fiber optic","Credit card (automatic)",Loyal,No
6064-ZATLR,Female,27,52.85,1498.65,"Two year",DSL,"Bank transfer (automatic)",Loyal,No
3096-JRDSO,Female,27,104.30,2867.75,Month-to-month,"Fiber optic","Bank transfer (automatic)",Loyal,Yes
7824-PANSQ,Male,58,80.65,4807.35,Month-to-month,"Fiber optic","Bank transfer (automatic)",Loyal,No
8042-JVNFH,Male,1,71.35,71.35,Month-to-month,"Fiber optic","Mailed check",New,Yes
8707-HOEDG,Female,70,110.20,7689.80,"Two year","Fiber optic","Electronic check",Loyal,No
3374-LXDEV,Female,13,89.40,1132.35,Month-to-month,"Fiber optic","Electronic check",Loyal,Yes
4072-IPYLT,Female,36,51.05,1815.00,Month-to-month,DSL,"Credit card (automatic)",Loyal,No
1580-BMCMR,Male,19,87.30,1637.30,Month-to-month,"Fiber optic","Electronic check",Loyal,No
6408-WHTEF,Male,72,89.40,6376.55,"Two year",DSL,"Mailed check",Loyal,No
7989-VCQOH,Male,18,83.25,1611.15,Month-to-month,DSL,"Electronic check",Loyal,No
4199-QHJNM,Male,67,102.90,6989.70,"Two year","Fiber optic","Bank transfer (automatic)",Loyal,No
8882-TLVRW,Male,69,39.10,2779.50,"Two year",DSL,"Mailed check",Loyal,No
5883-GTGVD,Male,19,99.95,1931.75,Month-to-month,"Fiber optic","Electronic check",Loyal,Yes
5135-GRQJV,Male,72,114.50,8331.95,"Two year","Fiber optic","Mailed check",Loyal,No
1371-WEPDS,Male,40,55.80,2283.30,"One year",DSL,"Electronic check",Loyal,No
4817-QRJSX,Female,10,81.00,818.05,Month-to-month,"Fiber optic","Credit card (automatic)",Mid,Yes
9730-DRTMJ,Male,32,72.80,2333.05,"One year",DSL,"Credit card (automatic)",Loyal,No
4686-UXDML,Female,21,99.85,1992.55,Month-to-month,"Fiber optic","Credit card (automatic)",Loyal,No
3349-ANQNH,Female,59,99.50,5890.00,"One year","Fiber optic","Electronic check",Loyal,No
2398-YPMUR,Female,13,70.15,916.75,Month-to-month,"Fiber optic","Electronic check",Loyal,Yes
5937-EORGB,Male,15,96.50,1392.25,Month-to-month,"Fiber optic","Electronic check",Loyal,No
9985-MWVIX,Female,1,70.15,70.15,Month-to-month,"Fiber optic","Mailed check",New,Yes
4583-PARNH,Male,16,91.55,1540.05,Month-to-month,"Fiber optic","Electronic check",Loyal,No
1116-FRYVH,Female,48,39.40,1978.65,"Two year",DSL,"Mailed check",Loyal,No
1421-HCERK,Male,30,105.70,3181.80,Month-to-month,"Fiber optic","Bank transfer (automatic)",Loyal,No
9633-XQABV,Female,3,70.25,229.70,Month-to-month,"Fiber optic","Electronic check",New,No
0716-BQNDX,Male,57,93.75,5625.55,"Two year","Fiber optic","Electronic check",Loyal,No
1265-XTECC,Female,68,96.55,6581.90,"One year","Fiber optic","Credit card (automatic)",Loyal,Yes
1183-CANVH,Female,23,60.00,1347.15,"One year",DSL,"Bank transfer (automatic)",Loyal,No
1972-XMUWV,Female,65,59.80,3808.20,"Two year",DSL,"Credit card (automatic)",Loyal,No
8679-LZBMD,Male,44,90.65,3974.15,"One year","Fiber optic","Bank transfer (automatic)",Loyal,No
3407-JMJQQ,Female,71,109.00,7661.80,"Two year","Fiber optic","Bank transfer (automatic)",Loyal,No
6252-DFGTK,Female,37,68.10,2479.25,"One year",DSL,"Credit card (automatic)",Loyal,No
8645-KOMJQ,Male,69,81.95,5601.40,"Two year",DSL,"Bank transfer (automatic)",Loyal,No
0289-IVARM,Female,35,60.55,1982.60,Month-to-month,DSL,"Electronic check",Loyal,No
9761-XUJWD,Male,5,65.60,339.90,Month-to-month,DSL,"Bank transfer (automatic)",New,No
4057-FKCZK,Male,58,82.50,4828.05,"Two year","Fiber optic","Bank transfer (automatic)",Loyal,No
4291-TPNFG,Male,72,82.30,5980.55,"Two year",DSL,"Bank transfer (automatic)",Loyal,No
6087-YPWHO,Male,72,68.15,4808.70,"Two year",DSL,"Mailed check",Loyal,No
2237-ZFSMY,Female,39,95.55,3692.85,"One year","Fiber optic","Electronic check",Loyal,Yes
1818-ESQMW,Female,27,89.20,2383.60,Month-to-month,"Fiber optic","Electronic check",Loyal,No
4871-JTKJF,Female,1,69.65,69.65,Month-to-month,"Fiber optic","Electronic check",New,Yes
1415-YFWLT,Female,1,89.30,89.30,Month-to-month,"Fiber optic","Electronic check",New,Yes
7401-RUBNK,Female,18,74.80,1438.05,Month-to-month,"Fiber optic","Electronic check",Loyal,No
8661-BOYNW,Female,72,84.40,6096.45,"Two year",DSL,"Credit card (automatic)",Loyal,No
6711-VTNRE,Female,36,87.55,3078.10,Month-to-month,"Fiber optic","Electronic check",Loyal,Yes
4815-GBTCD,Female,4,25.15,99.95,Month-to-month,DSL,"Electronic check",New,No
0980-PVMRC,Female,40,50.85,2036.55,Month-to-month,DSL,"Electronic check",Loyal,No
7233-DRTRF,Male,63,102.40,6444.05,Month-to-month,"Fiber optic","Electronic check",Loyal,No
3500-RMZLT,Female,15,96.30,1426.75,Month-to-month,"Fiber optic","Mailed check",Loyal,Yes
3873-NFTGI,Male,14,55.50,767.55,Month-to-month,DSL,"Credit card (automatic)",Loyal,No
1162-ECVII,Male,72,109.75,7932.50,"Two year","Fiber optic","Bank transfer (automatic)",Loyal,No
7048-GXDAY,Male,39,106.40,4040.65,Month-to-month,"Fiber optic","Electronic check",Loyal,No
8571-ZCMCX,Female,47,60.00,2768.65,"Two year",DSL,"Credit card (automatic)",Loyal,No
1169-WCVAK,Male,19,88.80,1672.35,Month-to-month,"Fiber optic","Credit card (automatic)",Loyal,No
4548-SDBKE,Female,5,85.20,474.80,Month-to-month,"Fiber optic","Electronic check",New,Yes
8066-POXGX,Female,13,35.10,446.10,Month-to-month,DSL,"Electronic check",Loyal,Yes
7129-CAKJW,Female,17,80.05,1345.65,Month-to-month,"Fiber optic","Bank transfer (automatic)",Loyal,No
8695-ARGXZ,Male,34,75.55,2425.40,Month-to-month,"Fiber optic","Electronic check",Loyal,No
3570-YUEKJ,Female,42,49.55,2077.95,Month-to-month,DSL,"Electronic check",Loyal,No
4143-OOBWZ,Male,5,81.30,416.30,Month-to-month,"Fiber optic","Electronic check",New,Yes
1697-NVVGY,Male,19,66.40,1286.05,Month-to-month,DSL,"Bank transfer (automatic)",Loyal,No
2419-FSORS,Male,72,108.40,7719.50,"Two year","Fiber optic","Electronic check",Loyal,No
8132-YPVBX,Female,6,85.95,514.60,Month-to-month,"Fiber optic","Mailed check",New,No
9102-IAYHT,Female,17,85.45,1451.60,Month-to-month,"Fiber optic","Electronic check",Loyal,Yes
6754-LZUKA,Male,61,80.90,4932.50,"Two year",DSL,"Bank transfer (automatic)",Loyal,No
3422-LYEPQ,Male,1,71.00,71.00,Month-to-month,"Fiber optic","Electronic check",New,Yes
8099-MZPUJ,Male,48,111.80,5443.65,"Two year","Fiber optic","Credit card (automatic)",Loyal,No
2642-DTVCO,Male,9,85.05,746.50,Month-to-month,"Fiber optic","Electronic check",Mid,Yes
0374-IOEGQ,Female,3,44.60,122.70,Month-to-month,DSL,"Electronic check",New,No
4361-JEIVL,Male,1,44.40,44.40,Month-to-month,DSL,"Electronic check",New,Yes
3197-NNYNB,Male,65,105.10,6631.85,"Two year","Fiber optic","Credit card (automatic)",Loyal,No
3396-DKDEL,Female,70,115.15,8250.00,"Two year","Fiber optic","Credit card (automatic)",Loyal,No
1752-OZXFY,Male,60,59.80,3561.15,"One year",DSL,"Mailed check",Loyal,No
9112-WSNPU,Female,35,70.55,2419.00,Month-to-month,"Fiber optic","Electronic check",Loyal,No
5321-NTRKC,Male,66,79.85,5234.95,"Two year",DSL,"Bank transfer (automatic)",Loyal,No
1363-TXLSL,Male,1,70.30,70.30,Month-to-month,"Fiber optic","Electronic check",New,Yes
9507-EXLTT,Female,1,79.35,79.35,Month-to-month,"Fiber optic","Bank transfer (automatic)",New,Yes
3161-GETRM,Male,34,90.05,3097.00,Month-to-month,"Fiber optic","Credit card (automatic)",Loyal,No
6933-VLYFX,Male,31,59.95,1848.80,"One year",DSL,"Electronic check",Loyal,No
9846-GKXAS,Female,9,90.80,809.75,Month-to-month,"Fiber optic","Bank transfer (automatic)",Mid,Yes
6017-PPLPX,Male,20,70.45,1470.95,Month-to-month,"Fiber optic","Electronic check",Loyal,Yes
4976-LNFVV,Male,19,34.30,577.15,Month-to-month,DSL,"Credit card (automatic)",Loyal,No
5055-MGMGF,Female,65,105.05,6914.95,Month-to-month,"Fiber optic","Electronic check",Loyal,No
2969-QWUBZ,Female,2,51.40,96.80,Month-to-month,DSL,"Electronic check",New,No
9822-BIIGN,Male,53,71.85,3827.90,Month-to-month,DSL,"Electronic check",Loyal,No
2077-MPJQO,Male,7,75.40,533.05,Month-to-month,"Fiber optic","Electronic check",Mid,No
1534-OULXE,Female,61,49.70,2961.40,"One year",DSL,"Bank transfer (automatic)",Loyal,No
7136-RVDTZ,Male,70,45.25,3264.45,"One year",DSL,"Electronic check",Loyal,Yes
2971-SGAFL,Female,13,78.75,995.35,Month-to-month,DSL,"Electronic check",Loyal,No
1480-IVEVR,Male,35,81.60,2815.25,"One year","Fiber optic","Bank transfer (automatic)",Loyal,No
2905-KFQUV,Female,2,70.40,154.80,Month-to-month,"Fiber optic","Credit card (automatic)",New,No
4581-SSPWD,Female,3,75.80,246.30,Month-to-month,"Fiber optic","Electronic check",New,Yes
3370-HXOPH,Female,3,76.10,257.60,Month-to-month,"Fiber optic","Electronic check",New,No
9391-YZEJW,Female,62,94.00,5757.20,"One year","Fiber optic","Bank transfer (automatic)",Loyal,No
9958-MEKUC,Male,72,103.95,7517.70,"Two year","Fiber optic","Credit card (automatic)",Loyal,No
6927-WTFIV,Male,20,71.30,1389.20,Month-to-month,"Fiber optic","Credit card (automatic)",Loyal,Yes
4118-CEVPF,Female,35,110.80,3836.30,"One year","Fiber optic","Bank transfer (automatic)",Loyal,No
3398-ZOUAA,Male,21,69.10,1474.75,Month-to-month,"Fiber optic","Electronic check",Loyal,Yes
9114-VEPUF,Male,62,96.10,6001.45,"One year","Fiber optic","Electronic check",Loyal,No
7876-BEUTG,Female,15,48.80,720.10,Month-to-month,DSL,"Mailed check",Loyal,No
2338-BQEZT,Female,55,50.55,2832.75,Month-to-month,DSL,"Credit card (automatic)",Loyal,No
9873-MNDKV,Female,11,44.65,472.25,Month-to-month,DSL,"Mailed check",Mid,No
0378-NHQXU,Female,17,88.25,1460.65,Month-to-month,"Fiber optic","Electronic check",Loyal,Yes
2194-IIQOF,Female,71,89.30,6388.65,"Two year",DSL,"Credit card (automatic)",Loyal,No
4512-ZUIYL,Female,2,70.00,153.05,Month-to-month,"Fiber optic","Bank transfer (automatic)",New,Yes
9584-EXCDZ,Female,17,70.50,1165.60,Month-to-month,"Fiber optic","Bank transfer (automatic)",Loyal,No
7969-AULMZ,Female,21,97.35,2119.50,Month-to-month,"Fiber optic","Electronic check",Loyal,Yes
9214-EKVXR,Female,1,44.00,44.00,Month-to-month,DSL,"Mailed check",New,No
3410-MHHUM,Female,44,94.40,4295.35,"One year","Fiber optic","Electronic check",Loyal,No
0733-VUNUW,Male,24,55.65,1400.55,Month-to-month,DSL,"Bank transfer (automatic)",Loyal,Yes
4550-EVXNY,Female,1,69.65,69.65,Month-to-month,"Fiber optic","Electronic check",New,Yes
2122-YWVYA,Female,18,75.40,1380.40,Month-to-month,"Fiber optic","Electronic check",Loyal,No
2968-SSGAA,Female,10,100.60,1060.20,Month-to-month,"Fiber optic","Electronic check",Mid,Yes
2296-DKZFP,Female,65,71.00,4386.20,"Two year",DSL,"Bank transfer (automatic)",Loyal,No
4844-JJWUY,Female,1,86.00,86.00,Month-to-month,"Fiber optic","Electronic check",New,Yes
6777-TGHTM,Female,53,106.95,5785.50,"One year","Fiber optic","Credit card (automatic)",Loyal,Yes
6603-YRDCJ,Male,33,61.05,2018.40,"Two year",DSL,"Mailed check",Loyal,No
3538-WZPHD,Male,3,29.60,79.45,Month-to-month,DSL,"Electronic check",New,Yes
3229-USWAR,Female,34,79.95,2727.30,"One year",DSL,"Bank transfer (automatic)",Loyal,No
4785-QRJHC,Male,46,59.90,2816.65,"One year",DSL,"Bank transfer (automatic)",Loyal,Yes
4316-XCSLJ,Male,17,50.30,846.80,Month-to-month,DSL,"Mailed check",Loyal,No
8610-WFCJF,Female,49,95.60,4783.50,Month-to-month,"Fiber optic","Electronic check",Loyal,Yes
9693-XMUOB,Male,59,50.25,2997.45,Month-to-month,DSL,"Electronic check",Loyal,No
0383-CLDDA,Female,69,85.35,5897.40,"Two year",DSL,"Credit card (automatic)",Loyal,No
4905-JEFDW,Male,11,41.60,470.60,"One year",DSL,"Electronic check",Mid,Yes
2709-UQGNP,Male,10,51.65,524.50,Month-to-month,DSL,"Mailed check",Mid,No
7881-INRLC,Male,45,100.85,4740.00,Month-to-month,"Fiber optic","Credit card (automatic)",Loyal,Yes
8033-ATFAS,Female,39,59.85,2341.50,Month-to-month,DSL,"Mailed check",Loyal,No
9943-VSZUV,Male,67,75.70,5060.85,Month-to-month,"Fiber optic","Mailed check",Loyal,No
0117-LFRMW,Male,37,40.20,1448.80,Month-to-month,DSL,"Bank transfer (automatic)",Loyal,Yes
6172-FECYY,Male,49,84.50,4254.85,Month-to-month,"Fiber optic","Electronic check",Loyal,Yes
7054-ENNGU,Female,9,50.85,466.60,Month-to-month,DSL,"Mailed check",Mid,No
1455-HFBXA,Male,52,91.60,4627.80,"Two year","Fiber optic","Credit card (automatic)",Loyal,No
9402-CXWPL,Female,70,98.90,6838.60,"One year","Fiber optic","Electronic check",Loyal,No
1628-BIZYP,Male,1,85.00,85.00,Month-to-month,"Fiber optic","Electronic check",New,No
1965-AKTSX,Female,14,78.95,1101.85,Month-to-month,"Fiber optic","Electronic check",Loyal,Yes
0082-LDZUE,Male,1,44.30,44.30,Month-to-month,DSL,"Mailed check",New,No
5343-SGUBI,Female,52,80.20,4297.60,"One year","Fiber optic","Mailed check",Loyal,No
0856-NAOES,Male,6,60.90,414.10,Month-to-month,DSL,"Mailed check",New,No
1976-AZZPJ,Male,7,34.20,256.60,Month-to-month,DSL,"Mailed check",Mid,No
7248-VZQLC,Female,47,85.20,3969.35,Month-to-month,"Fiber optic","Bank transfer (automatic)",Loyal,Yes
6156-UZDLF,Female,26,87.15,2274.10,"One year","Fiber optic","Credit card (automatic)",Loyal,No
3099-OONVS,Male,25,54.30,1296.80,Month-to-month,DSL,"Electronic check",Loyal,No
5183-KLYEM,Female,72,112.75,8192.60,"Two year","Fiber optic","Credit card (automatic)",Loyal,No
6625-IUTTT,Male,67,65.55,4361.55,"Two year",DSL,"Bank transfer (automatic)",Loyal,No
9355-NPPFS,Female,26,78.80,2006.10,Month-to-month,"Fiber optic","Electronic check",Loyal,No
0068-FIGTF,Female,27,78.20,2078.95,"One year",DSL,"Mailed check",Loyal,No
5965-GGPRW,Male,72,105.25,7609.75,"Two year","Fiber optic","Bank transfer (automatic)",Loyal,No
8035-PWSEV,Female,6,89.25,487.05,Month-to-month,"Fiber optic","Electronic check",New,No
1840-BIUOG,Male,20,68.70,1416.20,"One year",DSL,"Electronic check",Loyal,No
1356-MKYSK,Male,6,78.65,483.30,Month-to-month,DSL,"Credit card (automatic)",New,No
5828-DWPIL,Male,62,89.10,5618.30,Month-to-month,"Fiber optic","Electronic check",Loyal,No
8398-TBIYD,Female,72,84.70,6185.15,"Two year","Fiber optic","Bank transfer (automatic)",Loyal,No
0011-IGKFF,Male,13,98.00,1237.85,Month-to-month,"Fiber optic","Electronic check",Loyal,Yes
4192-GORJT,Male,5,94.45,498.10,Month-to-month,"Fiber optic","Electronic check",New,Yes
6496-SLWHQ,Male,3,105.00,294.45,Month-to-month,"Fiber optic","Electronic check",New,Yes
9912-GVSEQ,Female,26,93.85,2381.55,Month-to-month,"Fiber optic","Electronic check",Loyal,Yes
2931-FSOHN,Male,13,59.90,788.35,Month-to-month,DSL,"Electronic check",Loyal,No
5383-MMTWC,Female,8,84.00,613.40,Month-to-month,"Fiber optic","Electronic check",Mid,Yes
9971-ZWPBF,Male,34,108.90,3625.20,Month-to-month,"Fiber optic","Electronic check",Loyal,No
4712-AUQZO,Male,18,33.60,550.35,Month-to-month,DSL,"Mailed check",Loyal,No
9711-FJTBX,Male,56,85.85,4793.80,"One year","Fiber optic","Mailed check",Loyal,No
2908-ZTPNF,Female,36,34.85,1267.20,Month-to-month,DSL,"Bank transfer (automatic)",Loyal,No
7240-ETPTR,Female,9,48.75,442.20,Month-to-month,DSL,"Electronic check",Mid,Yes
2202-CUYXZ,Male,1,84.85,84.85,Month-to-month,"Fiber optic","Electronic check",New,Yes
5995-OIGLP,Male,12,56.65,654.85,Month-to-month,DSL,"Mailed check",Mid,Yes
8421-WZOOW,Female,57,95.30,5567.45,Month-to-month,"Fiber optic","Credit card (automatic)",Loyal,No
6261-RCVNS,Female,42,73.90,3160.55,"One year",DSL,"Credit card (automatic)",Loyal,Yes
1414-YADCW,Male,70,84.60,5706.20,"Two year","Fiber optic","Bank transfer (automatic)",Loyal,No
8756-RDDLT,Female,68,44.95,3085.35,Month-to-month,DSL,"Electronic check",Loyal,No
2862-PFNIK,Male,1,24.70,24.70,Month-to-month,DSL,"Electronic check",New,No
5816-QVHRX,Female,37,100.30,3541.40,Month-to-month,"Fiber optic","Credit card (automatic)",Loyal,No
6888-SBYAI,Male,1,50.70,50.70,Month-to-month,DSL,"Mailed check",New,No
7395-XWZOY,Male,20,55.00,1165.55,Month-to-month,DSL,"Credit card (automatic)",Loyal,No
7169-YWAMK,Male,72,68.40,4855.35,"Two year",DSL,"Bank transfer (automatic)",Loyal,No
3640-PHQXK,Female,31,89.90,2806.90,Month-to-month,"Fiber optic","Electronic check",Loyal,Yes
6877-LGWXO,Male,18,78.55,1422.65,Month-to-month,"Fiber optic","Electronic check",Loyal,Yes
6859-RKMZJ,Male,11,55.05,608.15,Month-to-month,DSL,"Bank transfer (automatic)",Mid,No
2957-JIRMN,Female,62,84.45,4959.15,"One year","Fiber optic","Electronic check",Loyal,No
2049-BAFNW,Female,1,35.90,35.90,Month-to-month,DSL,"Mailed check",New,No
3842-QTGDL,Male,16,80.75,1321.30,Month-to-month,"Fiber optic","Bank transfer (automatic)",Loyal,No
7163-OCEQI,Male,22,78.65,1663.75,"One year",DSL,"Mailed check",Loyal,No
9782-LGXMC,Female,49,61.75,3024.15,Month-to-month,DSL,"Bank transfer (automatic)",Loyal,No
5975-BAICR,Male,36,63.70,2188.50,"One year",DSL,"Credit card (automatic)",Loyal,No
8019-ENHXU,Male,42,99.45,4138.05,Month-to-month,"Fiber optic","Electronic check",Loyal,Yes
5167-GBFRE,Male,4,25.20,102.50,Month-to-month,DSL,"Bank transfer (automatic)",New,Yes
9033-EOXWV,Female,12,74.05,872.65,"One year",DSL,"Mailed check",Mid,Yes
4673-KKSLS,Female,31,87.60,2724.25,Month-to-month,"Fiber optic","Electronic check",Loyal,No
4853-OITSN,Male,5,89.15,413.25,Month-to-month,"Fiber optic","Electronic check",New,No
1324-NLTJE,Female,15,55.00,757.10,Month-to-month,DSL,"Credit card (automatic)",Loyal,Yes
2324-EFHVG,Male,64,104.40,6692.65,"Two year","Fiber optic","Bank transfer (automatic)",Loyal,No
1522-VVDMG,Male,7,89.75,608.80,Month-to-month,"Fiber optic","Electronic check",Mid,Yes
6907-CQGPN,Male,29,34.30,1004.75,Month-to-month,DSL,"Electronic check",Loyal,No
0239-OXEXL,Female,46,84.25,3847.60,Month-to-month,"Fiber optic","Mailed check",Loyal,No
7049-GKVZY,Female,17,79.85,1387.35,"One year",DSL,"Credit card (automatic)",Loyal,No
0212-ISBBF,Female,22,50.35,1098.85,Month-to-month,DSL,"Electronic check",Loyal,No
9185-TQCVP,Male,14,85.15,1139.20,Month-to-month,"Fiber optic","Electronic check",Loyal,Yes
3585-YNADK,Female,57,74.60,4368.95,"One year",DSL,"Bank transfer (automatic)",Loyal,No
5271-DBYSJ,Male,11,79.15,827.70,Month-to-month,"Fiber optic","Credit card (automatic)",Mid,No
5567-WSELE,Male,3,94.60,279.55,Month-to-month,"Fiber optic","Electronic check",New,Yes
1472-TNCWL,Male,36,94.70,3512.50,Month-to-month,"Fiber optic","Electronic check",Loyal,No
8063-RJYNF,Male,16,94.25,1483.25,Month-to-month,"Fiber optic","Electronic check",Loyal,Yes
0687-ZVTHB,Male,65,72.45,4653.85,"One year",DSL,"Credit card (automatic)",Loyal,Yes
2080-GKCWQ,Male,2,74.95,151.75,Month-to-month,"Fiber optic","Electronic check",New,No
9661-ACXBS,Female,42,105.20,4400.75,Month-to-month,"Fiber optic","Electronic check",Loyal,Yes
2193-SFWQW,Male,72,111.95,8033.10,"Two year","Fiber optic","Bank transfer (automatic)",Loyal,No
3462-BJQQA,Female,6,89.75,552.65,Month-to-month,"Fiber optic","Electronic check",New,No
6733-LRIZX,Male,35,108.95,4025.50,"Two year","Fiber optic","Electronic check",Loyal,No
4367-NHWMM,Female,1,24.90,24.90,Month-to-month,DSL,"Mailed check",New,No
3727-RJMEO,Male,6,82.85,460.25,Month-to-month,"Fiber optic","Electronic check",New,Yes
3779-OSWCF,Female,71,93.20,6506.15,"Two year",DSL,"Credit card (automatic)",Loyal,No
6736-DHUQI,Female,67,84.80,5598.30,"One year","Fiber optic","Bank transfer (automatic)",Loyal,No
3915-ODIYG,Male,60,71.75,4374.55,"One year",DSL,"Electronic check",Loyal,No
1360-RCYRT,Male,23,30.35,678.75,Month-to-month,DSL,"Bank transfer (automatic)",Loyal,No
2724-FJDYW,Male,39,54.85,2191.70,"One year",DSL,"Bank transfer (automatic)",Loyal,No
6646-VRFOL,Male,53,103.85,5485.50,Month-to-month,"Fiber optic","Electronic check",Loyal,Yes
5685-IIXLY,Female,5,83.60,404.20,Month-to-month,"Fiber optic","Electronic check",New,Yes
5671-UUNXD,Female,50,100.65,5189.75,"One year","Fiber optic","Electronic check",Loyal,No
0956-ACVZC,Female,54,94.10,5060.90,"One year","Fiber optic","Credit card (automatic)",Loyal,No
2325-NBPZG,Female,3,74.55,233.65,Month-to-month,"Fiber optic","Electronic check",New,No
4250-ZBWLV,Male,68,108.45,7176.55,"One year","Fiber optic","Electronic check",Loyal,Yes
4482-FTFFX,Male,5,56.15,291.45,Month-to-month,DSL,"Electronic check",New,No
0440-MOGPM,Female,41,80.55,3263.90,"One year",DSL,"Electronic check",Loyal,No
0020-JDNXP,Female,34,61.25,1993.20,"One year",DSL,"Mailed check",Loyal,No
5095-AESKG,Female,3,91.50,242.95,Month-to-month,"Fiber optic","Credit card (automatic)",New,Yes
2887-JPYLU,Female,41,45.20,1841.90,Month-to-month,DSL,"Bank transfer (automatic)",Loyal,No
1871-MOWRM,Male,12,80.85,866.45,Month-to-month,"Fiber optic","Bank transfer (automatic)",Mid,Yes
9714-EDSUC,Male,4,94.90,360.55,Month-to-month,"Fiber optic","Mailed check",New,No
2027-OAQQC,Female,43,49.05,2076.20,Month-to-month,DSL,"Bank transfer (automatic)",Loyal,Yes
0282-NVSJS,Female,12,29.30,355.90,Month-to-month,DSL,"Mailed check",Mid,No
9090-SGQXL,Male,68,105.30,7299.65,Month-to-month,"Fiber optic","Electronic check",Loyal,Yes
6595-YGXIT,Male,25,88.95,2291.20,Month-to-month,"Fiber optic","Electronic check",Loyal,Yes
9835-ZIITK,Male,66,110.85,7491.75,"One year","Fiber optic","Electronic check",Loyal,Yes
8008-ESFLK,Female,53,110.50,5835.50,"One year","Fiber optic","Electronic check",Loyal,No
7537-CBQUZ,Male,63,109.40,7031.45,Month-to-month,"Fiber optic","Bank transfer (automatic)",Loyal,No
1555-DJEQW,Female,70,114.20,7723.90,"Two year","Fiber optic","Bank transfer (automatic)",Loyal,Yes
5649-TJHOV,Male,27,36.50,1032.00,Month-to-month,DSL,"Bank transfer (automatic)",Loyal,Yes
0519-XUZJU,Female,1,70.75,70.75,Month-to-month,"Fiber optic","Mailed check",New,Yes
6338-AVWCY,Male,3,40.15,130.75,Month-to-month,DSL,"Mailed check",New,Yes
1689-YQBYY,Female,12,76.60,893.00,Month-to-month,"Fiber optic","Electronic check",Mid,No
2959-FENLU,Female,9,85.30,781.40,Month-to-month,"Fiber optic","Credit card (automatic)",Mid,No
0708-LGSMF,Male,13,65.85,902.25,Month-to-month,DSL,"Electronic check",Loyal,No
9253-QXKBE,Male,29,94.45,2653.65,Month-to-month,"Fiber optic","Electronic check",Loyal,Yes
0487-RPVUM,Male,61,99.40,5943.65,Month-to-month,"Fiber optic","Bank transfer (automatic)",Loyal,No
2516-XSJKX,Female,41,78.45,3126.45,"Two year",DSL,"Electronic check",Loyal,No
9445-SZLCH,Female,36,97.35,3457.90,Month-to-month,"Fiber optic","Bank transfer (automatic)",Loyal,Yes
6599-SFQVE,Female,6,55.00,340.40,Month-to-month,DSL,"Electronic check",New,No
8331-ZXFOE,Female,58,71.10,4299.20,"One year",DSL,"Credit card (automatic)",Loyal,No
4003-FUSHP,Male,19,61.55,1093.20,Month-to-month,DSL,"Credit card (automatic)",Loyal,No
0356-ERHVT,Male,11,45.90,521.90,Month-to-month,DSL,"Bank transfer (automatic)",Mid,No
7325-ENZFI,Female,39,40.30,1630.40,"One year",DSL,"Bank transfer (automatic)",Loyal,No
4884-ZTHVF,Female,8,87.10,713.60,Month-to-month,"Fiber optic","Electronic check",Mid,No
3920-HIHMQ,Female,26,49.50,1265.65,Month-to-month,DSL,"Mailed check",Loyal,No
3055-OYMSE,Female,53,73.80,4003.85,Month-to-month,"Fiber optic","Credit card (automatic)",Loyal,No
7568-PODML,Male,1,45.30,45.30,Month-to-month,DSL,"Mailed check",New,Yes
5349-IECLD,Male,2,94.95,178.10,Month-to-month,"Fiber optic","Electronic check",New,Yes
1397-XKKWR,Male,7,35.30,264.80,"One year",DSL,"Mailed check",Mid,No
3945-GFWQL,Female,12,44.55,480.60,Month-to-month,DSL,"Electronic check",Mid,Yes
8097-OMULG,Male,59,76.75,4541.90,"One year",DSL,"Credit card (automatic)",Loyal,No
6013-BHCAW,Male,61,81.00,4976.15,"Two year",DSL,"Bank transfer (automatic)",Loyal,No
0401-WDBXM,Male,72,105.55,7542.25,"Two year","Fiber optic","Bank transfer (automatic)",Loyal,No
3797-VTIDR,Male,1,23.45,23.45,Month-to-month,DSL,"Electronic check",New,Yes
5081-NWSUP,Female,10,64.90,685.55,"One year",DSL,"Mailed check",Mid,No
2580-ATZSQ,Female,65,61.35,3874.10,"One year",DSL,"Bank transfer (automatic)",Loyal,No
8085-MSNLK,Female,62,113.95,6891.40,"Two year","Fiber optic","Mailed check",Loyal,No
9691-HKOVS,Female,55,90.15,4916.95,"One year",DSL,"Electronic check",Loyal,No
9881-VCZEP,Female,25,54.10,1373.00,Month-to-month,DSL,"Electronic check",Loyal,No
9526-BIHHD,Male,1,29.70,29.70,Month-to-month,DSL,"Mailed check",New,Yes
8757-TFHHJ,Male,1,49.80,49.80,Month-to-month,DSL,"Credit card (automatic)",New,No
4523-WXCEF,Female,59,101.10,6039.90,Month-to-month,"Fiber optic","Electronic check",Loyal,Yes
5119-KEPFY,Male,36,95.00,3440.25,Month-to-month,"Fiber optic","Bank transfer (automatic)",Loyal,No
8364-TRMMK,Female,3,50.65,151.30,Month-to-month,DSL,"Mailed check",New,Yes
0916-KNFAJ,Male,61,69.90,4226.70,"Two year",DSL,"Mailed check",Loyal,No
8319-QBEHW,Male,26,39.95,1023.75,"One year",DSL,"Bank transfer (automatic)",Loyal,No
3063-QFSZL,Female,1,55.40,55.40,Month-to-month,DSL,"Electronic check",New,Yes
8775-LHDJH,Female,1,90.60,90.60,Month-to-month,"Fiber optic","Electronic check",New,Yes
9625-QNLUX,Male,68,103.25,7074.40,"Two year","Fiber optic","Credit card (automatic)",Loyal,No
3097-NQYSN,Male,2,86.85,156.35,Month-to-month,"Fiber optic","Mailed check",New,Yes
4024-CSNBY,Female,72,94.25,6849.75,"Two year","Fiber optic","Bank transfer (automatic)",Loyal,No
7110-BDTWG,Female,71,47.05,3263.60,"Two year",DSL,"Electronic check",Loyal,No
9605-WGJVW,Female,1,70.20,70.20,Month-to-month,"Fiber optic","Electronic check",New,No
9114-DPSIA,Male,72,81.00,5750.00,"Two year",DSL,"Credit card (automatic)",Loyal,No
4700-UBQMV,Male,21,75.90,1549.75,"One year",DSL,"Bank transfer (automatic)",Loyal,No
3565-UNOCC,Female,29,99.05,2952.85,Month-to-month,"Fiber optic","Bank transfer (automatic)",Loyal,Yes
4627-MIHJH,Female,69,110.25,7467.55,"Two year","Fiber optic","Credit card (automatic)",Loyal,No
9795-NREXC,Female,64,85.00,5484.40,"Two year",DSL,"Credit card (automatic)",Loyal,No
9249-FXSCK,Female,52,111.25,5916.45,"One year","Fiber optic","Credit card (automatic)",Loyal,Yes
5493-SDRDQ,Male,2,55.10,113.35,Month-to-month,DSL,"Mailed check",New,Yes
4819-HJPIW,Male,18,25.15,476.80,Month-to-month,DSL,"Mailed check",Loyal,No
8654-DHAOW,Female,2,54.15,101.65,Month-to-month,DSL,"Mailed check",New,No
5438-QMDDL,Female,19,59.80,1130.85,Month-to-month,DSL,"Mailed check",Loyal,No
9812-GHVRI,Female,40,83.85,3532.25,Month-to-month,"Fiber optic","Bank transfer (automatic)",Loyal,No
5553-AOINX,Female,66,104.90,6891.45,"One year","Fiber optic","Electronic check",Loyal,No
1228-ZLNBX,Male,21,75.30,1570.70,Month-to-month,"Fiber optic","Mailed check",Loyal,No
4226-KKDON,Male,8,66.65,520.95,Month-to-month,DSL,"Electronic check",Mid,No
3831-YCPUO,Female,72,109.50,7854.90,"Two year","Fiber optic","Credit card (automatic)",Loyal,No
7445-WMRBW,Female,48,73.85,3581.40,"One year",DSL,"Bank transfer (automatic)",Loyal,No
9924-JPRMC,Male,72,118.20,8547.15,"Two year","Fiber optic","Electronic check",Loyal,No
0080-EMYVY,Female,14,51.45,727.85,"One year",DSL,"Credit card (automatic)",Loyal,No
6218-KNUBD,Male,6,59.45,357.60,Month-to-month,DSL,"Electronic check",New,No
0623-EJQEG,Male,65,93.55,6069.25,"One year","Fiber optic","Electronic check",Loyal,No
7153-CHRBV,Female,57,59.30,3274.35,"One year",DSL,"Mailed check",Loyal,No
0871-URUWO,Male,13,102.25,1359.00,Month-to-month,"Fiber optic","Credit card (automatic)",Loyal,Yes
9190-MFJLN,Male,19,95.90,1777.90,Month-to-month,"Fiber optic","Credit card (automatic)",Loyal,Yes
6198-PNNSZ,Female,56,109.80,6109.65,"One year","Fiber optic","Bank transfer (automatic)",Loyal,No
3317-VLGQT,Female,14,78.10,1122.40,Month-to-month,"Fiber optic","Electronic check",Loyal,No
4132-POCZS,Male,52,39.90,2020.90,Month-to-month,DSL,"Electronic check",Loyal,No
5614-DNZCE,Female,58,64.90,3795.45,"Two year",DSL,"Credit card (automatic)",Loyal,No
1095-JUDTC,Female,47,95.05,4504.55,Month-to-month,"Fiber optic","Electronic check",Loyal,Yes
3896-RCYYE,Female,67,53.40,3579.15,Month-to-month,DSL,"Credit card (automatic)",Loyal,No
9638-JIQYA,Male,2,24.90,49.70,Month-to-month,DSL,"Credit card (automatic)",New,No
3258-SANFR,Male,6,44.70,276.50,Month-to-month,DSL,"Credit card (automatic)",New,No
3726-TBHQT,Male,71,114.00,8175.90,"Two year","Fiber optic","Bank transfer (automatic)",Loyal,No
0870-VEMYL,Female,5,53.85,259.80,Month-to-month,DSL,"Credit card (automatic)",New,Yes
4833-QTJNO,Male,67,83.85,5588.80,Month-to-month,"Fiber optic","Bank transfer (automatic)",Loyal,No
5385-SUIRI,Male,52,104.20,5568.35,Month-to-month,"Fiber optic","Electronic check",Loyal,Yes
3982-XWFZQ,Female,42,50.25,2203.65,Month-to-month,DSL,"Electronic check",Loyal,Yes
2322-VCZHZ,Male,23,90.00,2024.10,Month-to-month,"Fiber optic","Electronic check",Loyal,No
5010-IPEAQ,Female,67,54.20,3623.95,"Two year",DSL,"Credit card (automatic)",Loyal,No
4009-ALQFH,Female,25,99.50,2369.05,Month-to-month,"Fiber optic","Electronic check",Loyal,Yes
6383-ZTSIW,Female,39,99.10,3877.95,"One year","Fiber optic","Mailed check",Loyal,No
8990-YOZLV,Female,69,66.90,4577.90,"Two year",DSL,"Mailed check",Loyal,No
3069-SSVSN,Female,1,25.85,25.85,"One year",DSL,"Mailed check",New,No
5222-IMUKT,Male,32,91.05,2871.50,Month-to-month,"Fiber optic","Electronic check",Loyal,No
3627-FCRDW,Female,9,71.00,672.55,Month-to-month,"Fiber optic","Electronic check",Mid,Yes
7562-GSUHK,Female,16,93.20,1573.70,Month-to-month,"Fiber optic","Credit card (automatic)",Loyal,Yes
8901-UPRHR,Female,72,109.20,7711.45,"Two year","Fiber optic","Bank transfer (automatic)",Loyal,No
0118-JPNOY,Female,26,85.80,2193.65,Month-to-month,"Fiber optic","Credit card (automatic)",Loyal,No
0725-CXOTM,Female,36,89.65,3348.10,"One year",DSL,"Credit card (automatic)",Loyal,No
4343-EJVQB,Male,7,74.35,533.60,Month-to-month,"Fiber optic","Mailed check",Mid,No
9000-PLFUZ,Female,60,49.45,2907.55,"Two year",DSL,"Credit card (automatic)",Loyal,No
3427-GGZZI,Female,19,89.10,1620.80,Month-to-month,"Fiber optic","Electronic check",Loyal,No
7779-ORAEL,Male,45,75.15,3480.35,"Two year",DSL,"Credit card (automatic)",Loyal,No
0644-OQMDK,Male,4,70.65,293.85,Month-to-month,"Fiber optic","Electronic check",New,No
4077-CROMM,Female,31,104.20,3243.45,Month-to-month,"Fiber optic","Electronic check",Loyal,Yes
3154-CFSZG,Male,47,90.05,4137.20,Month-to-month,"Fiber optic","Electronic check",Loyal,No
2868-MZAGQ,Male,1,79.25,79.25,Month-to-month,"Fiber optic","Electronic check",New,Yes
4847-QNOKA,Female,1,44.90,44.90,Month-to-month,DSL,"Bank transfer (automatic)",New,Yes
1658-XUHBX,Female,59,88.75,5348.65,Month-to-month,"Fiber optic","Credit card (automatic)",Loyal,No
6379-RXJRQ,Male,10,70.10,659.65,Month-to-month,"Fiber optic","Electronic check",Mid,Yes
2378-HTWFW,Male,35,91.00,3180.50,Month-to-month,"Fiber optic","Credit card (automatic)",Loyal,No
8650-RHRKE,Male,4,29.65,118.50,Month-to-month,DSL,"Electronic check",New,Yes
4377-VDHYI,Male,32,90.80,3023.85,"One year","Fiber optic","Electronic check",Loyal,No
0475-RIJEP,Male,43,77.85,3365.85,Month-to-month,"Fiber optic","Electronic check",Loyal,Yes
1260-TTRXI,Male,4,54.30,195.30,Month-to-month,DSL,"Electronic check",New,Yes
6328-ZPBGN,Female,11,95.15,997.65,Month-to-month,"Fiber optic","Bank transfer (automatic)",Mid,Yes
0201-MIBOL,Female,66,102.40,6471.85,"Two year","Fiber optic","Bank transfer (automatic)",Loyal,No
4937-QPZPO,Male,61,99.90,6241.35,"One year","Fiber optic","Electronic check",Loyal,No
2925-VDZHY,Male,72,88.70,6501.35,"Two year",DSL,"Credit card (automatic)",Loyal,No
6981-TDRFT,Male,44,54.30,2317.10,"One year",DSL,"Electronic check",Loyal,No
3413-CSSTH,Male,41,55.70,2237.55,Month-to-month,DSL,"Bank transfer (automatic)",Loyal,No
8033-VCZGH,Male,50,103.95,5231.30,"One year","Fiber optic","Electronic check",Loyal,No
4789-KWMXN,Male,47,110.85,5275.80,"One year","Fiber optic","Credit card (automatic)",Loyal,Yes
4718-WXBGI,Male,72,91.95,6614.90,"Two year",DSL,"Credit card (automatic)",Loyal,No
2867-UIMSS,Male,1,80.50,80.50,Month-to-month,"Fiber optic","Electronic check",New,Yes
8495-PRWFH,Female,42,55.65,2421.75,Month-to-month,DSL,"Electronic check",Loyal,No
0439-IFYUN,Female,18,74.70,1294.60,Month-to-month,"Fiber optic","Electronic check",Loyal,No
5716-LIBJC,Female,13,104.15,1299.10,"One year","Fiber optic","Credit card (automatic)",Loyal,No
2868-LLSKM,Female,68,83.65,5733.40,"One year","Fiber optic","Bank transfer (automatic)",Loyal,No
8111-RKSPX,Male,4,72.20,305.55,Month-to-month,"Fiber optic","Bank transfer (automatic)",New,Yes
2988-QRAJY,Male,69,110.05,7430.75,"Two year","Fiber optic","Credit card (automatic)",Loyal,No
1585-MQSSU,Male,17,51.50,900.50,Month-to-month,DSL,"Mailed check",Loyal,Yes
2856-NNASM,Male,43,89.55,3856.75,Month-to-month,"Fiber optic","Mailed check",Loyal,Yes
6458-CYIDZ,Female,5,80.70,374.80,Month-to-month,"Fiber optic","Electronic check",New,No
8559-CIZFV,Male,21,77.50,1625.00,"One year",DSL,"Mailed check",Loyal,Yes
1090-PYKCI,Female,69,105.10,7234.80,"One year","Fiber optic","Credit card (automatic)",Loyal,No
3058-WQDRE,Male,13,25.15,331.85,Month-to-month,DSL,"Bank transfer (automatic)",Loyal,No
7547-EKNFS,Male,42,95.25,3959.35,Month-to-month,"Fiber optic","Bank transfer (automatic)",Loyal,Yes
2279-AXJJK,Male,52,95.65,5088.40,Month-to-month,"Fiber optic","Credit card (automatic)",Loyal,No
6769-DYBQN,Male,46,85.00,3969.40,Month-to-month,"Fiber optic","Electronic check",Loyal,Yes
0909-SELIE,Male,61,80.80,4860.85,"Two year",DSL,"Bank transfer (automatic)",Loyal,No
3417-TSCIC,Male,29,24.85,788.05,"One year",DSL,"Mailed check",Loyal,No
1042-HFUCW,Female,25,54.75,1266.35,"One year",DSL,"Credit card (automatic)",Loyal,No
4439-JMPMT,Female,5,85.75,470.95,Month-to-month,"Fiber optic","Electronic check",New,Yes
6537-OTKMY,Male,15,50.75,688.20,"One year",DSL,"Electronic check",Loyal,No
2446-BEGGB,Female,6,98.25,560.60,Month-to-month,"Fiber optic","Electronic check",New,Yes
7162-WPHPM,Male,58,71.60,4230.25,"Two year",DSL,"Credit card (automatic)",Loyal,No
1599-MMYRQ,Male,62,81.45,4983.05,"One year","Fiber optic","Credit card (automatic)",Loyal,No
8821-KVZKQ,Female,70,58.40,4113.15,"One year",DSL,"Bank transfer (automatic)",Loyal,No
1496-GGSUK,Female,1,25.70,25.70,Month-to-month,DSL,"Mailed check",New,Yes
6434-TTGJP,Male,10,53.70,521.00,"Two year",DSL,"Credit card (automatic)",Mid,No
0130-SXOUN,Male,66,89.40,5976.90,Month-to-month,"Fiber optic","Credit card (automatic)",Loyal,No
2575-GFSOE,Female,7,69.00,506.90,Month-to-month,"Fiber optic","Electronic check",Mid,Yes
2330-PQGDQ,Male,51,84.20,4299.75,"One year","Fiber optic","Bank transfer (automatic)",Loyal,No
1452-UZOSF,Male,72,106.10,7548.60,"Two year","Fiber optic","Credit card (automatic)",Loyal,No
2842-JTCCU,Male,2,46.05,80.35,Month-to-month,DSL,"Bank transfer (automatic)",New,Yes
8597-CTXVJ,Male,70,64.95,4551.50,"One year",DSL,"Bank transfer (automatic)",Loyal,No
6631-HMANX,Male,72,85.45,6227.50,"Two year",DSL,"Credit card (automatic)",Loyal,No
3296-SILRA,Female,1,76.40,76.40,Month-to-month,"Fiber optic","Mailed check",New,Yes
9681-OXGVC,Female,5,100.50,514.00,Month-to-month,"Fiber optic","Electronic check",New,Yes
5180-UCIIQ,Male,22,40.05,880.20,Month-to-month,DSL,"Mailed check",Loyal,Yes
1932-UEDCX,Male,33,100.60,3270.25,Month-to-month,"Fiber optic","Bank transfer (automatic)",Loyal,No
7153-OANIO,Male,1,69.95,69.95,Month-to-month,"Fiber optic","Electronic check",New,Yes
5188-HGMLP,Male,54,74.00,3919.15,Month-to-month,"Fiber optic","Bank transfer (automatic)",Loyal,No
0665-XHDJU,Male,72,99.40,7285.70,"Two year","Fiber optic","Electronic check",Loyal,No
6521-YYTYI,Male,1,93.30,93.30,Month-to-month,"Fiber optic","Electronic check",New,Yes
8878-HMWBV,Male,3,49.15,169.05,Month-to-month,DSL,"Electronic check",New,Yes
8265-HKSOW,Female,72,107.45,7658.30,"Two year","Fiber optic","Credit card (automatic)",Loyal,No
3544-FBCAS,Female,72,83.60,5959.30,"Two year",DSL,"Credit card (automatic)",Loyal,No
5331-RGMTT,Male,54,99.05,5295.70,Month-to-month,"Fiber optic","Credit card (automatic)",Loyal,No
4759-PXTAN,Female,59,80.10,4693.20,"One year",DSL,"Electronic check",Loyal,No
7054-DMVAS,Male,54,65.30,3512.90,"Two year",DSL,"Bank transfer (automatic)",Loyal,No
3428-MMGUB,Male,60,89.55,5231.20,"Two year","Fiber optic","Electronic check",Loyal,No
6549-BTYPG,Female,60,60.80,3603.45,"Two year",DSL,"Credit card (automatic)",Loyal,No
7823-JSOAG,Male,3,74.50,217.45,Month-to-month,"Fiber optic","Electronic check",New,No
3705-RHRFR,Female,69,99.15,6875.35,"Two year","Fiber optic","Bank transfer (automatic)",Loyal,No
9074-KGVOX,Male,50,39.45,2021.35,Month-to-month,DSL,"Credit card (automatic)",Loyal,No
6128-DAFVY,Female,56,44.85,2564.95,Month-to-month,DSL,"Credit card (automatic)",Loyal,No
9933-QRGTX,Female,60,97.20,5611.75,"Two year","Fiber optic","Electronic check",Loyal,No
4476-OSWTN,Male,69,110.55,7610.10,"One year","Fiber optic","Mailed check",Loyal,No
3751-KTZEL,Female,1,35.05,35.05,Month-to-month,DSL,"Mailed check",New,Yes
1977-STDKI,Female,1,73.00,73.00,Month-to-month,"Fiber optic","Electronic check",New,Yes
2661-GKBTK,Male,60,76.95,4543.95,"Two year",DSL,"Bank transfer (automatic)",Loyal,No
0458-HEUZG,Female,13,35.40,450.40,"Two year",DSL,"Mailed check",Loyal,No
0824-VWDPO,Female,45,96.75,4442.75,"One year","Fiber optic","Bank transfer (automatic)",Loyal,No
8409-WQJUX,Female,25,54.20,1423.15,"One year",DSL,"Electronic check",Loyal,No
2578-JQPHZ,Male,44,100.10,4378.35,"Two year","Fiber optic","Bank transfer (automatic)",Loyal,No
3278-FSIXX,Female,2,45.25,74.20,Month-to-month,DSL,"Mailed check",New,No
5813-UECBU,Male,33,83.85,2716.30,Month-to-month,"Fiber optic","Credit card (automatic)",Loyal,Yes
0328-GRPMV,Female,1,70.10,70.10,Month-to-month,"Fiber optic","Electronic check",New,Yes
2946-KIQSP,Female,35,33.45,1175.85,Month-to-month,DSL,"Mailed check",Loyal,No
6726-WEXXK,Male,27,85.90,2220.10,"One year","Fiber optic","Electronic check",Loyal,No
4636-OLWOE,Male,54,61.00,3283.05,"One year",DSL,"Electronic check",Loyal,No
4342-HENTK,Female,2,70.65,142.35,Month-to-month,"Fiber optic","Electronic check",New,Yes
4685-ERGHK,Male,57,86.90,4939.25,"One year","Fiber optic","Electronic check",Loyal,No
0885-HMGPY,Male,62,69.40,4237.50,"Two year",DSL,"Bank transfer (automatic)",Loyal,No
7208-PSIHR,Female,70,104.30,7188.50,"Two year","Fiber optic","Bank transfer (automatic)",Loyal,No
4012-ZTHBR,Female,21,44.95,926.25,Month-to-month,DSL,"Electronic check",Loyal,No
0489-WMEMG,Female,23,49.45,1119.35,"One year",DSL,"Electronic check",Loyal,No
6956-SMUCM,Female,3,99.00,287.40,Month-to-month,"Fiber optic","Credit card (automatic)",New,Yes
2985-FMWYF,Female,23,93.50,2341.55,Month-to-month,"Fiber optic","Electronic check",Loyal,No
2812-ENYMO,Male,26,54.55,1362.85,"One year",DSL,"Credit card (automatic)",Loyal,No
3223-WZWJM,Male,26,83.95,2254.20,Month-to-month,"Fiber optic","Electronic check",Loyal,Yes
3422-GALYP,Male,2,79.45,145.15,Month-to-month,"Fiber optic","Electronic check",New,No
9053-JZFKV,Male,67,116.20,7752.30,"Two year","Fiber optic","Credit card (automatic)",Loyal,Yes
2530-ENDWQ,Female,71,93.70,6585.35,"Two year","Fiber optic","Bank transfer (automatic)",Loyal,Yes
2890-WFBHU,Female,59,79.85,4786.10,"One year",DSL,"Credit card (automatic)",Loyal,No
0327-WFZSY,Male,39,100.00,3835.55,"One year","Fiber optic","Electronic check",Loyal,No
4023-RTIQM,Female,31,50.40,1580.10,"One year",DSL,"Credit card (automatic)",Loyal,No
0864-FVJNJ,Female,64,113.35,7222.75,"One year","Fiber optic","Electronic check",Loyal,No
7356-IWLFW,Male,46,80.00,3769.70,Month-to-month,"Fiber optic","Bank transfer (automatic)",Loyal,No
9541-PWTWO,Female,52,80.95,4233.95,"Two year",DSL,"Bank transfer (automatic)",Loyal,No
7872-RDDLZ,Female,67,54.90,3725.50,Month-to-month,DSL,"Electronic check",Loyal,No
9250-WYPLL,Female,5,75.55,413.65,Month-to-month,"Fiber optic","Electronic check",New,Yes
6308-CQRBU,Female,71,109.25,7707.70,"Two year","Fiber optic","Electronic check",Loyal,No
2754-XBHTB,Female,9,77.65,714.15,Month-to-month,"Fiber optic","Bank transfer (automatic)",Mid,Yes
1597-LHYNC,Female,26,95.00,2497.20,Month-to-month,"Fiber optic","Electronic check",Loyal,Yes
0186-CAERR,Male,71,116.30,8309.55,"One year","Fiber optic","Bank transfer (automatic)",Loyal,No
5442-BHQNG,Female,2,70.35,139.25,Month-to-month,"Fiber optic","Electronic check",New,No
5872-OEQNH,Female,60,44.45,2773.90,"One year",DSL,"Electronic check",Loyal,No
3162-KKZXO,Female,55,100.15,5409.75,"One year","Fiber optic","Electronic check",Loyal,No
7055-VKGDA,Male,54,105.40,5643.40,"One year","Fiber optic","Credit card (automatic)",Loyal,Yes
0754-UKWQP,Male,2,95.85,197.70,Month-to-month,"Fiber optic","Electronic check",New,Yes
8873-GLDMH,Female,6,73.85,401.30,Month-to-month,"Fiber optic","Mailed check",New,No
5696-JVVQY,Female,48,70.10,3238.40,"Two year",DSL,"Credit card (automatic)",Loyal,No
7493-TPUWZ,Male,1,79.15,79.15,Month-to-month,"Fiber optic","Electronic check",New,Yes
8904-OPDCK,Male,54,24.95,1364.75,Month-to-month,DSL,"Bank transfer (automatic)",Loyal,No
8845-LWKGE,Female,30,64.50,1985.15,"One year",DSL,"Electronic check",Loyal,No
8752-STIVR,Female,4,79.00,303.15,Month-to-month,"Fiber optic","Electronic check",New,Yes
0691-NIKRI,Female,40,105.95,4335.20,"One year","Fiber optic","Credit card (automatic)",Loyal,No
5022-JNQEQ,Female,9,75.85,647.50,Month-to-month,"Fiber optic","Electronic check",Mid,No
4558-FANTW,Female,17,91.85,1574.45,Month-to-month,"Fiber optic","Electronic check",Loyal,Yes
3249-VHRIP,Female,62,43.60,2748.70,"Two year",DSL,"Credit card (automatic)",Loyal,No
3736-BLEPA,Male,28,91.25,2483.65,"One year","Fiber optic","Bank transfer (automatic)",Loyal,No
4701-LKOZD,Female,70,89.75,6367.20,"Two year",DSL,"Credit card (automatic)",Loyal,No
6603-QWSPR,Female,46,104.40,4904.20,"Two year","Fiber optic","Bank transfer (automatic)",Loyal,No
9921-QFQUL,Female,23,90.15,2044.95,Month-to-month,"Fiber optic","Mailed check",Loyal,No
1929-ZCBHE,Male,47,40.30,1794.80,"One year",DSL,"Electronic check",Loyal,No
4378-MYPGO,Male,68,105.25,7173.15,"Two year","Fiber optic","Bank transfer (automatic)",Loyal,No
8651-ENBZX,Female,60,106.00,6441.40,"One year","Fiber optic","Electronic check",Loyal,Yes
4129-LYCOI,Female,67,104.00,7039.05,"Two year","Fiber optic","Electronic check",Loyal,No
7798-JVXYM,Female,14,69.65,921.40,Month-to-month,DSL,"Electronic check",Loyal,No
8647-SDTWQ,Male,57,74.30,4018.35,Month-to-month,"Fiber optic","Electronic check",Loyal,No
2696-ECXKC,Female,55,100.90,5448.60,"One year","Fiber optic","Mailed check",Loyal,No
7623-TRNQN,Male,1,49.90,49.90,Month-to-month,DSL,"Mailed check",New,Yes
3323-CPBWR,Male,23,96.90,2085.45,Month-to-month,"Fiber optic","Credit card (automatic)",Loyal,No
9330-IJWIO,Female,13,100.35,1358.85,Month-to-month,"Fiber optic","Electronic check",Loyal,Yes
3384-CTMSF,Male,47,104.10,5135.15,Month-to-month,"Fiber optic","Electronic check",Loyal,No
9286-DOJGF,Female,38,74.95,2869.85,Month-to-month,"Fiber optic","Bank transfer (automatic)",Loyal,Yes
6048-QBXKL,Female,2,56.55,118.25,Month-to-month,DSL,"Credit card (automatic)",New,No
9661-MHUMO,Male,1,49.25,49.25,Month-to-month,DSL,"Credit card (automatic)",New,Yes
7718-RXDGG,Male,15,68.60,1108.60,Month-to-month,"Fiber optic","Bank transfer (automatic)",Loyal,No
1025-FALIX,Female,26,69.05,1815.65,Month-to-month,"Fiber optic","Credit card (automatic)",Loyal,No
1842-EZJMK,Male,50,103.70,5071.05,Month-to-month,"Fiber optic","Electronic check",Loyal,Yes
2347-WKKAE,Male,42,94.40,4014.60,Month-to-month,"Fiber optic","Electronic check",Loyal,No
8735-DCXNF,Male,10,54.95,568.85,Month-to-month,DSL,"Credit card (automatic)",Mid,No
3214-IYUUQ,Female,61,93.70,5860.70,"One year","Fiber optic","Bank transfer (automatic)",Loyal,No
1936-UAFEH,Female,68,110.25,7279.35,"Two year","Fiber optic","Credit card (automatic)",Loyal,No
3587-PMCOY,Male,10,98.90,1064.95,"One year","Fiber optic","Electronic check",Mid,No
8079-XRJRS,Male,65,89.75,5769.60,"One year","Fiber optic","Electronic check",Loyal,Yes
1027-LKKQQ,Female,72,80.45,5886.85,"Two year",DSL,"Bank transfer (automatic)",Loyal,No
7148-XZPHA,Male,55,79.40,4238.45,Month-to-month,"Fiber optic","Electronic check",Loyal,No
5309-TAIKL,Female,7,62.80,418.30,Month-to-month,DSL,"Bank transfer (automatic)",Mid,No
6856-RAURS,Female,2,74.90,136.05,Month-to-month,"Fiber optic","Mailed check",New,No
8778-LMWTJ,Female,9,74.85,708.20,Month-to-month,"Fiber optic","Electronic check",Mid,No
8884-ADFVN,Male,7,101.95,700.85,Month-to-month,"Fiber optic","Electronic check",Mid,Yes
2845-KDHVX,Female,64,68.30,4378.80,"Two year",DSL,"Mailed check",Loyal,No
0848-SOMKO,Male,70,48.40,3442.80,"Two year",DSL,"Bank transfer (automatic)",Loyal,No
2720-WGKHP,Male,2,94.00,181.70,Month-to-month,"Fiber optic","Electronic check",New,Yes
6734-FQAJX,Male,67,105.05,7171.70,"Two year","Fiber optic","Electronic check",Loyal,No
2869-ADAWR,Female,45,89.30,4016.85,Month-to-month,"Fiber optic","Credit card (automatic)",Loyal,Yes
0943-ZQPXH,Male,44,92.95,4122.90,Month-to-month,"Fiber optic","Bank transfer (automatic)",Loyal,No
9894-EZEWG,Female,1,74.30,74.30,Month-to-month,"Fiber optic","Credit card (automatic)",New,Yes
7851-FLGGQ,Male,1,44.65,44.65,Month-to-month,DSL,"Mailed check",New,Yes
0637-UBJRP,Male,13,84.05,1095.30,Month-to-month,"Fiber optic","Electronic check",Loyal,Yes
0940-OUQEC,Male,10,80.70,788.80,Month-to-month,"Fiber optic","Bank transfer (automatic)",Mid,Yes
2378-VTKDH,Male,65,104.35,6578.55,Month-to-month,"Fiber optic","Electronic check",Loyal,No
8608-OZTLB,Male,38,74.05,2802.30,"One year",DSL,"Electronic check",Loyal,No
2335-GSODA,Male,23,40.10,857.75,"Two year",DSL,"Mailed check",Loyal,No
0702-PGIBZ,Male,4,101.70,364.55,Month-to-month,"Fiber optic","Electronic check",New,Yes
6656-GULJQ,Male,72,83.55,6093.30,"Two year",DSL,"Credit card (automatic)",Loyal,No
9853-JFZDU,Female,35,56.85,1861.10,Month-to-month,DSL,"Electronic check",Loyal,No
6994-FGRHH,Male,70,106.15,7475.10,"One year","Fiber optic","Electronic check",Loyal,No
4000-VGMQP,Male,38,78.95,2862.55,"One year",DSL,"Credit card (automatic)",Loyal,No
3999-WRNGR,Female,60,49.75,3069.45,Month-to-month,DSL,"Electronic check",Loyal,No
3466-RITXD,Male,26,92.40,2349.80,Month-to-month,"Fiber optic","Credit card (automatic)",Loyal,No
2680-XKKNJ,Female,8,58.20,469.25,"One year",DSL,"Bank transfer (automatic)",Mid,No
3058-HJCUY,Male,41,102.60,4213.35,"One year","Fiber optic","Electronic check",Loyal,Yes
2974-GGUXS,Female,36,91.95,3301.05,Month-to-month,"Fiber optic","Credit card (automatic)",Loyal,No
7994-XIRTR,Male,54,65.25,3529.95,"One year",DSL,"Bank transfer (automatic)",Loyal,No
3259-FDWOY,Male,71,106.00,7723.70,"Two year","Fiber optic","Bank transfer (automatic)",Loyal,Yes
2101-RANCD,Female,55,73.10,4144.90,Month-to-month,"Fiber optic","Electronic check",Loyal,No
7921-BEPCI,Female,72,59.75,4265.00,"Two year",DSL,"Bank transfer (automatic)",Loyal,No
0807-ZABDG,Female,3,55.10,154.65,Month-to-month,DSL,"Mailed check",New,Yes
8510-TMWYB,Female,54,59.80,3246.45,"Two year",DSL,"Bank transfer (automatic)",Loyal,No
3258-ZKPAI,Male,72,116.60,8337.45,"Two year","Fiber optic","Bank transfer (automatic)",Loyal,No
1428-IEDPR,Male,52,109.30,5731.40,"Two year","Fiber optic","Electronic check",Loyal,No
5298-GSTLM,Female,60,101.40,6176.60,"One year","Fiber optic","Bank transfer (automatic)",Loyal,No
4450-YOOHP,Female,39,50.65,1905.40,Month-to-month,DSL,"Credit card (automatic)",Loyal,No
6728-CZFEI,Female,15,56.15,931.90,"One year",DSL,"Mailed check",Loyal,No
5748-RNCJT,Male,69,106.50,7348.80,"Two year","Fiber optic","Bank transfer (automatic)",Loyal,Yes
6121-TNHBO,Female,63,83.00,5243.05,"One year",DSL,"Bank transfer (automatic)",Loyal,No
5119-NZPTV,Male,2,70.10,141.65,Month-to-month,"Fiber optic","Electronic check",New,No
6519-ZHPXP,Female,72,108.30,7679.65,"Two year","Fiber optic","Bank transfer (automatic)",Loyal,No
7739-LAXOG,Female,32,91.05,2954.50,Month-to-month,"Fiber optic","Bank transfer (automatic)",Loyal,Yes
8224-UAXBZ,Female,58,45.35,2540.10,"One year",DSL,"Electronic check",Loyal,No
9610-WCESF,Male,67,43.90,3097.20,"Two year",DSL,"Electronic check",Loyal,No
9776-CLUJA,Female,51,77.50,3807.35,Month-to-month,"Fiber optic","Electronic check",Loyal,Yes
2486-WYVVE,Male,31,79.30,2484.00,"One year",DSL,"Mailed check",Loyal,No
3865-ZYKAD,Male,69,84.90,5785.65,Month-to-month,"Fiber optic","Credit card (automatic)",Loyal,No
1422-DGUBX,Male,32,79.25,2619.15,"One year","Fiber optic","Electronic check",Loyal,No
2999-AANRQ,Female,21,71.05,1524.85,"Two year",DSL,"Credit card (automatic)",Loyal,No
8668-KNZTI,Male,52,53.75,2790.65,"One year",DSL,"Electronic check",Loyal,No
6034-ZRYCV,Female,72,54.20,3937.45,"Two year",DSL,"Electronic check",Loyal,Yes
9746-YKGXB,Male,52,44.25,2276.10,"One year",DSL,"Bank transfer (automatic)",Loyal,No
3926-YZVVX,Female,41,50.05,2029.05,"One year",DSL,"Bank transfer (automatic)",Loyal,No
2079-FBMZK,Female,6,69.25,418.40,Month-to-month,"Fiber optic","Mailed check",New,Yes
6332-FBZRI,Male,67,69.35,4653.25,"One year",DSL,"Credit card (automatic)",Loyal,No
8221-EQDGL,Male,35,61.00,2130.45,Month-to-month,DSL,"Mailed check",Loyal,No
6608-QQLVK,Male,1,50.50,50.50,Month-to-month,DSL,"Electronic check",New,Yes
0298-XACET,Male,52,50.20,2554.00,"Two year",DSL,"Mailed check",Loyal,No
7560-QJAVJ,Female,70,79.60,5589.45,"Two year",DSL,"Bank transfer (automatic)",Loyal,No
3551-HUAZH,Male,1,74.40,74.40,Month-to-month,"Fiber optic","Electronic check",New,Yes
9137-UIYPG,Female,35,106.90,3756.45,Month-to-month,"Fiber optic","Electronic check",Loyal,No
2809-ZMYOQ,Female,32,101.35,3334.90,Month-to-month,"Fiber optic","Electronic check",Loyal,No
5084-OOVCJ,Female,17,55.35,920.50,Month-to-month,DSL,"Credit card (automatic)",Loyal,No
0254-WWRKD,Female,67,50.55,3431.75,"One year",DSL,"Credit card (automatic)",Loyal,No
6302-JGYRJ,Male,31,79.45,2587.70,"One year",DSL,"Mailed check",Loyal,Yes
5339-PXDVH,Male,4,90.65,367.95,Month-to-month,"Fiber optic","Electronic check",New,No
2205-LPVGL,Male,58,89.85,5125.75,"One year","Fiber optic","Bank transfer (automatic)",Loyal,No
8782-NUUOL,Male,60,79.00,4801.10,"One year",DSL,"Mailed check",Loyal,No
3685-YLCMQ,Male,58,104.65,6219.60,"One year","Fiber optic","Electronic check",Loyal,Yes
4868-AADLV,Male,66,116.25,7862.25,"One year","Fiber optic","Electronic check",Loyal,No
9529-OFXHY,Male,15,87.75,1242.20,Month-to-month,"Fiber optic","Bank transfer (automatic)",Loyal,No
8634-MPHTR,Male,47,100.05,4871.05,Month-to-month,"Fiber optic","Electronic check",Loyal,Yes
2669-QVCRG,Female,41,81.30,3190.65,Month-to-month,"Fiber optic","Credit card (automatic)",Loyal,No
2478-EEWWM,Male,59,44.30,2666.75,Month-to-month,DSL,"Electronic check",Loyal,No
9174-IHETN,Female,50,70.35,3533.60,"Two year","Fiber optic","Credit card (automatic)",Loyal,No
2233-TXSIU,Male,17,44.45,792.15,"One year",DSL,"Credit card (automatic)",Loyal,No
9644-UMGQA,Male,6,49.15,295.65,Month-to-month,DSL,"Electronic check",New,No
3256-EZDBI,Male,51,29.45,1459.35,Month-to-month,DSL,"Credit card (automatic)",Loyal,No
8761-NSOBC,Male,44,100.55,4398.15,Month-to-month,"Fiber optic","Electronic check",Loyal,Yes
0419-YAAPX,Male,49,85.30,4297.95,Month-to-month,"Fiber optic","Credit card (automatic)",Loyal,No
8413-VONUO,Male,2,95.65,167.30,Month-to-month,"Fiber optic","Electronic check",New,Yes
0872-CASZJ,Male,59,69.10,4096.90,"One year",DSL,"Mailed check",Loyal,No
4726-DLWQN,Male,50,70.35,3454.60,Month-to-month,DSL,"Bank transfer (automatic)",Loyal,No
3094-JOJAI,Male,18,74.15,1387.00,Month-to-month,"Fiber optic","Mailed check",Loyal,No
9494-MRNYX,Male,10,75.05,786.30,Month-to-month,"Fiber optic","Electronic check",Mid,No
2599-CZABP,Male,14,44.60,641.25,"One year",DSL,"Electronic check",Loyal,No
4544-RXFMG,Male,8,43.45,345.50,"One year",DSL,"Mailed check",Mid,No
1150-FTQGN,Female,60,94.15,5811.80,"One year","Fiber optic","Bank transfer (automatic)",Loyal,No
9223-UCPVT,Female,1,94.40,94.40,Month-to-month,"Fiber optic","Electronic check",New,Yes
5448-VWNAM,Female,19,75.90,1375.60,Month-to-month,DSL,"Mailed check",Loyal,No
1177-XZBJL,Male,53,64.15,3491.55,"One year",DSL,"Bank transfer (automatic)",Loyal,No
3518-FSTWG,Male,72,109.55,7920.70,"Two year","Fiber optic","Bank transfer (automatic)",Loyal,No
9330-VOFSZ,Female,60,110.80,6640.70,"Two year","Fiber optic","Credit card (automatic)",Loyal,No
4351-QLCSU,Female,1,55.00,55.00,Month-to-month,DSL,"Credit card (automatic)",New,Yes
0939-EREMR,Female,13,53.45,718.10,Month-to-month,DSL,"Mailed check",Loyal,No
9389-ACWBI,Female,5,69.95,320.40,Month-to-month,"Fiber optic","Credit card (automatic)",New,No
5419-JPRRN,Male,1,101.45,101.45,Month-to-month,"Fiber optic","Electronic check",New,Yes
3644-QXEHN,Male,13,97.00,1334.45,Month-to-month,"Fiber optic","Electronic check",Loyal,No
2911-IJORQ,Male,37,90.60,3358.65,"One year",DSL,"Bank transfer (automatic)",Loyal,No
5921-NGYRH,Male,64,73.55,4764.00,Month-to-month,"Fiber optic","Mailed check",Loyal,No
2100-BDNSN,Female,5,67.95,350.30,Month-to-month,DSL,"Bank transfer (automatic)",New,Yes
5998-DZLYR,Female,61,94.35,5703.00,"Two year","Fiber optic","Bank transfer (automatic)",Loyal,No
0488-GSLFR,Female,1,69.50,69.50,Month-to-month,"Fiber optic","Electronic check",New,Yes
9728-FTTVZ,Female,1,69.20,69.20,Month-to-month,"Fiber optic","Electronic check",New,Yes
6576-FBXOJ,Male,17,54.60,934.80,"One year",DSL,"Electronic check",Loyal,No
4310-KEDTB,Female,26,29.80,786.50,Month-to-month,DSL,"Mailed check",Loyal,No
7254-IQWOZ,Male,1,69.65,69.65,Month-to-month,"Fiber optic","Electronic check",New,Yes
2474-BRUCM,Male,40,101.85,4086.30,Month-to-month,"Fiber optic","Electronic check",Loyal,Yes
4062-HBMOS,Male,52,103.05,5364.80,Month-to-month,"Fiber optic","Electronic check",Loyal,No
0742-NXBGR,Female,1,82.30,82.30,Month-to-month,"Fiber optic","Electronic check",New,Yes
9236-NDUCW,Female,21,35.10,770.40,"Two year",DSL,"Mailed check",Loyal,No
4753-PADAS,Female,67,105.70,6816.95,"One year","Fiber optic","Bank transfer (automatic)",Loyal,No
6103-QCKFX,Female,44,56.25,2419.55,Month-to-month,DSL,"Bank transfer (automatic)",Loyal,No
7781-EWARA,Male,70,60.35,4138.70,"One year",DSL,"Electronic check",Loyal,No
6110-OHIHY,Male,3,79.25,267.60,Month-to-month,"Fiber optic","Electronic check",New,Yes
7018-FPXHH,Male,56,59.80,3457.45,"Two year",DSL,"Bank transfer (automatic)",Loyal,No
5889-LFOLL,Female,13,84.60,1115.20,Month-to-month,"Fiber optic","Electronic check",Loyal,Yes
5708-EVONK,Female,58,93.40,5435.60,Month-to-month,"Fiber optic","Bank transfer (automatic)",Loyal,Yes
8708-XPXHZ,Female,42,94.20,4186.30,Month-to-month,"Fiber optic","Electronic check",Loyal,Yes
0616-ATFGB,Male,1,25.05,25.05,Month-to-month,DSL,"Electronic check",New,Yes
0572-ZJKLT,Female,46,99.65,4630.20,"Two year","Fiber optic","Mailed check",Loyal,No
5135-RDDQL,Female,63,50.65,3221.25,"Two year",DSL,"Bank transfer (automatic)",Loyal,No
1353-LJWEM,Male,11,60.90,688.50,Month-to-month,DSL,"Electronic check",Mid,No
1794-SWWKL,Male,15,59.65,867.10,Month-to-month,DSL,"Bank transfer (automatic)",Loyal,No
6166-YIPFO,Male,72,64.70,4746.05,"Two year",DSL,"Electronic check",Loyal,No
7016-BPGEU,Female,29,25.10,712.85,Month-to-month,DSL,"Credit card (automatic)",Loyal,Yes
6876-ADESB,Male,1,48.95,48.95,Month-to-month,DSL,"Electronic check",New,Yes
9332-GYWLO,Female,6,54.85,355.10,Month-to-month,DSL,"Electronic check",New,No
1963-SVUCV,Male,1,45.30,45.30,Month-to-month,DSL,"Electronic check",New,Yes
4184-VODJZ,Male,63,91.35,5764.70,"One year","Fiber optic","Electronic check",Loyal,No
0220-EBGCE,Male,2,85.85,167.30,Month-to-month,"Fiber optic","Electronic check",New,Yes
7233-IOQNP,Female,43,34.00,1505.35,Month-to-month,DSL,"Bank transfer (automatic)",Loyal,No
2834-JKOOW,Female,15,45.90,693.45,"One year",DSL,"Mailed check",Loyal,No
2754-VDLTR,Male,10,95.20,930.40,Month-to-month,"Fiber optic","Electronic check",Mid,Yes
3190-XFANI,Male,49,100.60,5069.65,"One year","Fiber optic","Bank transfer (automatic)",Loyal,Yes
7551-DACSP,Male,6,55.30,324.25,Month-to-month,DSL,"Mailed check",New,Yes
7235-NXZCP,Male,2,74.85,156.40,Month-to-month,"Fiber optic","Mailed check",New,Yes
0230-UBYPQ,Male,63,36.10,2298.90,"One year",DSL,"Bank transfer (automatic)",Loyal,No
4923-ADWXJ,Female,25,65.80,1679.65,Month-to-month,DSL,"Bank transfer (automatic)",Loyal,No
1104-TNLZA,Male,28,105.80,2998.00,Month-to-month,"Fiber optic","Electronic check",Loyal,No
5195-KPUNQ,Female,53,96.75,5206.55,"One year","Fiber optic","Mailed check",Loyal,No
0520-FDVVT,Male,35,102.35,3626.10,"One year","Fiber optic","Bank transfer (automatic)",Loyal,Yes
3439-GVUSX,Male,1,24.40,24.40,Month-to-month,DSL,"Mailed check",New,No
1444-VVSGW,Male,70,115.65,7968.85,"One year","Fiber optic","Credit card (automatic)",Loyal,Yes
5712-PTIWW,Male,2,79.85,152.45,Month-to-month,"Fiber optic","Electronic check",New,Yes
5949-HGVJL,Female,26,73.05,1959.50,Month-to-month,DSL,"Electronic check",Loyal,No
5203-XEHAX,Female,34,64.35,2053.05,"One year",DSL,"Electronic check",Loyal,No
3315-TOTBP,Male,15,76.00,1130.85,Month-to-month,"Fiber optic","Mailed check",Loyal,Yes
8050-XGRVL,Female,62,54.75,3425.35,"One year",DSL,"Credit card (automatic)",Loyal,No
6661-HBGWL,Female,42,104.75,4323.45,Month-to-month,"Fiber optic","Bank transfer (automatic)",Loyal,Yes
1518-VOWAV,Female,9,74.65,703.55,Month-to-month,DSL,"Electronic check",Mid,Yes
9828-QHFBK,Male,24,51.15,1275.70,Month-to-month,DSL,"Electronic check",Loyal,No
3908-MKIMJ,Male,68,41.95,2965.75,"Two year",DSL,"Electronic check",Loyal,No
5012-YSPJJ,Male,31,54.35,1647.00,Month-to-month,DSL,"Mailed check",Loyal,No
5909-ECHUI,Female,1,56.25,56.25,Month-to-month,DSL,"Electronic check",New,Yes
1309-BXVOQ,Male,21,106.10,2249.95,Month-to-month,"Fiber optic","Electronic check",Loyal,Yes
6728-VOIFY,Female,63,96.00,6109.75,"One year","Fiber optic","Electronic check",Loyal,No
9317-WZPGV,Female,2,79.75,159.40,Month-to-month,"Fiber optic","Bank transfer (automatic)",New,Yes
4891-NLUBA,Female,61,61.45,3751.15,"Two year",DSL,"Bank transfer (automatic)",Loyal,No
2856-HYAPG,Female,1,68.65,68.65,Month-to-month,"Fiber optic","Electronic check",New,Yes
8709-KRDVL,Female,33,100.00,3320.60,Month-to-month,"Fiber optic","Electronic check",Loyal,No
1427-VERSM,Female,56,98.70,5669.50,Month-to-month,"Fiber optic","Electronic check",Loyal,No
6339-YPSAH,Male,9,73.80,704.30,Month-to-month,"Fiber optic","Electronic check",Mid,No
3621-CEOVK,Female,14,100.20,1369.80,Month-to-month,"Fiber optic","Electronic check",Loyal,Yes
6906-ANDWJ,Male,15,74.90,1107.25,Month-to-month,"Fiber optic","Bank transfer (automatic)",Loyal,Yes
1548-FEHVL,Male,61,106.20,6375.20,Month-to-month,"Fiber optic","Electronic check",Loyal,No
3795-CAWEX,Male,70,116.55,8152.30,"Two year","Fiber optic","Credit card (automatic)",Loyal,No
6215-NQCPY,Male,15,99.70,1566.75,Month-to-month,"Fiber optic","Electronic check",Loyal,No
9626-WEQRM,Female,4,29.15,110.05,Month-to-month,DSL,"Mailed check",New,No
2188-SXWVT,Female,34,55.00,1885.15,"One year",DSL,"Mailed check",Loyal,No
6258-PVZWJ,Male,68,90.80,6302.85,"Two year",DSL,"Credit card (automatic)",Loyal,No
1094-BKOSX,Female,45,51.00,2264.50,"One year",DSL,"Bank transfer (automatic)",Loyal,No
6969-MVBAI,Female,9,90.10,816.80,Month-to-month,"Fiber optic","Electronic check",Mid,No
2978-XXSOG,Female,22,59.05,1253.50,Month-to-month,DSL,"Mailed check",Loyal,No
6953-PBDIN,Male,70,72.95,5265.55,"Two year",DSL,"Bank transfer (automatic)",Loyal,No
3898-BSJYF,Female,10,73.55,693.30,"One year",DSL,"Credit card (automatic)",Mid,No
3938-YFPXD,Male,72,84.30,5997.10,"Two year",DSL,"Credit card (automatic)",Loyal,No
7696-AMHOD,Female,49,78.00,3824.20,"One year",DSL,"Credit card (automatic)",Loyal,No
2453-SAFNS,Female,54,72.10,3886.05,"One year",DSL,"Mailed check",Loyal,No
9558-IHEZX,Female,71,106.75,7283.25,"Two year","Fiber optic","Credit card (automatic)",Loyal,No
7426-GSWPO,Male,64,103.50,6548.65,Month-to-month,"Fiber optic","Bank transfer (automatic)",Loyal,No
1031-IIDEO,Female,1,70.85,70.85,Month-to-month,"Fiber optic","Electronic check",New,Yes
5832-XKAES,Male,2,69.80,134.70,Month-to-month,"Fiber optic","Credit card (automatic)",New,Yes
3205-MXZRA,Male,26,59.45,1507.00,"One year",DSL,"Credit card (automatic)",Loyal,No
4701-AHWMW,Male,55,54.55,2978.30,Month-to-month,DSL,"Bank transfer (automatic)",Loyal,Yes
5702-KVQRD,Male,71,82.55,5832.65,"Two year",DSL,"Electronic check",Loyal,No
0083-PIVIK,Male,64,81.25,5567.55,"One year",DSL,"Electronic check",Loyal,No
9210-IAHGH,Female,7,70.75,450.80,Month-to-month,DSL,"Credit card (automatic)",Mid,Yes
6169-PGNCD,Female,57,74.30,4166.35,"Two year",DSL,"Credit card (automatic)",Loyal,No
0023-XUOPT,Female,13,94.10,1215.60,Month-to-month,"Fiber optic","Electronic check",Loyal,Yes
4592-IWTJI,Female,3,29.70,91.70,Month-to-month,DSL,"Credit card (automatic)",New,Yes
4909-JOUPP,Male,72,109.70,7898.45,"Two year","Fiber optic","Credit card (automatic)",Loyal,No
4657-FWVFY,Female,40,96.35,3915.40,Month-to-month,"Fiber optic","Credit card (automatic)",Loyal,No
2257-BOVXD,Male,14,66.60,979.50,Month-to-month,DSL,"Credit card (automatic)",Loyal,No
7729-JTEEC,Male,2,44.50,90.05,Month-to-month,DSL,"Electronic check",New,No
7632-MNYOY,Male,66,110.90,7432.05,"One year","Fiber optic","Credit card (automatic)",Loyal,Yes
6518-LGAOV,Female,38,105.00,4026.40,Month-to-month,"Fiber optic","Electronic check",Loyal,Yes
7242-QZLXF,Male,1,25.30,25.30,Month-to-month,DSL,"Electronic check",New,Yes
4576-CSAJH,Male,22,55.15,1193.05,"One year",DSL,"Credit card (automatic)",Loyal,Yes
9696-RMYBA,Male,5,80.10,398.55,Month-to-month,"Fiber optic","Mailed check",New,No
8690-UPCZI,Male,29,69.05,1958.45,"One year",DSL,"Bank transfer (automatic)",Loyal,No
1062-LHZOD,Male,1,69.90,69.90,Month-to-month,"Fiber optic","Mailed check",New,Yes
8344-WFMFH,Male,9,50.10,484.05,Month-to-month,DSL,"Electronic check",Mid,No
9600-NAXZN,Male,43,101.40,4528.00,Month-to-month,"Fiber optic","Electronic check",Loyal,Yes
8822-KNBHV,Female,48,83.45,3887.85,"One year",DSL,"Credit card (automatic)",Loyal,No
8404-FYDIB,Male,26,86.65,2208.75,Month-to-month,"Fiber optic","Credit card (automatic)",Loyal,No
6457-USBER,Male,1,80.80,80.80,Month-to-month,"Fiber optic","Electronic check",New,Yes
4662-EKDPQ,Male,2,62.05,118.30,Month-to-month,DSL,"Bank transfer (automatic)",New,Yes
9248-OJYKK,Male,1,76.45,76.45,Month-to-month,"Fiber optic","Electronic check",New,Yes
9888-ZCUMM,Male,64,60.05,3845.45,"Two year",DSL,"Bank transfer (automatic)",Loyal,No
3398-FSHON,Female,12,91.30,1094.50,Month-to-month,"Fiber optic","Electronic check",Mid,Yes
3319-DWOEP,Male,6,95.75,573.75,Month-to-month,"Fiber optic","Electronic check",New,Yes
9979-RGMZT,Female,7,94.05,633.45,"One year","Fiber optic","Mailed check",Mid,No
6437-UDQJM,Female,72,84.10,6129.65,"Two year",DSL,"Credit card (automatic)",Loyal,No
1226-IENZN,Male,16,78.75,1218.25,Month-to-month,"Fiber optic","Electronic check",Loyal,No
2108-GLPQB,Male,25,55.55,1405.30,Month-to-month,DSL,"Credit card (automatic)",Loyal,No
9259-PACGQ,Female,34,62.65,2274.90,Month-to-month,DSL,"Electronic check",Loyal,Yes
4415-IJZTP,Female,1,74.50,74.50,Month-to-month,"Fiber optic","Electronic check",New,Yes
1465-VINDH,Female,10,102.10,1068.85,Month-to-month,"Fiber optic","Credit card (automatic)",Mid,Yes
3468-DRVQJ,Female,10,70.30,676.15,"One year",DSL,"Electronic check",Mid,No
1122-YJBCS,Male,69,53.65,3804.40,"One year",DSL,"Credit card (automatic)",Loyal,No
4816-OKWNX,Male,50,103.40,5236.40,"One year","Fiber optic","Bank transfer (automatic)",Loyal,No
3315-IKYZQ,Male,28,50.80,1386.80,"One year",DSL,"Mailed check",Loyal,No
2810-FTLEM,Female,16,50.15,762.25,Month-to-month,DSL,"Electronic check",Loyal,Yes
4747-LCAQL,Male,25,79.00,1902.00,Month-to-month,DSL,"Mailed check",Loyal,No
3411-WLRSQ,Female,3,74.60,239.05,Month-to-month,"Fiber optic","Bank transfer (automatic)",New,No
0898-XCGTF,Male,61,96.50,5673.70,"One year","Fiber optic","Bank transfer (automatic)",Loyal,No
8722-PRFDV,Female,71,77.55,5574.35,"Two year",DSL,"Credit card (automatic)",Loyal,No
2038-YSEZE,Female,29,67.45,1801.10,Month-to-month,DSL,"Mailed check",Loyal,No
8799-OXZMD,Female,28,29.75,790.70,Month-to-month,DSL,"Mailed check",Loyal,No
1925-TIBLE,Female,7,86.50,582.50,Month-to-month,"Fiber optic","Electronic check",Mid,Yes
0818-OCPZO,Male,27,81.45,2122.05,Month-to-month,"Fiber optic","Electronic check",Loyal,Yes
3967-KXAPS,Male,72,92.30,6719.90,"Two year",DSL,"Credit card (automatic)",Loyal,No
1447-GIQMR,Male,1,69.15,69.15,Month-to-month,"Fiber optic","Electronic check",New,Yes
3704-IEAXF,Female,72,53.65,3784.00,"Two year",DSL,"Credit card (automatic)",Loyal,No
6810-VCAEX,Female,47,39.65,1798.65,"One year",DSL,"Credit card (automatic)",Loyal,No
0674-EYYZV,Female,1,54.65,54.65,Month-to-month,DSL,"Electronic check",New,No
4480-MBMLB,Female,36,104.80,3886.45,"One year","Fiber optic","Bank transfer (automatic)",Loyal,No
1395-OFUWC,Male,43,29.30,1224.05,Month-to-month,DSL,"Credit card (automatic)",Loyal,No
0822-QGCXA,Female,27,83.85,2310.20,Month-to-month,DSL,"Electronic check",Loyal,No
0872-NXJYS,Female,9,79.55,723.40,Month-to-month,"Fiber optic","Electronic check",Mid,Yes
2832-KJCRD,Female,38,103.65,3988.50,Month-to-month,"Fiber optic","Electronic check",Loyal,No
3588-WSTTJ,Female,35,99.05,3554.60,Month-to-month,"Fiber optic","Electronic check",Loyal,No
5090-EMGTC,Female,59,100.05,6034.85,"Two year","Fiber optic","Mailed check",Loyal,No
3798-EPWRR,Female,2,43.95,85.10,Month-to-month,DSL,"Electronic check",New,No
4186-ZBUEW,Female,36,70.70,2511.95,"One year",DSL,"Mailed check",Loyal,No
5274-XHAKY,Female,41,94.30,3893.60,Month-to-month,"Fiber optic","Bank transfer (automatic)",Loyal,No
1442-BQPVU,Female,13,29.15,357.15,Month-to-month,DSL,"Electronic check",Loyal,No
4940-KHCWD,Female,60,37.70,2288.70,"Two year",DSL,"Bank transfer (automatic)",Loyal,No
9412-ARGBX,Female,48,95.50,4627.85,"Two year","Fiber optic","Mailed check",Loyal,Yes
1389-CXMLU,Male,3,91.05,289.10,Month-to-month,"Fiber optic","Electronic check",New,Yes
9589-ABEPT,Male,69,92.45,6460.55,"Two year","Fiber optic","Mailed check",Loyal,No
9388-ZEYVT,Male,43,44.15,1931.30,"One year",DSL,"Electronic check",Loyal,No
0305-SQECB,Female,11,36.05,402.60,"One year",DSL,"Mailed check",Mid,No
7605-SNLQG,Female,45,50.25,2221.55,Month-to-month,DSL,"Credit card (automatic)",Loyal,No
4670-TABXH,Male,72,109.75,7758.90,"Two year","Fiber optic","Credit card (automatic)",Loyal,No
5561-NWEVX,Female,2,79.20,172.85,Month-to-month,"Fiber optic","Electronic check",New,Yes
8561-NMTBD,Female,67,112.35,7388.45,"One year","Fiber optic","Credit card (automatic)",Loyal,No
5161-XEUVX,Male,37,94.30,3460.95,"Two year","Fiber optic","Mailed check",Loyal,No
8292-FRFZQ,Female,39,41.15,1700.90,"One year",DSL,"Bank transfer (automatic)",Loyal,No
8591-NXRCV,Female,41,74.65,3090.65,Month-to-month,DSL,"Bank transfer (automatic)",Loyal,No
7895-VONWT,Female,25,48.25,1293.80,Month-to-month,DSL,"Electronic check",Loyal,No
4526-RMTLL,Male,8,76.15,645.80,"Two year",DSL,"Credit card (automatic)",Mid,No
6253-GNHWH,Female,71,71.10,5224.95,"Two year",DSL,"Mailed check",Loyal,No
4566-NECEV,Male,5,96.55,500.10,Month-to-month,"Fiber optic","Electronic check",New,No
8080-POTJR,Female,30,79.30,2427.10,"One year",DSL,"Credit card (automatic)",Loyal,No
6906-MPARY,Male,40,89.60,3488.15,"One year","Fiber optic","Credit card (automatic)",Loyal,No
8107-RZLNV,Male,72,106.30,7565.35,"Two year","Fiber optic","Bank transfer (automatic)",Loyal,No
0516-OOHAR,Male,28,100.35,2799.00,"One year","Fiber optic","Bank transfer (automatic)",Loyal,No
2027-CWDNU,Male,18,85.60,1601.50,Month-to-month,"Fiber optic","Electronic check",Loyal,No
2737-WFVYW,Female,2,45.25,85.50,Month-to-month,DSL,"Electronic check",New,Yes
9912-OMZDS,Female,59,106.15,6256.20,"One year","Fiber optic","Electronic check",Loyal,No
3733-ZEECP,Male,22,51.10,1232.90,Month-to-month,DSL,"Electronic check",Loyal,No
2272-QAGFO,Female,14,74.30,1096.25,Month-to-month,"Fiber optic","Electronic check",Loyal,Yes
7103-IPXPJ,Male,50,99.40,5059.75,"One year","Fiber optic","Electronic check",Loyal,No
4342-HFXWS,Female,48,69.70,3023.65,"One year",DSL,"Bank transfer (automatic)",Loyal,No
3545-CNWRG,Female,49,98.35,4889.20,Month-to-month,"Fiber optic","Electronic check",Loyal,No
1785-BPHTP,Male,28,85.45,2289.90,Month-to-month,"Fiber optic","Electronic check",Loyal,No
4989-LIXVT,Male,68,95.90,6503.20,Month-to-month,"Fiber optic","Electronic check",Loyal,No
7315-WYOAW,Male,13,100.75,1313.25,Month-to-month,"Fiber optic","Electronic check",Loyal,No
1173-XZPYF,Female,11,89.20,990.30,Month-to-month,"Fiber optic","Electronic check",Mid,No
9850-OWRHQ,Female,3,74.10,228.00,Month-to-month,"Fiber optic","Credit card (automatic)",New,Yes
3768-NLUBH,Male,57,100.60,5746.15,Month-to-month,"Fiber optic","Electronic check",Loyal,Yes
8676-TRMJS,Male,3,75.00,209.10,Month-to-month,"Fiber optic","Mailed check",New,Yes
9530-GRMJG,Male,70,84.10,5979.70,"Two year",DSL,"Electronic check",Loyal,No
6898-RBTLU,Female,49,79.30,3902.45,"Two year",DSL,"Bank transfer (automatic)",Loyal,No
5481-NTDOH,Female,67,107.05,7142.50,"One year","Fiber optic","Credit card (automatic)",Loyal,No
7359-SSBJK,Female,64,70.20,4481.00,"Two year",DSL,"Credit card (automatic)",Loyal,Yes
0685-MLYYM,Female,2,70.75,154.85,Month-to-month,"Fiber optic","Electronic check",New,Yes
0749-IRGQE,Female,13,45.30,528.45,Month-to-month,DSL,"Electronic check",Loyal,No
2380-DAMQP,Female,72,115.15,8349.70,"Two year","Fiber optic","Electronic check",Loyal,No
2256-YLYLP,Male,68,72.95,4953.25,"Two year",DSL,"Bank transfer (automatic)",Loyal,No
5666-CYCYZ,Female,24,89.55,2259.35,Month-to-month,"Fiber optic","Electronic check",Loyal,No
4011-ARPHK,Male,27,50.35,1411.35,Month-to-month,DSL,"Mailed check",Loyal,No
8182-PNAGI,Male,12,50.25,593.75,Month-to-month,DSL,"Bank transfer (automatic)",Mid,Yes
6365-HITVU,Female,71,87.25,6328.70,"Two year",DSL,"Credit card (automatic)",Loyal,No
9488-FYQAU,Female,63,109.25,6841.40,"Two year","Fiber optic","Bank transfer (automatic)",Loyal,No
6994-KERXL,Male,4,55.90,238.50,Month-to-month,DSL,"Electronic check",New,No
7957-RYHQD,Female,40,79.20,3233.85,Month-to-month,"Fiber optic","Credit card (automatic)",Loyal,Yes
2180-DXNEG,Female,12,96.00,1062.10,Month-to-month,"Fiber optic","Electronic check",Mid,Yes
1960-UOTYM,Male,52,79.20,4016.30,"Two year",DSL,"Electronic check",Loyal,No
6500-JVEGC,Male,68,101.35,7110.75,"One year","Fiber optic","Bank transfer (automatic)",Loyal,No
5515-AKOAJ,Female,54,100.10,5440.90,Month-to-month,"Fiber optic","Electronic check",Loyal,Yes
8976-OQHGT,Female,4,56.50,235.10,Month-to-month,DSL,"Mailed check",New,Yes
5245-VDBUR,Female,52,35.45,1958.95,"One year",DSL,"Mailed check",Loyal,No
6230-BSUXY,Female,1,85.00,85.00,Month-to-month,"Fiber optic","Electronic check",New,Yes
8469-SNFFH,Male,70,79.40,5528.90,"One year",DSL,"Bank transfer (automatic)",Loyal,No
2144-ESWKO,Male,43,35.20,1463.70,"One year",DSL,"Credit card (automatic)",Loyal,No
9928-BZVLZ,Female,12,49.85,552.10,"Two year",DSL,"Mailed check",Mid,No
4114-QMKVN,Female,56,68.75,3815.40,"One year",DSL,"Bank transfer (automatic)",Loyal,No
9003-CPATH,Male,42,79.90,3313.40,Month-to-month,"Fiber optic","Electronic check",Loyal,No
1754-GKYPY,Male,22,89.75,1938.90,Month-to-month,"Fiber optic","Bank transfer (automatic)",Loyal,No
5294-CDGWY,Male,51,59.30,3014.65,"One year",DSL,"Electronic check",Loyal,Yes
1591-MQJTP,Male,51,93.65,4839.15,"One year","Fiber optic","Bank transfer (automatic)",Loyal,No
5295-PCJOO,Male,4,49.40,184.40,Month-to-month,DSL,"Electronic check",New,Yes
9863-JZAIC,Male,35,55.00,2010.55,Month-to-month,DSL,"Mailed check",Loyal,Yes
7471-MQPOS,Male,71,72.90,5139.65,"One year",DSL,"Bank transfer (automatic)",Loyal,No
7660-HDPJV,Female,1,69.20,69.20,Month-to-month,"Fiber optic","Electronic check",New,Yes
7672-VFMXZ,Male,57,55.70,3171.60,Month-to-month,DSL,"Electronic check",Loyal,No
9739-JLPQJ,Female,72,117.50,8670.10,"Two year","Fiber optic","Credit card (automatic)",Loyal,No
3855-ONCAR,Female,4,78.90,299.75,Month-to-month,"Fiber optic","Mailed check",New,No
7931-PXHFC,Male,38,62.30,2354.80,"One year",DSL,"Mailed check",Loyal,Yes
3990-QYKBE,Male,37,92.50,3473.40,Month-to-month,"Fiber optic","Electronic check",Loyal,Yes
3259-KNMRR,Male,57,79.75,4438.20,"Two year",DSL,"Bank transfer (automatic)",Loyal,No
6120-RJKLU,Female,62,79.95,4819.75,"Two year",DSL,"Credit card (automatic)",Loyal,No
9572-WUKSB,Male,3,29.90,92.25,Month-to-month,DSL,"Electronic check",New,No
0076-LVEPS,Male,29,45.00,1242.45,Month-to-month,DSL,"Mailed check",Loyal,No
3640-JQGJG,Male,13,44.80,559.20,Month-to-month,DSL,"Bank transfer (automatic)",Loyal,No
4919-MOAVT,Male,3,69.65,220.10,Month-to-month,"Fiber optic","Electronic check",New,Yes
1596-OQSPS,Female,11,51.10,531.15,Month-to-month,DSL,"Electronic check",Mid,No
9867-XOBQA,Female,21,53.15,1183.20,"Two year",DSL,"Mailed check",Loyal,No
3090-HAWSU,Male,61,111.60,6876.05,"Two year","Fiber optic","Credit card (automatic)",Loyal,Yes
9820-RMCQV,Female,11,48.55,501.00,Month-to-month,DSL,"Credit card (automatic)",Mid,Yes
3174-RKMOW,Male,35,109.95,3782.40,Month-to-month,"Fiber optic","Electronic check",Loyal,No
5204-QZXPU,Male,19,39.65,733.35,Month-to-month,DSL,"Electronic check",Loyal,Yes
1320-GVNHT,Male,72,108.40,7767.25,"Two year","Fiber optic","Credit card (automatic)",Loyal,No
3541-ZNUHK,Female,55,85.10,4600.95,Month-to-month,"Fiber optic","Electronic check",Loyal,No
8450-JOVAH,Male,2,56.70,113.55,Month-to-month,DSL,"Mailed check",New,Yes
8725-JEDFD,Male,27,69.05,1793.25,Month-to-month,"Fiber optic","Mailed check",Loyal,No
7562-UXTPG,Female,13,70.15,886.70,Month-to-month,"Fiber optic","Mailed check",Loyal,No
8071-SBTRN,Female,70,111.15,7737.55,"Two year","Fiber optic","Mailed check",Loyal,No
1113-IUJYX,Female,14,105.95,1348.90,"One year","Fiber optic","Mailed check",Loyal,Yes
6668-CNMFP,Female,19,89.35,1686.85,"One year","Fiber optic","Bank transfer (automatic)",Loyal,No
5626-MGTUK,Female,20,89.10,1879.25,Month-to-month,"Fiber optic","Bank transfer (automatic)",Loyal,No
5681-LLOEI,Male,43,91.25,4013.80,"One year","Fiber optic","Credit card (automatic)",Loyal,No
8212-DJRCH,Male,5,90.35,434.50,Month-to-month,"Fiber optic","Mailed check",New,No
4323-OHFOW,Female,70,105.55,7195.35,"One year","Fiber optic","Bank transfer (automatic)",Loyal,No
1116-DXXDF,Male,39,100.45,3801.70,"Two year","Fiber optic","Electronic check",Loyal,No
9274-CNFMO,Male,4,74.95,308.70,Month-to-month,"Fiber optic","Electronic check",New,Yes
7758-XKCBS,Male,15,29.70,438.25,Month-to-month,DSL,"Electronic check",Loyal,Yes
8992-JQYUN,Male,1,50.35,50.35,Month-to-month,DSL,"Electronic check",New,Yes
6563-VNPMN,Female,45,85.70,3778.10,Month-to-month,"Fiber optic","Bank transfer (automatic)",Loyal,No
0617-AQNWT,Female,64,47.85,3147.50,"Two year",DSL,"Electronic check",Loyal,Yes
2267-WTPYD,Female,57,94.00,5438.95,Month-to-month,"Fiber optic","Credit card (automatic)",Loyal,No
0270-THENM,Male,72,69.85,5102.35,"Two year",DSL,"Bank transfer (automatic)",Loyal,No
2446-PLQVO,Male,1,70.30,70.30,Month-to-month,"Fiber optic","Electronic check",New,Yes
2710-WYVXG,Female,3,71.10,213.35,"Two year",DSL,"Mailed check",New,No
3005-NFMTA,Male,55,98.80,5617.75,Month-to-month,"Fiber optic","Electronic check",Loyal,Yes
6300-BWMJX,Female,59,93.35,5386.50,Month-to-month,"Fiber optic","Electronic check",Loyal,No
8784-CGILN,Female,18,99.85,1776.95,Month-to-month,"Fiber optic","Bank transfer (automatic)",Loyal,Yes
5389-FFVKB,Male,32,80.30,2483.05,Month-to-month,"Fiber optic","Credit card (automatic)",Loyal,Yes
7009-LGECI,Female,4,50.55,235.65,Month-to-month,DSL,"Bank transfer (automatic)",New,No
8444-WRIDW,Female,66,80.45,5224.35,Month-to-month,"Fiber optic","Credit card (automatic)",Loyal,Yes
5022-KVDQT,Male,27,81.30,2272.80,Month-to-month,"Fiber optic","Electronic check",Loyal,No
1036-GUDCL,Male,60,79.05,4663.40,Month-to-month,DSL,"Credit card (automatic)",Loyal,No
9451-LPGOO,Male,7,86.80,620.35,Month-to-month,"Fiber optic","Electronic check",Mid,Yes
9129-UXERG,Female,18,103.60,1806.35,Month-to-month,"Fiber optic","Credit card (automatic)",Loyal,No
3635-JBPSG,Female,15,38.80,603.00,"Two year",DSL,"Mailed check",Loyal,No
7964-ZRKKG,Male,67,88.40,5798.30,"One year","Fiber optic","Bank transfer (automatic)",Loyal,No
5868-YWPDW,Male,6,84.20,519.15,Month-to-month,"Fiber optic","Electronic check",New,Yes
6229-LSCKB,Male,6,79.70,497.60,Month-to-month,"Fiber optic","Electronic check",New,No
2025-JKFWI,Male,13,99.00,1301.70,Month-to-month,"Fiber optic","Mailed check",Loyal,Yes
4078-SAYYN,Female,11,100.75,1129.75,Month-to-month,"Fiber optic","Electronic check",Mid,Yes
8217-QYOHV,Male,5,55.75,266.95,Month-to-month,DSL,"Mailed check",New,No
9940-HPQPG,Female,9,91.75,865.80,Month-to-month,"Fiber optic","Bank transfer (automatic)",Mid,Yes
6897-UUBNU,Male,29,89.65,2623.65,Month-to-month,"Fiber optic","Mailed check",Loyal,No
6127-IYJOZ,Male,1,45.85,45.85,Month-to-month,DSL,"Mailed check",New,No
6618-RYATB,Female,1,79.55,79.55,Month-to-month,"Fiber optic","Mailed check",New,Yes
8930-XOTDP,Female,18,55.95,1082.80,Month-to-month,DSL,"Mailed check",Loyal,No
5916-QEWPT,Female,2,69.00,147.80,Month-to-month,DSL,"Credit card (automatic)",New,No
5060-TQUQN,Male,30,83.55,2570.20,Month-to-month,"Fiber optic","Bank transfer (automatic)",Loyal,No
0531-XBKMM,Male,66,65.70,4378.90,"Two year",DSL,"Bank transfer (automatic)",Loyal,No
8465-SBRXP,Male,38,94.90,3616.25,"Two year","Fiber optic","Bank transfer (automatic)",Loyal,No
2408-PSJVE,Male,44,61.90,2924.05,Month-to-month,DSL,"Mailed check",Loyal,No
9079-YEXQJ,Female,54,111.10,6014.85,Month-to-month,"Fiber optic","Electronic check",Loyal,Yes
8738-JOKAR,Female,42,67.70,2882.25,"One year",DSL,"Mailed check",Loyal,No
1930-WNXSB,Male,58,92.85,5305.05,Month-to-month,"Fiber optic","Electronic check",Loyal,No
2685-SREOM,Female,25,89.10,2368.40,Month-to-month,"Fiber optic","Electronic check",Loyal,Yes
3508-CFVZL,Female,71,111.30,7985.90,"Two year","Fiber optic","Mailed check",Loyal,No
0402-CQAJN,Female,37,101.90,3545.35,Month-to-month,"Fiber optic","Bank transfer (automatic)",Loyal,Yes
6692-UDPJC,Female,14,91.65,1301.00,Month-to-month,"Fiber optic","Electronic check",Loyal,Yes
1273-MTETI,Female,4,88.85,372.45,Month-to-month,"Fiber optic","Electronic check",New,Yes
0657-DOGUM,Female,48,60.60,2985.25,"One year",DSL,"Bank transfer (automatic)",Loyal,No
5480-HPRRX,Female,3,25.30,77.75,Month-to-month,DSL,"Electronic check",New,Yes
8792-AOROI,Female,8,65.50,564.35,"Two year",DSL,"Mailed check",Mid,No
0295-PPHDO,Male,1,95.45,95.45,Month-to-month,"Fiber optic","Electronic check",New,Yes
1195-OIYEJ,Male,13,91.10,1135.70,Month-to-month,"Fiber optic","Electronic check",Loyal,Yes
5906-CVLHP,Female,45,54.15,2319.80,"One year",DSL,"Credit card (automatic)",Loyal,Yes
3452-SRFEG,Male,49,74.60,3720.35,Month-to-month,"Fiber optic","Bank transfer (automatic)",Loyal,No
4070-OKWVH,Female,52,94.60,5025.80,Month-to-month,"Fiber optic","Bank transfer (automatic)",Loyal,No
5297-MDOIR,Female,63,81.15,5224.50,"One year","Fiber optic","Credit card (automatic)",Loyal,No
6369-MCAKO,Female,68,89.05,6185.80,"Two year",DSL,"Bank transfer (automatic)",Loyal,No
4926-UMJZD,Female,31,49.20,1498.55,Month-to-month,DSL,"Mailed check",Loyal,No
6341-AEVKX,Female,62,104.30,6613.65,"One year","Fiber optic","Electronic check",Loyal,No
4501-EQDRN,Female,1,69.70,69.70,Month-to-month,"Fiber optic","Bank transfer (automatic)",New,Yes
2990-HWIML,Female,6,89.50,573.30,Month-to-month,"Fiber optic","Electronic check",New,Yes
0682-USIXD,Female,21,86.05,1818.90,Month-to-month,"Fiber optic","Electronic check",Loyal,No
7078-NVFAM,Female,32,35.15,1051.05,Month-to-month,DSL,"Electronic check",Loyal,No
8065-QBYTO,Female,71,99.65,7181.25,"One year","Fiber optic","Credit card (automatic)",Loyal,No
2133-TSRRM,Female,34,105.35,3688.60,Month-to-month,"Fiber optic","Bank transfer (automatic)",Loyal,No
7384-GHBPI,Male,3,35.15,99.75,Month-to-month,DSL,"Electronic check",New,Yes
7603-USHJS,Male,12,73.75,871.40,Month-to-month,"Fiber optic","Credit card (automatic)",Mid,Yes
7234-FECYN,Female,8,101.35,780.50,Month-to-month,"Fiber optic","Electronic check",Mid,Yes
3191-CSNMG,Female,3,80.70,239.45,Month-to-month,"Fiber optic","Electronic check",New,No
7952-OBOYL,Male,3,89.85,244.45,Month-to-month,"Fiber optic","Mailed check",New,No
7470-DYNOE,Male,53,61.10,3357.90,"One year",DSL,"Electronic check",Loyal,No
7853-OETYL,Female,4,29.05,129.60,Month-to-month,DSL,"Electronic check",New,No
1545-ACTAS,Female,48,99.70,4977.20,"One year","Fiber optic","Bank transfer (automatic)",Loyal,No
5876-HZVZM,Female,6,55.90,365.35,Month-to-month,DSL,"Credit card (automatic)",New,Yes
1400-MMYXY,Male,3,105.90,334.65,Month-to-month,"Fiber optic","Electronic check",New,Yes
5126-RCXYW,Male,54,46.00,2424.05,"Two year",DSL,"Credit card (automatic)",Loyal,No
3085-QUOZK,Female,1,43.95,43.95,Month-to-month,DSL,"Mailed check",New,Yes
2363-BJLSL,Male,62,80.40,4981.15,Month-to-month,DSL,"Bank transfer (automatic)",Loyal,No
1956-YIFGE,Male,22,100.05,2090.25,"One year","Fiber optic","Mailed check",Loyal,No
3926-CUQZX,Male,1,45.10,45.10,Month-to-month,DSL,"Bank transfer (automatic)",New,Yes
7921-LMDFQ,Male,51,94.00,4905.75,"One year","Fiber optic","Bank transfer (automatic)",Loyal,No
2925-MXLSX,Female,30,68.95,2038.70,"One year",DSL,"Credit card (automatic)",Loyal,No
5820-PTRYM,Female,56,68.45,4014.00,"One year",DSL,"Credit card (automatic)",Loyal,No
9609-BENEA,Male,35,69.00,2441.70,"One year",DSL,"Electronic check",Loyal,No
6211-WHMYA,Female,64,43.85,2751.00,Month-to-month,DSL,"Electronic check",Loyal,No
4459-BBGHE,Male,30,44.50,1307.80,Month-to-month,DSL,"Electronic check",Loyal,No
1041-RXHRA,Female,41,70.25,2868.05,Month-to-month,"Fiber optic","Bank transfer (automatic)",Loyal,Yes
1750-CSKKM,Male,9,55.35,449.75,Month-to-month,DSL,"Electronic check",Mid,Yes
9108-EJFJP,Female,1,53.55,53.55,Month-to-month,DSL,"Mailed check",New,No
0530-IJVDB,Male,70,114.60,7882.50,"Two year","Fiber optic","Electronic check",Loyal,No
2215-ZAFGX,Male,9,85.50,791.70,Month-to-month,"Fiber optic","Electronic check",Mid,No
8213-TAZPM,Female,69,108.75,7493.05,"One year","Fiber optic","Bank transfer (automatic)",Loyal,No
7142-HVGBG,Male,43,103.00,4414.30,Month-to-month,"Fiber optic","Electronic check",Loyal,Yes
1304-SEGFY,Female,72,97.85,6841.30,"Two year","Fiber optic","Electronic check",Loyal,No
2904-GGUAZ,Female,72,84.05,6052.25,"Two year","Fiber optic","Bank transfer (automatic)",Loyal,No
8267-ZNYVZ,Female,33,103.75,3361.05,"One year","Fiber optic","Electronic check",Loyal,Yes
5136-GFPMB,Male,54,89.40,4869.50,Month-to-month,"Fiber optic","Credit card (automatic)",Loyal,No
5243-SAOTC,Male,54,79.85,4308.25,Month-to-month,"Fiber optic","Bank transfer (automatic)",Loyal,No
9398-MMQTO,Male,3,74.45,221.10,Month-to-month,"Fiber optic","Credit card (automatic)",New,No
7619-PLRLP,Female,53,74.10,3833.95,"One year",DSL,"Bank transfer (automatic)",Loyal,No
6457-GIRWB,Male,1,69.35,69.35,Month-to-month,"Fiber optic","Electronic check",New,Yes
1450-SKCVI,Female,56,73.85,4092.85,Month-to-month,"Fiber optic","Electronic check",Loyal,Yes
4710-NKCAW,Male,5,64.40,316.90,Month-to-month,DSL,"Credit card (automatic)",New,No
5306-BVTKJ,Male,48,55.80,2651.20,"One year",DSL,"Credit card (automatic)",Loyal,No
5570-PTWEH,Female,3,75.15,216.75,Month-to-month,"Fiber optic","Credit card (automatic)",New,Yes
2371-KFUOG,Male,58,99.15,5720.95,"One year","Fiber optic","Bank transfer (automatic)",Loyal,No
0463-ZSDNT,Male,10,56.75,503.25,Month-to-month,DSL,"Bank transfer (automatic)",Mid,No
6502-MJQAE,Male,1,69.60,69.60,Month-to-month,"Fiber optic","Electronic check",New,Yes
6257-DTAYD,Male,71,104.15,7365.30,"Two year","Fiber optic","Credit card (automatic)",Loyal,No
4616-ULAOA,Female,65,110.80,7245.90,"Two year","Fiber optic","Credit card (automatic)",Loyal,No
7693-LCKZL,Male,5,80.15,385.00,Month-to-month,"Fiber optic","Electronic check",New,Yes
7746-AWNQW,Female,28,35.75,961.40,Month-to-month,DSL,"Mailed check",Loyal,No
5996-EBTKM,Female,67,69.90,4615.90,"Two year",DSL,"Bank transfer (automatic)",Loyal,No
2758-RNWXS,Male,35,89.20,3251.30,"One year","Fiber optic","Electronic check",Loyal,No
2314-TNDJQ,Female,72,55.65,3880.05,"Two year",DSL,"Credit card (automatic)",Loyal,No
2405-LBMUW,Female,61,50.70,3088.75,"One year",DSL,"Bank transfer (automatic)",Loyal,No
0032-PGELS,Female,1,30.50,30.50,Month-to-month,DSL,"Bank transfer (automatic)",New,Yes
6797-LNAQX,Male,70,98.30,6859.50,"Two year","Fiber optic","Bank transfer (automatic)",Loyal,Yes
9013-AQORL,Female,48,45.55,2108.35,Month-to-month,DSL,"Credit card (automatic)",Loyal,No
2898-MRKPI,Male,68,101.05,6770.50,"One year","Fiber optic","Credit card (automatic)",Loyal,No
2750-BJLSB,Female,47,103.70,4730.60,"One year","Fiber optic","Electronic check",Loyal,No
3648-GZPHF,Male,32,36.25,1151.05,"One year",DSL,"Mailed check",Loyal,No
2075-RMJIK,Female,5,49.40,232.55,Month-to-month,DSL,"Mailed check",New,No
6394-MFYNG,Female,48,107.40,5121.30,Month-to-month,"Fiber optic","Bank transfer (automatic)",Loyal,Yes
1564-NTYXF,Female,13,82.00,1127.20,Month-to-month,"Fiber optic","Electronic check",Loyal,Yes
5392-AKEMH,Female,12,45.05,523.10,Month-to-month,DSL,"Electronic check",Mid,No
2451-YMUXS,Male,67,64.55,4250.10,"Two year",DSL,"Bank transfer (automatic)",Loyal,No
3914-FDRHP,Male,9,86.25,770.50,Month-to-month,"Fiber optic","Electronic check",Mid,No
1024-KPRBB,Female,38,89.10,3342.00,"One year","Fiber optic","Mailed check",Loyal,No
4690-PKDQG,Female,42,95.55,3930.60,Month-to-month,"Fiber optic","Electronic check",Loyal,No
8155-IBNHG,Female,24,75.40,1747.85,Month-to-month,"Fiber optic","Credit card (automatic)",Loyal,Yes
0886-QGENL,Female,27,101.25,2754.45,Month-to-month,"Fiber optic","Electronic check",Loyal,Yes
9547-ITEFG,Male,9,102.60,897.75,Month-to-month,"Fiber optic","Credit card (automatic)",Mid,No
1264-FUHCX,Female,49,56.30,2780.60,"One year",DSL,"Credit card (automatic)",Loyal,No
7789-CRUVC,Female,61,94.20,5895.45,Month-to-month,"Fiber optic","Credit card (automatic)",Loyal,No
6598-KELSS,Male,50,43.05,2208.05,"One year",DSL,"Bank transfer (automatic)",Loyal,No
8739-WWKDU,Male,25,89.50,2196.15,Month-to-month,"Fiber optic","Electronic check",Loyal,Yes
8685-WHQPW,Female,22,74.40,1692.60,Month-to-month,"Fiber optic","Bank transfer (automatic)",Loyal,Yes
8083-YTZES,Male,4,74.35,265.35,Month-to-month,"Fiber optic","Electronic check",New,Yes
7240-FQLHE,Female,18,99.75,1836.25,Month-to-month,"Fiber optic","Bank transfer (automatic)",Loyal,Yes
6664-FPDAC,Female,56,111.95,6418.90,"One year","Fiber optic","Electronic check",Loyal,Yes
9972-VAFJJ,Female,53,94.00,4871.45,"One year","Fiber optic","Electronic check",Loyal,No
0422-UXFAP,Female,51,98.85,4947.55,"One year","Fiber optic","Electronic check",Loyal,No
1904-WAJAA,Female,24,64.35,1558.65,"Two year",DSL,"Electronic check",Loyal,No
5130-YPIRV,Female,62,72.00,4284.20,"Two year",DSL,"Credit card (automatic)",Loyal,No
2843-CQMEG,Male,24,49.70,1218.25,Month-to-month,DSL,"Mailed check",Loyal,No
6439-PKTRR,Female,70,80.70,5617.95,"Two year",DSL,"Electronic check",Loyal,No
5351-QESIO,Male,1,24.20,24.20,Month-to-month,DSL,"Mailed check",New,No
0786-VSSUD,Male,16,39.00,679.85,Month-to-month,DSL,"Mailed check",Loyal,Yes
5568-DMXZS,Female,8,65.45,554.45,Month-to-month,DSL,"Electronic check",Mid,No
8468-FZTOE,Female,72,74.35,5237.40,"Two year",DSL,"Electronic check",Loyal,No
6633-SYEUS,Female,23,83.20,2032.30,Month-to-month,"Fiber optic","Bank transfer (automatic)",Loyal,No
6447-GORXK,Male,31,25.00,789.20,Month-to-month,DSL,"Credit card (automatic)",Loyal,No
6967-PEJLL,Male,37,40.20,1525.35,"One year",DSL,"Electronic check",Loyal,No
3976-BWUCK,Female,30,94.10,2804.45,Month-to-month,"Fiber optic","Credit card (automatic)",Loyal,Yes
5981-ZVXOT,Female,35,108.35,3726.15,"One year","Fiber optic","Electronic check",Loyal,No
1684-FLBGS,Female,23,69.50,1652.10,Month-to-month,DSL,"Credit card (automatic)",Loyal,No
1389-WNUIB,Female,20,76.00,1588.75,"One year",DSL,"Bank transfer (automatic)",Loyal,No
0376-OIWME,Male,36,93.60,3366.05,Month-to-month,"Fiber optic","Electronic check",Loyal,No
3585-ISXZP,Female,8,95.65,778.10,Month-to-month,"Fiber optic","Bank transfer (automatic)",Mid,Yes
0218-QNVAS,Male,71,100.55,7113.75,"One year","Fiber optic","Bank transfer (automatic)",Loyal,No
6583-QGCSI,Female,50,88.05,4367.35,Month-to-month,"Fiber optic","Electronic check",Loyal,Yes
7164-BPTUT,Male,57,89.55,5012.35,"Two year",DSL,"Mailed check",Loyal,No
4174-LPGTI,Female,41,66.50,2728.60,"One year",DSL,"Bank transfer (automatic)",Loyal,Yes
2523-EWWZL,Female,27,76.10,2093.40,Month-to-month,"Fiber optic","Electronic check",Loyal,No
0928-XUTSN,Female,13,80.50,1011.80,Month-to-month,"Fiber optic","Electronic check",Loyal,No
2108-XWMPY,Male,3,35.45,106.85,Month-to-month,DSL,"Mailed check",New,Yes
6304-IJFSQ,Male,3,49.90,130.10,Month-to-month,DSL,"Mailed check",New,Yes
9586-JGQKH,Female,64,105.40,6794.75,"Two year","Fiber optic","Bank transfer (automatic)",Loyal,No
4501-VCPFK,Male,26,35.75,1022.50,Month-to-month,DSL,"Electronic check",Loyal,No
6075-SLNIL,Male,38,95.10,3691.20,Month-to-month,"Fiber optic","Credit card (automatic)",Loyal,No
0093-XWZFY,Male,40,104.50,4036.85,Month-to-month,"Fiber optic","Credit card (automatic)",Loyal,Yes
2274-XUATA,Male,72,63.10,4685.55,"Two year",DSL,"Bank transfer (automatic)",Loyal,No
1980-KXVPM,Female,3,75.05,256.25,Month-to-month,"Fiber optic","Credit card (automatic)",New,Yes
7703-ZEKEF,Male,23,81.00,1917.10,Month-to-month,"Fiber optic","Electronic check",Loyal,Yes
0723-DRCLG,Female,1,74.45,74.45,Month-to-month,"Fiber optic","Electronic check",New,Yes
5482-NUPNA,Female,4,60.40,272.15,Month-to-month,DSL,"Mailed check",New,Yes
6691-CCIHA,Female,62,84.95,5150.55,"Two year",DSL,"Electronic check",Loyal,No
1685-BQULA,Female,40,93.40,3756.40,Month-to-month,"Fiber optic","Bank transfer (automatic)",Loyal,No
9053-EJUNL,Male,41,89.20,3645.75,Month-to-month,"Fiber optic","Electronic check",Loyal,No
0666-UXTJO,Male,34,85.20,2874.45,Month-to-month,"Fiber optic","Credit card (automatic)",Loyal,No
1471-GIQKQ,Female,1,49.95,49.95,Month-to-month,DSL,"Electronic check",New,No
1122-JWTJW,Male,1,70.65,70.65,Month-to-month,"Fiber optic","Mailed check",New,Yes
1699-HPSBG,Male,12,59.80,727.80,"One year",DSL,"Electronic check",Mid,Yes
7203-OYKCT,Male,72,104.95,7544.30,"One year","Fiber optic","Electronic check",Loyal,No
1035-IPQPU,Female,63,103.50,6479.40,Month-to-month,"Fiber optic","Electronic check",Loyal,No
7398-LXGYX,Male,44,84.80,3626.35,Month-to-month,"Fiber optic","Credit card (automatic)",Loyal,No
2823-LKABH,Female,18,95.05,1679.40,Month-to-month,"Fiber optic","Bank transfer (automatic)",Loyal,No
8775-CEBBJ,Female,9,44.20,403.35,Month-to-month,DSL,"Bank transfer (automatic)",Mid,Yes
0550-DCXLH,Male,13,73.35,931.55,Month-to-month,DSL,"Mailed check",Loyal,No
9281-CEDRU,Female,68,64.10,4326.25,"Two year",DSL,"Bank transfer (automatic)",Loyal,No
2235-DWLJU,Female,6,44.40,263.05,Month-to-month,DSL,"Electronic check",New,No
3605-JISKB,Male,55,60.00,3316.10,"One year",DSL,"Credit card (automatic)",Loyal,No
6894-LFHLY,Male,1,75.75,75.75,Month-to-month,"Fiber optic","Electronic check",New,Yes
9767-FFLEM,Male,38,69.50,2625.25,Month-to-month,"Fiber optic","Credit card (automatic)",Loyal,No
0639-TSIQW,Female,67,102.95,6886.25,Month-to-month,"Fiber optic","Credit card (automatic)",Loyal,Yes
8456-QDAVC,Male,19,78.70,1495.10,Month-to-month,"Fiber optic","Bank transfer (automatic)",Loyal,No
7750-EYXWZ,Female,12,60.65,743.30,"One year",DSL,"Electronic check",Mid,No
6840-RESVB,Male,24,84.80,1990.50,"One year",DSL,"Mailed check",Loyal,No
2234-XADUH,Female,72,103.20,7362.90,"One year","Fiber optic","Credit card (automatic)",Loyal,No
4801-JZAZL,Female,11,29.60,346.45,Month-to-month,DSL,"Electronic check",Mid,No
8361-LTMKD,Male,4,74.40,306.60,Month-to-month,"Fiber optic","Mailed check",New,Yes
3186-AJIEK,Male,66,105.65,6844.50,"Two year","Fiber optic","Bank transfer (automatic)",Loyal,No
