,tenure,MonthlyCharges,TotalCharges,gender_Male,Contract_One year,Contract_Two year,InternetService_Fiber optic,PaymentMethod_Credit card (automatic),PaymentMethod_Electronic check,PaymentMethod_Mailed check,tenure_group_Mid,tenure_group_New,Churn_Yes
0,1,29.85,29.85,False,False,False,False,False,True,False,False,True,False
1,34,56.95,1889.5,True,True,False,False,False,False,True,False,False,False
2,2,53.85,108.15,True,False,False,False,False,False,True,False,True,True
3,45,42.3,1840.75,True,True,False,False,False,False,False,False,False,False
4,2,70.7,151.65,False,False,False,True,False,True,False,False,True,True
5,8,99.65,820.5,False,False,False,True,False,True,False,True,False,True
6,22,89.1,1949.4,True,False,False,True,True,False,False,False,False,False
7,10,29.75,301.9,False,False,False,False,False,False,True,True,False,False
8,28,104.8,3046.05,False,False,False,True,False,True,False,False,False,True
9,62,56.15,3487.95,True,True,False,False,False,False,False,False,False,False
10,13,49.95,587.45,True,False,False,False,False,False,True,False,False,False
11,58,100.35,5681.1,True,True,False,True,True,False,False,False,False,False
12,49,103.7,5036.3,True,False,False,True,False,False,False,False,False,True
13,25,105.5,2686.05,True,False,False,True,False,True,False,False,False,False
14,69,113.25,7895.15,False,False,True,True,True,False,False,False,False,False
15,71,106.7,7382.25,True,False,True,True,False,False,False,False,False,False
16,10,55.2,528.35,False,False,False,False,True,False,False,True,False,True
17,21,90.05,1862.9,False,False,False,True,False,True,False,False,False,False
18,1,39.65,39.65,True,False,False,False,False,True,False,False,True,True
19,58,59.9,3505.1,False,False,True,False,True,False,False,False,False,False
20,49,59.6,2970.3,True,False,False,False,True,False,False,False,False,False
21,30,55.3,1530.6,False,False,False,False,False,False,False,False,False,False
22,47,99.35,4749.15,True,False,False,True,False,True,False,False,False,True
23,1,30.2,30.2,True,False,False,False,False,True,False,False,True,True
24,72,90.25,6369.45,True,False,True,False,True,False,False,False,False,False
25,17,64.7,1093.1,False,False,False,False,False,False,True,False,False,True
26,71,96.35,6766.95,False,False,True,True,True,False,False,False,False,False
27,2,95.5,181.65,True,False,False,True,True,False,False,False,True,False
28,27,66.15,1874.45,False,True,False,False,False,False,True,False,False,False
29,1,45.25,45.25,True,False,False,False,False,False,False,False,True,False
30,72,99.9,7251.7,False,False,True,True,False,False,False,False,False,False
31,5,69.7,316.9,True,False,False,True,False,True,False,False,True,True
32,46,74.8,3548.3,False,False,False,True,True,False,False,False,False,False
33,34,106.35,3549.25,True,False,False,True,False,True,False,False,False,True
34,11,97.85,1105.4,False,False,False,True,False,False,False,True,False,True
35,10,49.55,475.7,True,True,False,False,False,False,True,True,False,False
36,70,69.2,4872.35,False,False,True,False,True,False,False,False,False,False
37,63,79.85,4861.45,False,False,True,False,True,False,False,False,False,False
38,13,76.2,981.45,False,False,False,False,False,True,False,False,False,False
39,49,84.5,3906.7,False,False,False,True,False,True,False,False,False,False
40,2,49.25,97.0,True,False,False,False,False,False,True,False,True,False
41,2,80.65,144.15,False,False,False,True,False,True,False,False,True,True
42,52,79.75,4217.8,True,False,True,False,True,False,False,False,False,False
43,69,64.15,4254.1,False,False,True,False,True,False,False,False,False,False
44,43,90.25,3838.75,False,False,False,True,False,True,False,False,False,False
45,15,99.1,1426.4,False,False,False,True,True,False,False,False,False,True
46,25,69.5,1752.65,False,False,False,False,True,False,False,False,False,False
47,8,80.65,633.3,False,False,False,True,True,False,False,True,False,True
48,60,74.85,4456.35,False,True,False,False,True,False,False,False,False,False
49,18,95.45,1752.55,True,False,False,True,False,True,False,False,False,True
50,63,99.65,6311.2,False,True,False,True,True,False,False,False,False,False
51,66,108.45,7076.35,True,True,False,True,False,True,False,False,False,False
52,72,107.5,7853.7,False,False,True,True,True,False,False,False,False,False
53,47,100.5,4707.1,False,False,False,True,False,True,False,False,False,False
54,60,89.9,5450.7,True,False,False,True,False,False,False,False,False,False
55,72,42.1,2962.0,True,False,True,False,False,False,False,False,False,False
56,18,54.4,957.1,False,True,False,False,True,False,False,False,False,False
57,9,94.4,857.25,False,False,False,True,False,True,False,True,False,True
58,3,75.3,244.1,False,False,False,False,False,True,False,False,True,False
59,47,78.9,3650.35,True,True,False,True,False,True,False,False,False,False
60,31,79.2,2497.2,False,False,True,False,False,False,True,False,False,False
61,10,79.85,887.35,True,False,False,True,False,False,True,True,False,False
62,1,49.05,49.05,True,False,False,False,False,False,True,False,True,False
63,64,111.6,7099.0,True,False,True,True,False,False,False,False,False,False
64,3,64.5,177.4,False,False,False,False,False,False,False,False,True,False
65,56,110.5,6139.5,False,True,False,True,False,True,False,False,False,False
66,46,55.65,2688.85,False,True,False,False,True,False,False,False,False,False
67,8,54.65,482.25,False,False,False,False,False,False,True,True,False,False
68,30,74.75,2111.3,True,False,False,False,False,True,False,False,False,False
69,1,79.35,79.35,False,False,False,True,False,True,False,False,True,True
70,11,50.55,565.35,False,False,False,False,False,True,False,True,False,False
71,7,75.15,496.9,False,False,False,True,False,False,False,True,False,True
72,42,103.8,4327.5,False,False,False,True,False,False,False,False,False,False
73,9,99.3,918.75,True,False,False,True,True,False,False,True,False,False
74,35,62.15,2215.45,False,True,False,False,False,False,False,False,False,False
75,29,33.75,1009.25,True,False,False,False,False,False,True,False,False,False
76,30,82.05,2570.2,True,False,False,True,False,False,False,False,False,False
77,1,74.7,74.7,True,False,False,True,False,True,False,False,True,False
78,66,84.0,5714.25,True,False,True,False,False,False,True,False,False,False
79,65,111.05,7107.0,False,False,False,True,True,False,False,False,False,False
80,72,100.9,7459.05,True,False,True,True,False,False,False,False,False,False
81,12,78.95,927.35,False,False,False,True,False,True,False,True,False,True
82,71,66.85,4748.7,True,True,False,False,True,False,False,False,False,False
83,25,98.5,2514.5,False,False,False,True,False,True,False,False,False,True
84,38,95.0,3605.6,True,True,False,True,False,False,False,False,False,False
85,66,45.55,3027.25,False,True,False,False,False,False,False,False,False,False
86,68,110.0,7611.85,True,False,True,True,False,False,False,False,False,True
87,5,24.3,100.2,True,False,False,False,False,False,True,False,True,False
88,72,104.15,7303.05,False,True,False,True,False,True,False,False,False,False
89,32,30.15,927.65,False,True,False,False,False,False,True,False,False,False
90,43,94.35,3921.3,True,True,False,True,False,False,True,False,False,False
91,55,96.75,5238.9,True,False,False,True,False,True,False,False,False,True
92,52,57.95,3042.25,False,True,False,False,True,False,False,False,False,False
93,43,91.65,3954.1,False,False,False,True,False,True,False,False,False,False
94,37,76.5,2868.15,False,False,False,True,False,True,False,False,False,True
95,64,54.6,3423.5,False,False,True,False,False,True,False,False,False,False
96,3,89.85,248.4,True,False,False,True,False,True,False,False,True,False
97,36,31.05,1126.35,False,False,True,False,False,False,False,False,False,False
98,10,100.25,1064.65,False,False,False,True,False,True,False,True,False,True
99,27,85.2,2151.6,True,False,False,True,True,False,False,False,False,False
100,56,99.8,5515.45,False,True,False,True,True,False,False,False,False,False
101,3,74.4,229.55,True,False,False,True,False,True,False,False,True,True
102,7,50.7,350.35,False,False,False,False,False,False,True,True,False,False
103,33,88.95,3027.65,True,False,True,True,False,True,False,False,False,False
104,27,78.05,2135.5,False,False,False,True,False,True,False,False,False,True
105,71,56.45,3985.35,True,True,False,False,False,True,False,False,False,False
106,13,85.95,1215.65,False,False,False,True,False,True,False,False,False,False
107,25,58.6,1502.65,False,False,False,False,True,False,False,False,False,True
108,67,50.55,3260.1,True,False,True,False,False,False,False,False,False,False
109,1,35.45,35.45,True,False,False,False,False,True,False,False,True,True
110,2,44.35,81.25,True,False,False,False,False,True,False,False,True,True
111,23,75.0,1778.5,False,False,False,True,False,False,False,False,False,False
112,1,70.45,70.45,False,False,False,True,False,False,True,False,True,True
113,72,88.05,6425.65,False,False,True,False,True,False,False,False,False,False
114,8,71.15,563.65,False,False,False,False,False,True,False,True,False,True
115,61,101.05,5971.25,False,False,True,True,False,False,False,False,False,False
116,64,84.3,5289.05,True,True,False,True,True,False,False,False,False,False
117,65,99.05,6416.7,False,False,True,True,True,False,False,False,False,False
118,1,45.65,45.65,True,False,False,False,False,True,False,False,True,True
119,30,64.5,1929.95,True,True,False,False,True,False,False,False,False,False
120,15,69.5,1071.4,True,False,False,False,False,False,True,False,False,False
121,8,68.55,564.35,False,False,False,False,False,True,False,True,False,False
122,7,95.0,655.5,True,False,False,True,False,False,True,True,False,True
123,70,108.15,7930.55,False,True,False,True,True,False,False,False,False,False
124,62,86.1,5215.25,True,False,True,False,False,True,False,False,False,False
125,14,80.9,1152.8,False,False,False,True,False,False,False,False,False,False
126,22,84.15,1821.95,False,False,False,True,False,False,False,False,False,False
127,16,64.25,1024.0,True,False,True,False,False,False,True,False,False,False
128,13,56.0,764.55,False,False,False,False,False,True,False,False,False,False
129,20,82.4,1592.35,False,False,False,True,False,True,False,False,False,True
130,2,69.7,135.2,False,False,False,True,False,True,False,False,True,False
131,53,73.9,3958.25,True,False,True,False,False,False,False,False,False,False
132,4,70.9,273.0,False,False,False,True,False,False,False,False,True,True
133,72,89.05,6254.45,True,False,True,False,False,False,False,False,False,False
134,58,45.3,2651.2,True,False,False,False,False,True,False,False,False,True
135,43,84.25,3539.25,True,True,False,True,False,False,False,False,False,False
136,2,104.4,242.8,False,False,False,True,False,True,False,False,True,True
137,14,81.95,1181.75,True,False,True,False,False,False,True,False,False,False
138,53,94.85,5000.2,False,True,False,True,False,False,False,False,False,True
139,15,74.45,1145.7,False,False,False,True,False,False,True,False,False,True
140,7,76.45,503.6,False,False,False,True,False,False,False,True,False,True
141,15,105.35,1559.25,False,False,False,True,False,False,False,False,False,False
142,1,29.95,29.95,False,False,False,False,False,False,False,False,True,True
143,1,45.3,45.3,False,False,False,False,False,False,True,False,True,False
144,8,84.5,662.65,True,False,False,True,False,False,False,True,False,True
145,33,74.75,2453.3,True,True,False,False,True,False,False,False,False,False
146,13,79.25,1111.65,False,False,False,True,False,True,False,False,False,True
147,1,24.8,24.8,False,False,False,False,False,True,False,False,True,True
148,20,51.8,1023.85,True,False,False,False,False,False,True,False,False,False
149,3,30.4,82.15,True,False,False,False,False,True,False,False,True,False
150,40,56.6,2379.1,False,False,False,False,True,False,False,False,False,False
151,43,71.9,3173.35,True,True,False,False,True,False,False,False,False,False
152,6,91.0,531.0,True,False,False,True,False,True,False,False,True,True
153,72,109.7,8129.3,False,False,True,True,True,False,False,False,False,False
154,20,96.55,1901.65,False,False,False,True,False,True,False,False,False,False
155,59,111.35,6519.75,True,False,False,True,False,True,False,False,False,False
156,72,112.25,8041.65,True,False,True,True,False,False,False,False,False,False
157,27,101.9,2681.15,False,True,False,True,True,False,False,False,False,False
158,14,80.05,1112.3,False,False,False,True,True,False,False,False,False,False
159,71,105.55,7405.5,True,False,True,True,False,True,False,False,False,False
160,13,78.3,1033.95,True,False,False,True,True,False,False,False,False,False
161,44,68.85,2958.95,True,False,False,True,True,False,False,False,False,False
162,33,79.95,2684.85,False,True,False,True,False,False,False,False,False,False
163,72,55.45,4179.2,True,False,True,False,True,False,False,False,False,False
164,1,79.9,79.9,True,False,False,True,False,True,False,False,True,True
165,19,106.6,1934.45,False,False,False,True,False,True,False,False,False,True
166,64,102.45,6654.1,True,True,False,True,True,False,False,False,False,False
167,2,46.0,84.5,True,False,False,False,True,False,False,False,True,True
168,1,25.25,25.25,False,False,False,False,False,True,False,False,True,False
169,23,86.8,1975.85,True,False,False,True,False,True,False,False,False,False
170,57,58.75,3437.45,False,False,False,False,False,False,False,False,False,False
171,72,45.25,3139.8,True,False,True,False,True,False,False,False,False,False
172,66,56.6,3789.2,True,False,True,False,False,False,False,False,False,False
173,65,84.2,5324.5,True,False,True,False,False,False,False,False,False,False
174,8,80.0,624.6,False,False,False,True,False,False,False,True,False,False
175,4,70.15,268.35,False,False,False,True,False,True,False,False,True,True
176,4,50.05,179.35,True,False,False,False,False,False,True,False,True,True
177,24,50.6,1288.75,True,True,False,False,False,False,True,False,False,False
178,31,81.15,2545.75,False,True,False,False,False,False,True,False,False,False
179,1,55.2,55.2,False,False,False,False,False,False,True,False,True,True
180,30,89.9,2723.15,True,False,False,True,True,False,False,False,False,False
181,47,85.3,4107.25,False,False,True,False,True,False,False,False,False,False
182,54,108.0,5760.65,True,False,True,True,True,False,False,False,False,False
183,50,93.5,4747.5,True,False,False,True,True,False,False,False,False,False
184,1,84.6,84.6,True,False,False,True,False,False,True,False,True,True
185,2,54.4,114.1,True,False,False,False,False,False,True,False,True,True
186,10,29.6,299.05,False,False,True,False,False,False,True,True,False,False
187,18,73.15,1305.95,True,False,False,True,False,True,False,False,False,False
188,11,95.0,1120.3,False,False,False,True,False,True,False,True,False,True
189,72,86.6,6350.5,False,False,True,False,False,False,False,False,False,False
190,72,109.2,7878.3,True,False,True,True,False,False,False,False,False,False
191,41,74.7,3187.65,False,True,False,False,True,False,False,False,False,False
192,65,94.4,6126.15,False,False,False,True,False,True,False,False,False,False
193,13,54.8,731.3,False,False,False,False,False,True,False,False,False,False
194,4,75.35,273.4,True,False,False,True,False,True,False,False,True,False
195,41,65.0,2531.8,True,True,False,False,False,False,True,False,False,False
196,15,74.4,1074.3,True,False,False,True,False,True,False,False,False,True
197,1,48.55,48.55,True,False,False,False,False,False,True,False,True,True
198,42,99.0,4298.45,True,True,False,True,False,True,False,False,False,False
199,51,93.5,4619.55,False,True,False,True,False,True,False,False,False,False
200,2,70.4,147.15,False,False,False,True,False,True,False,False,True,True
201,1,40.2,40.2,True,False,False,False,False,True,False,False,True,True
202,32,83.7,2633.3,True,True,False,False,True,False,False,False,False,False
203,67,59.55,4103.9,False,False,True,False,False,True,False,False,False,False
204,61,115.1,7008.15,False,False,True,True,True,False,False,False,False,False
205,50,114.35,5791.1,True,True,False,True,True,False,False,False,False,False
206,2,44.6,80.55,False,False,False,False,True,False,False,False,True,True
207,29,45.0,1228.65,False,False,False,False,False,True,False,False,False,False
208,3,41.15,132.2,True,False,False,False,False,True,False,False,True,True
209,13,106.9,1364.3,True,False,False,True,False,True,False,False,False,True
210,57,89.85,4925.35,True,False,False,True,False,True,False,False,False,False
211,31,49.85,1520.1,False,False,True,False,False,False,False,False,False,False
212,45,113.3,5032.25,False,True,False,True,False,False,True,False,False,False
213,61,88.1,5526.75,False,False,True,False,False,False,True,False,False,False
214,19,105.0,2007.25,False,False,False,True,False,False,True,False,False,False
215,16,94.45,1511.2,False,False,False,True,False,True,False,False,False,True
216,57,59.75,3450.15,True,False,True,False,False,True,False,False,False,False
217,1,24.8,24.8,True,False,False,False,False,False,False,False,True,True
218,20,107.05,2172.05,True,False,False,True,False,True,False,False,False,False
219,1,70.6,70.6,True,False,False,True,False,False,True,False,True,True
220,5,85.4,401.1,True,False,False,True,False,True,False,False,True,True
221,52,105.05,5624.85,False,False,False,True,False,True,False,False,False,True
222,21,64.95,1339.8,True,False,False,False,False,False,False,False,False,False
223,14,55.0,771.95,True,False,False,False,False,True,False,False,False,False
224,5,50.55,244.75,False,False,False,False,False,False,False,False,True,False
225,6,55.15,322.9,False,False,False,False,False,False,True,False,True,False
226,10,51.2,498.25,False,False,False,False,False,True,False,True,False,False
227,68,54.45,3687.75,False,False,False,False,False,False,True,False,False,False
228,18,95.15,1779.95,True,False,False,True,False,False,True,False,False,True
229,22,76.0,1783.6,False,True,False,True,True,False,False,False,False,False
230,20,44.35,927.15,False,False,False,False,False,True,False,False,False,False
231,1,70.0,70.0,True,False,False,True,False,True,False,False,True,True
232,8,74.5,606.55,True,False,False,True,False,True,False,True,False,True
233,10,44.85,435.4,True,False,False,False,True,False,False,True,False,True
234,24,76.1,1712.7,True,False,False,True,False,True,False,False,False,True
235,35,61.2,2021.2,True,True,False,False,False,False,True,False,False,False
236,23,86.8,1940.8,True,True,False,True,False,False,True,False,False,False
237,6,89.35,567.8,False,False,False,True,False,True,False,False,True,False
238,71,76.05,5436.45,False,False,True,True,False,True,False,False,False,False
239,35,100.8,3437.5,True,False,False,True,False,True,False,False,False,False
240,40,74.55,3015.75,True,False,False,False,False,True,False,False,False,False
241,1,73.6,73.6,False,False,False,True,False,False,True,False,True,True
242,23,64.9,1509.8,True,True,False,False,False,False,False,False,False,False
243,4,95.45,396.1,False,False,False,True,False,True,False,False,True,True
244,4,90.4,356.65,True,False,False,True,False,True,False,False,True,False
245,68,60.3,4109.0,False,False,True,False,True,False,False,False,False,False
246,38,81.85,3141.7,True,False,False,True,False,False,True,False,False,False
247,32,74.9,2303.35,True,False,False,True,False,True,False,False,False,True
248,29,75.55,2054.4,True,False,True,False,False,False,True,False,False,False
249,38,101.15,3741.85,True,False,False,True,False,True,False,False,False,False
250,48,78.75,3682.45,True,True,False,False,True,False,False,False,False,False
251,22,89.05,1886.25,False,False,False,True,False,True,False,False,False,False
252,43,115.05,4895.1,False,False,True,True,True,False,False,False,False,False
253,5,69.35,341.6,False,False,False,True,False,True,False,False,True,False
254,5,80.6,415.55,True,False,False,True,False,True,False,False,True,True
255,51,110.05,5686.4,True,True,False,True,True,False,False,False,False,False
256,38,80.3,3058.65,False,True,False,False,True,False,False,False,False,True
257,24,93.15,2231.05,True,False,False,True,False,True,False,False,False,True
258,35,91.5,3236.35,True,False,False,True,True,False,False,False,False,False
259,54,82.45,4350.1,False,True,False,False,False,False,False,False,False,True
260,72,60.0,4264.0,False,False,True,False,False,True,False,False,False,False
261,1,44.8,44.8,True,False,False,False,False,True,False,False,True,False
262,9,48.6,422.3,False,True,False,False,False,False,True,True,False,False
263,69,60.05,4176.7,True,False,True,False,False,False,False,False,False,False
264,52,102.7,5138.1,False,False,False,True,True,False,False,False,False,False
265,11,82.9,880.05,False,False,False,True,False,True,False,True,False,False
266,2,70.35,139.05,False,False,False,True,False,True,False,False,True,True
267,28,35.9,973.65,False,False,False,False,False,True,False,False,False,False
268,17,82.65,1470.05,False,False,False,True,True,False,False,False,False,False
269,46,94.9,4422.95,True,True,False,True,True,False,False,False,False,False
270,7,73.85,511.25,False,False,False,True,False,True,False,True,False,True
271,2,80.6,155.8,False,False,False,True,False,False,True,False,True,True
272,68,75.8,5293.95,True,True,False,False,False,False,False,False,False,True
273,43,104.6,4759.85,False,False,True,True,False,True,False,False,False,True
274,68,88.15,6148.45,False,False,True,False,False,True,False,False,False,False
275,36,94.8,3565.65,False,False,False,True,True,False,False,False,False,False
276,63,103.4,6603.0,True,False,False,True,False,True,False,False,False,True
277,32,54.65,1830.1,False,False,False,False,False,False,False,False,False,False
278,71,85.75,6223.8,False,False,True,False,True,False,False,False,False,False
279,66,67.45,4508.65,False,False,False,False,False,False,False,False,False,False
280,1,72.1,72.1,False,False,False,True,False,True,False,False,True,False
281,2,90.4,168.2,False,False,False,True,False,True,False,False,True,True
282,23,44.95,996.85,False,False,False,False,False,True,False,False,False,False
283,64,97.0,6430.9,False,True,False,True,False,False,False,False,False,False
284,37,62.8,2278.75,True,False,True,False,True,False,False,False,False,False
285,17,44.6,681.4,True,True,False,False,False,False,True,False,False,False
286,7,89.15,574.35,False,False,False,True,False,True,False,True,False,False
287,4,84.8,371.9,True,False,False,True,False,False,False,False,True,True
288,21,41.9,840.1,False,False,False,False,False,True,False,False,False,True
289,10,80.25,846.0,False,False,False,True,False,False,False,True,False,True
290,16,54.1,889.0,False,False,False,False,False,True,False,False,False,False
291,64,105.25,6823.4,True,False,True,True,False,True,False,False,False,False
292,27,30.75,805.1,True,False,False,False,True,False,False,False,False,True
293,42,97.1,4016.75,True,True,False,True,False,True,False,False,False,False
294,41,98.8,3959.15,False,False,True,True,False,False,False,False,False,False
295,58,50.3,2878.55,True,True,False,False,True,False,False,False,False,False
296,18,75.9,1373.05,True,False,False,True,False,False,False,False,False,False
297,5,96.5,492.55,True,False,False,True,False,False,False,False,True,True
298,23,59.95,1406.0,True,False,False,False,False,False,False,False,False,False
299,71,98.65,6962.85,True,True,False,True,True,False,False,False,False,False
300,72,112.6,8126.65,True,False,True,True,True,False,False,False,False,False
301,2,85.65,181.5,True,False,False,True,False,True,False,False,True,True
302,24,35.75,830.8,True,False,True,False,False,False,True,False,False,False
303,56,99.75,5608.4,False,True,False,True,True,False,False,False,False,False
304,37,96.1,3646.8,True,False,False,True,True,False,False,False,False,False
305,43,85.1,3662.25,False,True,False,False,True,False,False,False,False,False
306,1,25.35,25.35,True,False,False,False,False,False,True,False,True,False
307,25,104.95,2566.5,False,False,False,True,False,False,False,False,False,True
308,61,89.65,5308.7,False,False,True,False,False,True,False,False,False,False
309,17,86.75,1410.25,True,True,False,True,False,True,False,False,False,False
310,41,86.2,3339.05,False,True,False,True,False,False,False,False,False,False
311,1,50.65,50.65,True,False,False,False,False,False,True,False,True,True
312,72,64.8,4732.35,True,False,True,False,False,False,False,False,False,False
313,1,90.85,90.85,True,False,False,True,True,False,False,False,True,True
314,48,108.1,5067.45,True,False,True,True,False,False,False,False,False,False
315,55,85.45,4874.7,False,False,False,True,False,True,False,False,False,True
316,42,54.75,2348.45,False,True,False,False,False,True,False,False,False,False
317,44,90.4,4063.0,True,False,False,True,False,False,True,False,False,False
318,1,44.0,44.0,True,False,False,False,False,True,False,False,True,False
319,27,95.6,2595.25,False,False,False,True,False,False,False,False,False,False
320,27,84.8,2309.55,True,False,False,False,False,False,False,False,False,False
321,2,44.3,89.3,False,False,False,False,False,True,False,False,True,False
322,42,95.05,3944.5,False,False,False,True,False,True,False,False,False,False
323,66,90.05,5965.95,False,False,True,False,True,False,False,False,False,False
324,33,109.9,3694.7,True,False,False,True,False,False,False,False,False,False
325,34,73.95,2524.45,False,False,False,True,True,False,False,False,False,True
326,33,54.6,1803.7,True,False,False,False,False,True,False,False,False,False
327,69,99.45,7007.6,True,False,False,True,True,False,False,False,False,True
328,68,55.9,3848.8,False,True,False,False,False,False,False,False,False,False
329,60,95.4,5812.0,True,True,False,True,False,False,False,False,False,False
330,32,93.95,2861.45,True,False,False,True,False,False,True,False,False,False
331,3,81.35,233.7,True,False,False,True,False,True,False,False,True,True
332,29,74.95,2149.05,False,False,False,True,False,True,False,False,False,False
333,51,87.35,4473.0,True,False,False,True,False,True,False,False,False,False
334,48,70.65,3545.05,False,False,False,True,False,False,False,False,False,False
335,16,73.25,1195.75,False,False,False,True,False,False,False,False,False,False
336,70,98.7,6858.9,True,False,True,True,False,False,False,False,False,False
337,22,83.3,1845.9,False,False,False,True,False,True,False,False,False,True
338,1,75.3,75.3,False,False,False,True,False,False,False,False,True,True
339,7,69.85,515.45,False,False,False,True,False,False,False,True,False,False
340,29,100.55,2830.45,True,True,False,True,True,False,False,False,False,False
341,10,40.7,449.3,False,False,False,False,False,False,False,True,False,False
342,55,51.65,2838.55,False,False,False,False,False,False,False,False,False,False
343,52,105.1,5376.4,True,True,False,True,False,False,False,False,False,False
344,10,85.95,858.6,False,False,False,True,False,True,False,True,False,False
345,18,75.6,1395.05,True,False,False,True,False,False,False,False,False,False
346,68,58.25,3975.7,False,True,False,False,False,False,False,False,False,False
347,72,65.2,4784.45,False,False,True,False,True,False,False,False,False,False
348,2,53.45,119.5,True,False,False,False,False,True,False,False,True,False
349,12,45.4,518.9,True,False,False,False,False,False,False,True,False,True
350,26,44.45,1183.8,False,False,False,False,True,False,False,False,False,False
351,72,114.05,8468.2,True,False,True,True,True,False,False,False,False,False
352,35,89.85,3161.2,True,False,False,True,False,False,False,False,False,False
353,1,55.05,55.05,True,False,False,False,False,False,True,False,True,False
354,16,112.95,1882.55,False,False,False,True,False,True,False,False,False,False
355,49,101.55,5070.4,False,False,False,True,True,False,False,False,False,False
356,54,114.65,6049.5,False,True,False,True,False,False,True,False,False,False
357,18,64.8,1166.7,False,False,False,False,False,True,False,False,False,False
358,36,80.4,2937.65,False,False,False,True,False,True,False,False,False,False
359,60,105.9,6396.45,False,False,False,True,False,True,False,False,False,True
360,1,69.55,69.55,False,False,False,True,False,False,True,False,True,True
361,8,94.75,759.55,True,False,False,True,False,True,False,True,False,False
362,72,105.5,7611.55,True,False,True,True,False,False,False,False,False,False
363,22,69.75,1545.4,False,False,False,False,False,False,True,False,False,False
364,60,60.2,3582.4,True,False,False,False,False,False,False,False,False,False
365,28,81.05,2227.1,False,False,False,True,False,True,False,False,False,True
366,24,104.15,2494.65,False,False,False,True,False,True,False,False,False,False
367,28,92.9,2768.35,True,True,False,True,False,False,False,False,False,False
368,30,80.8,2369.3,False,False,True,False,False,False,False,False,False,False
369,1,75.1,75.1,True,False,False,True,False,True,False,False,True,False
370,24,69.45,1614.05,False,False,False,False,False,False,False,False,False,False
371,4,101.15,385.9,True,False,False,True,False,True,False,False,True,True
372,7,99.8,673.25,True,False,False,True,False,True,False,True,False,True
373,72,116.05,8404.9,True,False,True,True,False,False,False,False,False,False
374,70,40.05,2799.75,True,False,True,False,False,False,True,False,False,False
375,64,102.1,6538.45,True,False,True,True,False,True,False,False,False,False
376,72,89.7,6588.95,True,True,False,True,False,True,False,False,False,False
377,13,55.95,734.35,False,False,False,False,False,True,False,False,False,True
378,1,55.0,55.0,True,False,False,False,False,True,False,False,True,True
379,9,70.05,564.4,True,False,False,False,False,False,True,True,False,False
380,24,53.6,1315.35,True,False,False,False,False,False,True,False,False,False
381,1,74.7,74.7,False,False,False,True,False,True,False,False,True,True
382,24,80.25,1861.5,True,False,False,True,False,True,False,False,False,True
383,35,76.05,2747.2,True,False,False,False,False,True,False,False,False,False
384,7,75.7,554.05,False,False,False,False,False,True,False,True,False,False
385,5,96.1,453.4,True,False,False,True,False,True,False,False,True,True
386,15,69.0,994.8,False,False,False,True,False,False,False,False,False,True
387,48,45.3,2145.0,False,False,False,False,False,False,False,False,False,True
388,20,81.45,1671.6,False,False,False,True,False,True,False,False,False,False
389,72,108.5,8003.8,False,True,False,True,False,False,False,False,False,False
390,8,83.55,680.05,False,False,False,True,False,True,False,True,False,True
391,72,84.5,6130.85,True,False,True,True,True,False,False,False,False,False
392,15,100.15,1415.0,False,False,False,True,False,True,False,False,False,False
393,72,88.6,6201.95,True,False,True,False,False,False,False,False,False,False
394,1,74.35,74.35,True,False,False,True,False,True,False,False,True,True
395,63,104.8,6597.25,True,False,True,True,False,False,False,False,False,False
396,2,59.0,114.15,False,False,False,False,False,True,False,False,True,False
397,2,74.4,139.4,False,False,False,True,False,True,False,False,True,True
398,61,64.05,3902.6,True,True,False,False,False,False,False,False,False,False
399,22,43.75,903.6,True,True,False,False,False,False,False,False,False,True
400,28,60.9,1785.65,True,False,False,False,False,False,True,False,False,False
401,5,28.45,131.05,False,False,False,False,False,True,False,False,True,True
402,12,99.7,1238.45,False,False,False,True,False,False,False,True,False,True
403,34,116.25,3899.05,True,True,False,True,True,False,False,False,False,False
404,71,80.7,5676.0,False,False,True,True,True,False,False,False,False,False
405,70,65.2,4543.15,False,True,False,False,False,False,False,False,False,False
406,52,84.05,4326.8,False,False,False,True,False,False,False,False,False,False
407,69,79.45,5502.55,True,False,True,False,True,False,False,False,False,False
408,20,94.1,1782.4,False,False,False,True,False,True,False,False,False,True
409,11,78.0,851.8,True,False,False,True,False,False,True,True,False,False
410,2,94.2,167.5,True,False,False,True,False,True,False,False,True,True
411,6,80.5,502.85,False,False,False,True,False,True,False,False,True,True
412,20,94.3,1818.3,True,True,False,True,True,False,False,False,False,False
413,61,106.45,6300.15,True,False,False,True,False,True,False,False,False,False
414,5,74.35,334.8,False,False,False,True,False,True,False,False,True,True
415,56,105.45,5916.95,False,False,False,True,False,False,False,False,False,False
416,30,95.0,2852.4,True,False,False,True,True,False,False,False,False,False
417,40,104.8,4131.95,True,False,False,True,False,False,False,False,False,True
418,28,54.3,1546.3,False,True,False,False,False,False,True,False,False,False
419,5,70.05,302.6,False,False,False,True,False,True,False,False,True,False
420,27,75.2,1929.35,False,False,False,True,False,False,False,False,False,True
421,67,105.4,6989.45,True,True,False,True,False,True,False,False,False,False
422,29,51.6,1442.0,True,False,False,False,False,True,False,False,False,False
423,55,85.5,4713.4,True,False,False,True,False,False,False,False,False,False
424,23,75.6,1758.6,False,False,False,True,False,False,False,False,False,True
425,34,100.05,3480.0,True,False,False,True,False,True,False,False,False,True
426,52,91.25,4738.3,True,True,False,True,False,True,False,False,False,False
427,72,115.75,8399.15,True,False,True,True,True,False,False,False,False,False
428,58,94.7,5430.35,True,True,False,True,True,False,False,False,False,False
429,56,99.9,5706.3,False,False,True,True,False,False,False,False,False,False
430,2,79.95,174.45,True,False,False,True,False,True,False,False,True,False
431,68,107.15,7379.8,True,True,False,True,True,False,False,False,False,False
432,1,85.0,85.0,False,False,False,True,False,True,False,False,True,True
433,12,89.55,1021.75,True,False,False,True,False,True,False,True,False,False
434,63,81.55,5029.05,False,False,False,True,False,False,False,False,False,False
435,33,58.45,1955.4,False,True,False,False,False,False,True,False,False,False
436,69,95.65,6744.2,False,True,False,True,True,False,False,False,False,False
437,60,80.6,4946.7,False,False,True,False,False,False,False,False,False,False
438,72,113.1,8248.5,False,False,True,True,False,False,False,False,False,False
439,11,58.95,601.6,False,False,False,False,False,False,True,True,False,False
440,10,86.05,834.1,True,False,False,True,False,False,False,True,False,True
441,13,45.55,597.0,True,False,False,False,True,False,False,False,False,True
442,34,78.95,2647.2,True,True,False,True,False,False,False,False,False,False
443,39,86.3,3266.0,True,False,False,True,False,False,True,False,False,True
444,65,105.05,6744.25,False,True,False,True,False,False,False,False,False,False
445,50,101.9,5265.5,True,True,False,True,False,False,False,False,False,False
446,72,110.3,7966.9,True,False,True,True,False,False,False,False,False,False
447,72,115.6,8220.4,False,False,True,True,False,False,False,False,False,False
448,32,80.35,2596.15,True,False,False,True,False,False,False,False,False,True
449,56,68.75,3808.0,False,True,False,False,False,False,False,False,False,False
450,38,70.6,2708.2,True,True,False,False,False,False,True,False,False,False
451,11,70.2,760.05,True,False,False,True,False,True,False,True,False,False
452,1,49.3,49.3,True,False,False,False,False,True,False,False,True,False
453,56,107.25,6033.3,True,True,False,True,False,True,False,False,False,False
454,7,69.7,516.15,True,False,False,False,True,False,False,True,False,False
455,59,99.5,5861.75,True,False,True,True,True,False,False,False,False,False
456,7,64.3,445.95,True,False,False,False,False,False,False,True,False,False
457,71,70.85,4973.4,True,False,True,False,True,False,False,False,False,False
458,15,101.9,1667.25,True,True,False,True,False,True,False,False,False,False
459,71,73.5,5357.75,True,False,True,False,True,False,False,False,False,False
460,35,100.25,3527.6,False,False,False,True,False,True,False,False,False,True
461,11,40.4,422.6,False,True,False,False,True,False,False,True,False,False
462,47,59.6,2754.0,True,False,True,False,False,False,False,False,False,False
463,11,64.9,697.25,False,True,False,False,True,False,False,True,False,False
464,56,100.3,5614.45,True,True,False,True,True,False,False,False,False,True
465,28,110.85,3204.4,False,False,False,True,False,True,False,False,False,False
466,61,81.05,4747.65,True,False,True,False,False,False,True,False,False,False
467,31,98.05,3082.1,True,True,False,True,False,False,False,False,False,False
468,9,70.5,597.9,True,False,False,True,False,True,False,True,False,False
469,35,94.55,3365.4,True,False,False,True,False,True,False,False,False,False
470,1,75.3,75.3,False,False,False,True,False,False,True,False,True,True
471,4,89.2,346.2,False,False,False,True,False,True,False,False,True,True
472,1,85.7,85.7,False,False,False,True,False,True,False,False,True,True
473,52,63.25,3342.45,True,False,True,False,True,False,False,False,False,False
474,72,99.15,7422.1,True,False,True,True,False,True,False,False,False,False
475,71,90.4,6668.05,True,False,True,False,False,True,False,False,False,False
476,72,111.9,8071.05,True,False,True,True,True,False,False,False,False,False
477,63,83.5,5435.0,True,False,True,False,True,False,False,False,False,False
478,30,84.3,2438.6,True,False,False,True,True,False,False,False,False,False
479,1,45.6,45.6,True,False,False,False,False,False,True,False,True,False
480,12,61.65,713.75,False,False,False,False,False,False,True,True,False,True
481,16,54.85,916.15,True,False,True,False,False,False,True,False,False,False
482,4,65.55,237.2,True,False,False,False,False,False,True,False,True,False
483,51,90.35,4614.55,True,True,False,True,True,False,False,False,False,False
484,16,74.55,1170.5,True,False,False,True,True,False,False,False,False,False
485,66,74.25,4859.25,False,True,False,True,False,False,False,False,False,False
486,46,108.65,4903.2,True,False,True,True,False,True,False,False,False,False
487,32,109.55,3608.0,False,True,False,True,False,False,False,False,False,False
488,72,86.65,6094.25,True,False,True,False,True,False,False,False,False,False
489,38,81.0,3084.9,True,False,True,False,True,False,False,False,False,False
490,51,47.85,2356.75,True,True,False,False,True,False,False,False,False,False
491,72,114.55,8306.05,True,False,True,True,False,False,False,False,False,False
492,65,105.25,6786.4,False,False,False,True,False,False,False,False,False,True
493,9,29.95,248.95,True,False,False,False,False,True,False,True,False,True
494,9,65.0,663.05,False,False,False,False,False,False,True,True,False,True
495,44,109.8,4860.35,False,True,False,True,True,False,False,False,False,False
496,50,69.5,3418.2,True,False,True,False,False,False,False,False,False,False
497,15,48.85,631.4,False,False,False,False,False,False,True,False,False,False
498,8,25.25,186.3,True,False,False,False,True,False,False,True,False,False
499,66,102.85,6976.75,False,True,False,True,True,False,False,False,False,False
500,57,87.55,4884.85,False,False,False,True,False,False,False,False,False,False
501,7,78.55,522.95,False,False,False,True,False,False,False,True,False,False
502,10,34.55,362.6,True,False,False,False,False,False,False,True,False,False
503,62,92.05,5755.8,False,True,False,True,False,True,False,False,False,False
504,40,85.05,3355.65,True,True,False,True,False,True,False,False,False,False
505,25,95.15,2395.7,False,False,False,True,False,True,False,False,False,False
506,23,84.25,1968.1,True,False,False,True,False,True,False,False,False,False
507,66,104.6,6819.45,False,True,False,True,True,False,False,False,False,False
508,72,111.65,7943.45,False,False,True,True,False,True,False,False,False,False
509,49,90.05,4547.25,True,False,False,True,True,False,False,False,False,True
510,43,110.75,4687.9,True,False,False,True,False,False,False,False,False,True
511,46,55.0,2473.95,False,False,False,False,False,False,False,False,False,False
512,72,89.85,6562.9,True,False,True,False,True,False,False,False,False,False
513,40,54.55,2236.2,False,True,False,False,False,False,False,False,False,False
514,65,105.5,6985.65,False,False,False,True,False,True,False,False,False,True
515,31,99.45,3109.9,True,False,True,True,False,False,False,False,False,False
516,68,70.9,4911.35,False,False,True,False,True,False,False,False,False,False
517,56,104.55,5794.65,True,True,False,True,False,False,False,False,False,True
518,10,85.25,855.3,True,False,False,True,False,True,False,True,False,True
519,43,56.15,2499.3,False,False,False,False,False,True,False,False,False,True
520,1,89.55,89.55,True,False,False,True,False,True,False,False,True,True
521,49,89.85,4287.2,False,True,False,True,False,False,False,False,False,False
522,20,94.55,1899.65,True,False,False,True,False,True,False,False,False,True
523,1,45.7,45.7,True,False,False,False,False,False,True,False,True,True
524,50,69.65,3442.15,True,True,False,False,False,True,False,False,False,False
525,2,89.5,161.5,False,False,False,True,False,True,False,False,True,True
526,24,70.0,1732.6,True,False,False,True,True,False,False,False,False,False
527,3,69.55,222.3,False,False,False,True,False,False,False,False,True,True
528,1,74.6,74.6,False,False,False,True,False,False,True,False,True,True
529,10,95.1,865.1,True,False,False,True,True,False,False,True,False,False
530,68,88.85,6132.7,True,False,True,False,True,False,False,False,False,False
531,45,78.8,3597.5,True,True,False,False,False,False,False,False,False,False
532,4,24.25,96.05,False,False,False,False,False,False,True,False,True,True
533,10,45.25,428.7,False,False,False,False,False,False,True,True,False,False
534,65,69.55,4459.15,True,False,True,False,False,False,True,False,False,False
535,3,74.75,238.1,False,False,False,True,False,False,True,False,True,False
536,2,69.65,145.15,False,False,False,True,False,True,False,False,True,True
537,49,30.2,1453.1,True,False,False,False,False,False,False,False,False,False
538,4,45.65,191.05,False,False,False,False,False,False,True,False,True,True
539,70,57.8,4039.3,False,False,True,False,False,False,False,False,False,False
540,1,75.05,75.05,False,False,False,True,False,False,True,False,True,True
541,52,49.15,2550.9,True,False,False,False,False,True,False,False,False,True
542,65,110.35,7246.15,True,False,True,True,False,True,False,False,False,False
543,2,34.7,62.25,False,False,False,False,False,True,False,False,True,True
544,3,107.95,313.6,True,False,False,True,False,False,True,False,True,False
545,45,81.4,3775.85,True,False,False,True,False,False,False,False,False,False
546,1,80.0,80.0,True,False,False,True,False,True,False,False,True,True
547,61,73.8,4616.05,False,False,True,False,False,False,False,False,False,False
548,3,64.4,195.65,True,False,False,False,True,False,False,False,True,False
549,40,103.75,4188.4,False,True,False,True,True,False,False,False,False,False
550,1,71.1,71.1,False,False,False,True,False,False,True,False,True,False
551,1,49.9,49.9,False,False,False,False,False,True,False,False,True,False
552,2,49.25,91.1,True,False,False,False,False,True,False,False,True,True
553,52,30.1,1623.4,True,True,False,False,False,False,True,False,False,False
554,51,83.4,4149.45,True,False,False,True,False,False,False,False,False,False
555,31,75.25,2344.5,True,True,False,False,False,False,False,False,False,False
556,3,75.1,270.7,False,False,False,True,True,False,False,False,True,True
557,72,85.15,6316.2,True,False,True,False,False,False,False,False,False,False
558,3,50.15,168.15,True,False,False,False,False,True,False,False,True,True
559,47,84.95,4018.05,True,True,False,True,False,False,False,False,False,False
560,72,66.5,4811.6,True,False,True,False,True,False,False,False,False,False
561,66,63.3,4189.7,True,False,True,False,False,False,False,False,False,False
562,35,83.15,2848.45,True,False,False,True,False,True,False,False,False,False
563,29,84.9,2516.2,True,False,False,True,False,True,False,False,False,False
564,4,49.25,208.45,True,False,False,False,False,False,True,False,True,False
565,25,79.85,2015.35,False,False,False,True,False,False,False,False,False,True
566,65,59.6,3739.8,False,False,True,False,False,False,True,False,False,False
567,27,104.65,2964.0,True,True,False,True,False,False,False,False,False,False
568,29,75.3,2263.4,True,False,False,True,True,False,False,False,False,False
569,29,80.1,2211.8,True,False,False,False,True,False,False,False,False,False
570,20,81.0,1683.7,False,False,False,True,False,False,True,False,False,False
571,14,86.0,1164.05,False,False,False,True,False,False,True,False,False,False
572,46,89.15,4245.55,True,False,False,True,True,False,False,False,False,False
573,71,58.25,4145.9,False,False,True,False,False,False,False,False,False,False
574,32,85.65,2664.3,True,False,False,True,False,False,False,False,False,False
575,26,50.35,1277.5,False,False,False,False,True,False,False,False,False,False
576,68,80.35,5589.3,True,False,False,True,True,False,False,False,False,False
577,4,85.95,381.3,False,False,False,True,False,True,False,False,True,True
578,3,45.35,141.5,True,False,False,False,False,True,False,False,True,True
579,33,94.5,3105.55,True,False,False,True,False,True,False,False,False,True
580,5,80.85,356.1,False,False,False,True,False,True,False,False,True,False
581,30,91.7,2758.15,False,False,False,True,True,False,False,False,False,True
582,65,74.2,4805.65,True,False,True,False,True,False,False,False,False,False
583,45,87.25,3941.7,False,False,False,True,False,True,False,False,False,True
584,25,75.5,1901.05,True,False,False,True,False,True,False,False,False,False
585,72,79.05,5730.7,False,False,True,True,False,False,False,False,False,False
586,27,90.15,2423.4,False,False,False,True,False,False,False,False,False,False
587,32,50.6,1653.45,True,False,False,False,True,False,False,False,False,False
588,30,110.45,3327.05,False,True,False,True,True,False,False,False,False,False
589,70,101.0,7085.5,True,False,True,True,True,False,False,False,False,False
590,42,79.35,3344.1,True,False,False,True,False,False,False,False,False,False
591,72,89.85,6697.35,False,False,True,False,False,False,False,False,False,False
592,47,65.0,2879.9,False,False,True,False,False,False,True,False,False,False
593,2,80.45,137.1,False,False,False,True,False,True,False,False,True,False
594,10,98.55,1008.55,True,False,False,True,False,True,False,True,False,True
595,5,44.05,202.15,False,False,False,False,True,False,False,False,True,False
596,72,110.8,7882.25,False,False,True,True,True,False,False,False,False,False
597,72,114.95,8196.4,True,False,True,True,False,False,False,False,False,False
598,3,75.05,202.9,False,False,False,True,False,False,True,False,True,False
599,63,90.05,5817.0,False,True,False,True,True,False,False,False,False,False
600,27,56.7,1652.95,False,False,False,False,False,False,True,False,False,False
601,70,80.15,5600.15,True,False,True,False,True,False,False,False,False,False
602,7,71.35,515.75,True,False,False,False,True,False,False,True,False,False
603,2,90.35,190.5,False,False,False,True,False,True,False,False,True,False
604,20,98.55,1842.8,True,False,False,True,False,True,False,False,False,True
605,15,85.9,1269.55,False,False,False,True,False,False,False,False,False,True
606,72,90.35,6563.4,False,False,True,True,False,False,False,False,False,False
607,22,89.25,1907.85,False,False,False,True,False,True,False,False,False,True
608,3,70.3,208.85,True,False,False,True,False,True,False,False,True,True
609,72,66.85,4758.8,False,False,True,False,False,False,False,False,False,False
610,11,35.8,363.15,False,False,False,False,False,False,True,True,False,False
611,22,78.85,1600.25,True,False,False,True,False,False,True,False,False,False
612,41,74.25,3089.1,True,False,False,True,False,True,False,False,False,False
613,17,64.8,1175.6,True,True,False,False,False,False,True,False,False,False
614,15,93.35,1444.65,True,False,False,True,False,True,False,False,False,True
615,5,88.9,454.15,False,False,False,True,False,False,True,False,True,True
616,33,95.8,3036.75,True,True,False,True,False,True,False,False,False,True
617,72,110.65,8065.65,False,False,True,True,True,False,False,False,False,False
618,3,40.3,92.5,False,False,False,False,False,False,True,False,True,False
619,2,82.0,184.65,True,False,False,True,False,True,False,False,True,True
620,59,107.0,6152.3,False,True,False,True,True,False,False,False,False,False
621,2,45.35,89.5,True,False,False,False,False,True,False,False,True,True
622,71,73.35,5154.5,True,False,True,False,True,False,False,False,False,False
623,5,44.8,220.45,False,False,False,False,False,False,True,False,True,False
624,27,54.75,1510.3,True,False,False,False,True,False,False,False,False,False
625,1,52.2,52.2,False,False,False,False,False,True,False,False,True,True
626,63,40.6,2588.95,True,True,False,False,False,False,False,False,False,False
627,46,110.0,4874.8,False,True,False,True,False,True,False,False,False,True
628,72,55.3,3983.6,True,False,True,False,False,False,False,False,False,False
629,34,60.85,2003.6,False,False,False,False,False,False,False,False,False,False
630,24,78.4,1832.4,False,True,False,False,False,True,False,False,False,False
631,72,69.65,4908.25,True,False,True,False,False,False,False,False,False,False
632,60,59.85,3590.2,False,False,True,False,True,False,False,False,False,False
633,68,76.9,5023.0,True,True,False,False,True,False,False,False,False,False
634,34,67.65,2339.3,False,False,True,False,True,False,False,False,False,False
635,6,45.0,298.7,False,False,False,False,True,False,False,False,True,False
636,2,64.2,143.65,True,False,False,False,False,False,True,False,True,False
637,31,81.7,2548.65,True,True,False,True,True,False,False,False,False,False
638,62,96.75,6125.4,True,True,False,True,False,True,False,False,False,True
639,70,75.65,5411.4,False,False,True,True,True,False,False,False,False,False
640,10,98.5,1058.25,False,False,False,True,False,True,False,True,False,True
641,46,64.2,3009.5,False,False,True,False,True,False,False,False,False,False
642,6,85.35,489.45,True,False,False,True,False,True,False,False,True,True
643,72,76.8,5468.45,False,False,True,False,False,False,False,False,False,False
644,18,55.2,1058.1,True,False,False,False,True,False,False,False,False,False
645,71,108.55,7616.0,True,False,True,True,True,False,False,False,False,False
646,40,101.3,4113.1,True,False,False,True,False,True,False,False,False,True
647,1,69.55,69.55,True,False,False,True,False,True,False,False,True,True
648,58,103.25,6017.65,True,True,False,True,False,False,False,False,False,True
649,70,104.0,7250.15,True,False,True,True,True,False,False,False,False,True
650,34,30.4,938.65,True,True,False,False,False,False,False,False,False,False
651,25,84.6,2088.05,False,False,False,True,False,False,True,False,False,False
652,2,86.2,178.7,False,False,False,True,False,False,True,False,True,True
653,55,103.7,5656.75,False,True,False,True,False,False,False,False,False,False
654,21,111.2,2317.1,True,False,False,True,False,True,False,False,False,True
655,70,88.0,5986.45,True,False,True,True,True,False,False,False,False,False
656,61,106.35,6751.35,False,False,False,True,False,True,False,False,False,False
657,43,79.15,3566.6,True,False,True,False,True,False,False,False,False,False
658,47,103.1,4889.3,True,True,False,True,False,True,False,False,False,False
659,5,63.95,318.1,True,False,False,False,True,False,False,False,True,False
660,16,89.45,1430.25,False,False,False,True,True,False,False,False,False,True
661,7,95.6,644.35,True,False,False,True,False,False,False,True,False,True
662,60,90.95,5453.4,True,True,False,True,False,True,False,False,False,True
663,34,44.85,1442.6,True,False,False,False,False,True,False,False,False,False
664,50,108.55,5610.7,False,True,False,True,False,True,False,False,False,True
665,70,74.1,5222.3,False,True,False,False,True,False,False,False,False,False
666,37,88.8,3340.55,False,False,False,True,False,True,False,False,False,False
667,4,78.85,292.8,False,False,False,True,False,True,False,False,True,True
668,60,93.25,5774.55,True,False,False,True,False,True,False,False,False,False
669,62,71.4,4487.3,True,True,False,False,True,False,False,False,False,False
670,1,44.4,44.4,True,False,False,False,False,False,True,False,True,True
671,36,79.2,2854.95,True,False,False,False,True,False,False,False,False,False
672,55,100.0,5509.3,False,True,False,True,False,True,False,False,False,True
673,72,105.0,7589.8,False,False,True,True,True,False,False,False,False,False
674,13,30.85,394.1,False,False,False,False,False,False,False,False,False,False
675,1,89.9,89.9,True,False,False,True,False,True,False,False,True,True
676,65,84.85,5459.2,False,False,True,False,False,False,False,False,False,False
677,12,33.15,444.75,False,True,False,False,True,False,False,True,False,False
678,72,92.0,6782.15,True,False,True,False,True,False,False,False,False,False
679,72,89.8,6510.45,False,False,True,False,True,False,False,False,False,False
680,72,115.8,8476.5,False,False,True,True,False,False,False,False,False,False
681,52,85.15,4461.85,True,False,True,False,False,False,True,False,False,False
682,5,64.35,352.65,False,False,False,False,False,True,False,False,True,False
683,62,100.15,6413.65,False,True,False,True,False,True,False,False,False,True
684,72,86.05,6309.65,True,False,True,False,True,False,False,False,False,False
685,1,50.8,50.8,True,False,False,False,False,True,False,False,True,True
686,66,89.0,5898.6,False,True,False,True,False,True,False,False,False,False
687,72,64.8,4719.75,True,False,True,False,True,False,False,False,False,False
688,64,93.4,5822.3,True,False,True,True,False,False,False,False,False,False
689,20,73.65,1463.5,True,False,False,True,False,True,False,False,False,True
690,3,95.1,307.4,False,False,False,True,False,True,False,False,True,True
691,22,94.65,2104.55,True,False,False,True,True,False,False,False,False,True
692,4,80.6,319.15,True,False,False,True,False,False,True,False,True,True
693,62,39.0,2337.45,True,False,True,False,False,False,False,False,False,False
694,59,85.55,5084.65,True,True,False,True,False,True,False,False,False,True
695,72,98.2,7015.9,False,False,True,True,False,False,False,False,False,False
696,57,97.55,5598.0,True,True,False,True,True,False,False,False,False,False
697,60,50.8,3027.4,False,False,False,False,False,True,False,False,False,True
698,45,99.7,4634.35,True,False,True,True,False,False,False,False,False,False
699,3,34.8,113.95,False,False,False,False,True,False,False,False,True,False
700,15,105.1,1582.75,False,False,False,True,False,True,False,False,False,True
701,51,60.15,3077.0,False,True,False,False,False,False,False,False,False,False
702,60,64.75,4039.5,False,True,False,False,False,True,False,False,False,False
703,33,54.65,1665.2,True,False,False,False,False,False,False,False,False,False
704,10,110.1,1043.3,True,False,False,True,False,True,False,True,False,True
705,6,83.9,497.55,False,False,False,True,False,True,False,False,True,True
706,67,111.25,7511.65,False,True,False,True,False,True,False,False,False,False
707,49,35.8,1782.0,False,True,False,False,True,False,False,False,False,False
708,7,84.35,609.65,False,False,False,True,False,True,False,True,False,False
709,27,110.5,2857.6,False,True,False,True,False,False,False,False,False,False
710,37,91.2,3247.55,True,True,False,True,True,False,False,False,False,False
711,63,100.55,6215.35,False,False,False,True,False,True,False,False,False,True
712,31,89.3,2823.0,True,False,False,True,False,True,False,False,False,False
713,50,103.85,5017.9,True,False,False,True,False,False,False,False,False,True
714,32,81.1,2619.25,True,False,False,True,True,False,False,False,False,False
715,1,24.6,24.6,False,False,False,False,False,True,False,False,True,True
716,63,81.2,4965.1,False,True,False,True,True,False,False,False,False,False
717,30,94.3,2679.7,True,False,False,True,True,False,False,False,False,False
718,71,116.1,8310.55,True,False,True,True,False,False,False,False,False,False
719,53,105.55,5682.25,False,False,True,True,False,True,False,False,False,False
720,12,98.9,1120.95,False,False,False,True,False,False,False,True,False,True
721,50,94.4,4914.9,True,False,False,True,True,False,False,False,False,False
722,9,98.3,923.5,False,False,False,True,True,False,False,True,False,True
723,17,93.85,1625.65,True,False,False,True,False,True,False,False,False,True
724,56,105.6,6068.65,False,True,False,True,True,False,False,False,False,False
725,67,81.35,5398.6,True,False,True,False,True,False,False,False,False,False
726,9,100.5,918.6,True,False,False,True,False,True,False,True,False,True
727,4,56.4,234.85,True,False,False,False,False,True,False,False,True,False
728,19,65.35,1231.85,True,True,False,False,False,False,False,False,False,False
729,71,111.25,7984.15,False,False,True,True,False,True,False,False,False,False
730,10,72.85,688.65,True,False,False,True,False,True,False,True,False,True
731,15,89.0,1288.3,False,False,False,True,True,False,False,False,False,False
732,72,106.1,7848.5,True,True,False,True,False,False,False,False,False,False
733,1,73.55,73.55,True,False,False,True,False,True,False,False,True,True
734,23,75.4,1643.55,False,False,False,True,False,False,False,False,False,False
735,72,65.55,4807.45,True,False,True,False,False,False,False,False,False,False
736,26,80.7,2193.0,False,False,False,True,False,True,False,False,False,False
737,21,104.55,2239.4,False,True,False,True,False,False,True,False,False,False
738,16,75.4,1189.4,True,False,False,True,False,True,False,False,False,False
739,63,79.7,4786.15,False,True,False,False,True,False,False,False,False,False
740,22,81.7,1820.9,False,False,False,True,False,True,False,False,False,False
741,32,76.3,2404.15,False,False,False,False,False,False,False,False,False,False
742,3,79.4,205.05,False,False,False,True,False,True,False,False,True,True
743,13,81.15,952.3,False,False,False,True,False,True,False,False,False,True
744,68,103.75,7039.45,False,False,True,True,True,False,False,False,False,False
745,30,86.45,2538.05,False,True,False,True,False,True,False,False,False,False
746,16,75.1,1212.85,False,False,False,True,False,False,False,False,False,False
747,33,80.6,2651.1,True,False,True,True,False,False,False,False,False,False
748,4,84.6,360.1,False,False,False,True,False,True,False,False,True,True
749,12,33.6,435.45,False,True,False,False,False,False,True,True,False,False
750,4,83.25,308.05,False,False,False,True,False,True,False,False,True,False
751,6,79.05,434.5,False,False,False,True,False,True,False,False,True,True
752,65,108.05,7118.9,False,True,False,True,True,False,False,False,False,False
753,13,30.15,382.2,False,False,False,False,False,True,False,False,False,False
754,24,79.85,2001.0,True,False,False,True,True,False,False,False,False,False
755,72,65.5,4919.7,False,False,True,False,False,False,False,False,False,False
756,54,104.1,5645.8,False,False,False,True,False,False,False,False,False,False
757,3,74.4,215.8,False,False,False,True,False,False,False,False,True,True
758,32,91.35,2896.55,False,False,False,True,False,False,True,False,False,False
759,35,99.05,3395.8,True,False,False,True,False,True,False,False,False,True
760,2,44.95,85.15,True,False,False,False,False,False,True,False,True,True
761,8,75.6,535.55,False,False,False,True,False,True,False,True,False,False
762,22,55.1,1253.15,True,False,False,False,False,False,True,False,False,False
763,15,58.95,955.15,False,False,False,False,False,True,False,False,False,False
764,22,95.1,2162.6,True,False,False,True,False,True,False,False,False,False
765,1,44.7,44.7,True,False,False,False,True,False,False,False,True,True
766,4,56.75,245.15,True,False,False,False,False,True,False,False,True,False
767,25,81.75,2028.8,True,False,False,False,False,False,False,False,False,False
768,32,86.1,2723.75,False,False,False,True,False,True,False,False,False,False
769,7,29.8,220.45,True,False,False,False,False,False,False,True,False,False
770,8,60.9,551.95,True,False,False,False,False,False,False,True,False,False
771,56,73.25,4054.2,False,False,True,False,False,False,False,False,False,False
772,1,45.7,45.7,True,False,False,False,False,False,True,False,True,True
773,8,100.3,832.35,True,False,False,True,True,False,False,True,False,True
774,71,77.35,5550.1,False,False,True,False,True,False,False,False,False,False
775,2,96.0,174.8,False,False,False,True,False,True,False,False,True,True
776,1,90.55,90.55,False,False,False,True,False,True,False,False,True,True
777,49,93.85,4733.1,True,False,False,True,False,False,False,False,False,False
778,58,70.1,4048.95,True,False,True,False,False,False,False,False,False,False
779,44,30.35,1359.7,True,False,False,False,False,True,False,False,False,True
780,59,75.95,4542.35,False,False,True,False,True,False,False,False,False,False
781,71,108.05,7532.15,True,False,True,True,False,True,False,False,False,True
782,1,69.9,69.9,True,False,False,True,False,True,False,False,True,True
783,11,75.25,888.65,False,False,False,True,False,True,False,True,False,False
784,62,103.75,6383.35,True,True,False,True,False,True,False,False,False,True
785,35,54.95,1916.0,False,True,False,False,False,False,False,False,False,False
786,39,47.85,1886.4,False,True,False,False,False,True,False,False,False,False
787,1,86.6,86.6,True,False,False,True,False,True,False,False,True,True
788,33,80.6,2656.5,False,False,False,True,False,False,False,False,False,True
789,12,43.8,540.95,False,False,False,False,False,False,False,True,False,False
790,56,80.3,4513.65,False,False,True,True,False,False,False,False,False,False
791,35,85.3,2917.5,False,False,False,True,True,False,False,False,False,True
792,34,70.0,2416.1,False,False,False,True,True,False,False,False,False,True
793,4,94.3,424.45,False,False,False,True,False,True,False,False,True,True
794,2,70.3,132.4,True,False,False,False,False,True,False,False,True,False
795,7,95.35,660.9,False,False,False,True,False,True,False,True,False,True
796,27,75.5,1893.95,True,False,False,True,False,True,False,False,False,True
797,4,69.55,284.9,True,False,False,True,False,False,True,False,True,False
798,53,95.85,5016.25,False,True,False,True,True,False,False,False,False,False
799,18,90.1,1612.75,False,False,False,True,False,True,False,False,False,True
800,2,68.95,119.75,False,False,False,True,False,True,False,False,True,True
801,32,99.55,3204.65,True,False,False,True,True,False,False,False,False,True
802,3,50.15,160.85,True,False,False,False,False,False,True,False,True,False
803,71,58.65,4145.25,False,False,True,False,False,False,True,False,False,False
804,9,95.9,827.45,True,False,False,True,False,False,False,True,False,False
805,1,49.5,49.5,False,False,False,False,False,True,False,False,True,False
806,18,57.45,990.85,True,False,False,False,False,True,False,False,False,True
807,12,53.65,696.35,True,True,False,False,True,False,False,True,False,True
808,71,80.1,5585.4,True,False,True,False,False,False,True,False,False,False
809,4,40.05,162.45,True,False,False,False,False,True,False,False,True,False
810,39,51.05,2066.0,False,False,False,False,True,False,False,False,False,False
811,28,54.35,1426.45,True,True,False,False,False,False,True,False,False,False
812,5,84.7,392.5,False,False,False,True,False,True,False,False,True,False
813,45,86.1,3861.45,False,False,False,True,False,True,False,False,False,False
814,37,70.35,2552.9,True,False,False,True,False,False,True,False,False,False
815,60,110.0,6668.35,False,False,True,True,False,False,False,False,False,False
816,8,100.6,819.4,True,False,False,True,False,True,False,True,False,True
817,47,94.9,4615.25,False,True,False,True,True,False,False,False,False,False
818,26,83.75,2070.6,True,False,False,True,False,True,False,False,False,True
819,3,88.3,273.75,False,False,False,True,False,False,True,False,True,True
820,50,69.75,3557.7,False,False,False,True,False,False,False,False,False,False
821,27,71.6,1957.1,True,False,False,False,False,False,False,False,False,False
822,8,92.1,729.95,False,False,False,True,False,True,False,True,False,True
823,71,81.85,5924.4,False,False,True,False,False,False,False,False,False,False
824,68,114.7,7849.85,True,False,True,True,False,False,False,False,False,False
825,13,49.15,649.4,False,False,False,False,False,True,False,False,False,False
826,56,80.9,4557.5,True,True,False,True,False,True,False,False,False,False
827,38,79.45,3013.05,True,False,False,True,False,True,False,False,False,True
828,14,90.45,1266.1,True,False,False,True,True,False,False,False,False,True
829,14,70.2,1046.5,False,False,False,True,False,True,False,False,False,False
830,32,69.75,2347.9,True,False,False,True,False,False,False,False,False,True
831,8,54.25,447.75,False,True,False,False,False,False,False,True,False,False
832,43,99.3,4209.95,False,False,False,True,False,False,False,False,False,False
833,52,74.0,3877.65,False,True,False,False,True,False,False,False,False,False
834,3,50.25,152.3,True,False,False,False,False,False,True,False,True,False
835,12,43.65,526.95,True,False,False,False,False,True,False,True,False,True
836,16,35.5,552.7,False,False,False,False,True,False,False,False,False,False
837,40,80.75,3208.65,False,True,False,False,False,False,True,False,False,False
838,5,39.5,210.75,False,False,False,False,False,True,False,False,True,True
839,40,97.1,3706.95,True,False,False,True,False,False,False,False,False,True
840,5,80.0,412.5,False,False,False,True,False,True,False,False,True,True
841,10,84.7,832.05,False,False,False,True,False,False,True,True,False,True
842,2,89.55,185.55,True,False,False,True,False,False,False,False,True,True
843,23,90.6,1943.2,True,False,False,True,False,True,False,False,False,True
844,72,112.4,8046.85,False,False,True,True,False,True,False,False,False,False
845,34,50.2,1815.3,False,False,False,False,False,False,False,False,False,False
846,10,62.25,612.95,True,False,False,False,False,False,False,True,False,False
847,14,55.7,795.15,False,True,False,False,False,False,True,False,False,False
848,23,90.05,2169.8,False,False,False,True,False,False,False,False,False,True
849,24,89.25,2210.2,True,False,False,True,False,True,False,False,False,False
850,49,99.05,4853.75,True,False,False,True,False,False,False,False,False,True
851,20,54.0,1055.9,True,True,False,False,False,False,True,False,False,False
852,2,69.75,144.55,False,False,False,True,False,False,False,False,True,True
853,2,49.05,91.1,False,False,False,False,True,False,False,False,True,True
854,22,56.75,1304.85,True,False,True,False,False,False,False,False,False,False
855,7,98.05,713.0,True,False,False,True,False,False,False,True,False,True
856,59,96.65,5580.8,False,False,False,True,False,False,False,False,False,False
857,41,114.5,4527.45,False,False,False,True,False,False,False,False,False,True
858,59,79.2,4590.35,False,False,True,True,True,False,False,False,False,False
859,3,69.55,200.2,False,False,False,True,False,True,False,False,True,False
860,46,98.85,4564.9,True,False,False,True,False,True,False,False,False,False
861,2,80.95,171.15,True,False,False,True,False,True,False,False,True,True
862,13,74.3,940.35,False,False,False,True,False,True,False,False,False,True
863,11,89.7,1047.7,False,False,False,True,False,False,False,True,False,True
864,32,87.65,2766.4,True,False,False,True,False,False,False,False,False,False
865,17,100.45,1622.45,True,False,False,True,True,False,False,False,False,True
866,16,74.75,1129.35,False,False,False,True,True,False,False,False,False,False
867,51,107.45,5680.9,False,True,False,True,False,False,False,False,False,False
868,29,75.35,2243.9,True,True,False,False,False,False,False,False,False,False
869,70,64.95,4523.25,True,False,True,False,True,False,False,False,False,False
870,71,100.45,7159.7,False,False,True,True,False,True,False,False,False,False
871,41,68.5,2839.95,True,True,False,False,False,False,False,False,False,False
872,1,80.55,80.55,True,False,False,True,False,True,False,False,True,False
873,7,81.25,580.1,False,False,False,False,False,False,False,True,False,False
874,25,90.4,2178.6,True,True,False,True,False,True,False,False,False,True
875,67,89.55,6038.55,True,True,False,True,False,True,False,False,False,False
876,5,55.7,259.4,True,False,False,False,False,False,True,False,True,False
877,3,56.15,168.15,True,False,False,False,False,False,True,False,True,True
878,54,105.2,5637.85,True,True,False,True,False,True,False,False,False,False
879,9,79.75,769.1,False,False,False,True,False,True,False,True,False,False
880,63,97.45,6253.0,False,False,True,True,False,False,False,False,False,False
881,40,50.15,2058.5,True,False,False,False,False,False,True,False,False,False
882,60,39.6,2424.5,True,False,True,False,False,False,False,False,False,False
883,4,94.4,387.2,False,False,False,True,False,False,False,False,True,True
884,71,89.85,6293.45,False,False,True,False,False,False,True,False,False,False
885,37,78.95,2839.65,False,False,False,True,True,False,False,False,False,True
886,32,98.85,3145.9,True,False,False,True,True,False,False,False,False,False
887,39,53.85,2200.7,True,False,True,False,True,False,False,False,False,False
888,52,89.45,4577.75,True,False,True,True,True,False,False,False,False,False
889,48,105.25,4997.5,False,False,False,True,True,False,False,False,False,False
890,70,59.5,4144.8,True,False,True,False,False,False,False,False,False,False
891,20,70.55,1493.55,True,False,False,True,True,False,False,False,False,False
892,50,82.5,4179.1,False,True,False,False,True,False,False,False,False,False
893,19,44.85,893.55,False,True,False,False,True,False,False,False,False,True
894,25,61.6,1611.0,True,True,False,False,False,False,False,False,False,False
895,12,49.05,593.05,True,False,False,False,False,False,False,True,False,False
896,39,105.65,4284.8,True,False,False,True,False,True,False,False,False,True
897,7,74.65,544.55,True,False,False,True,False,False,True,True,False,True
898,23,66.25,1533.8,False,True,False,False,False,False,True,False,False,False
899,47,86.05,3865.6,True,False,False,True,True,False,False,False,False,False
900,14,64.7,941.0,False,False,False,False,False,False,False,False,False,True
901,11,104.05,1133.65,False,False,False,True,False,False,False,True,False,True
902,26,81.95,2070.05,False,False,False,True,False,True,False,False,False,False
903,72,114.65,8333.95,False,False,True,True,False,False,False,False,False,False
904,11,65.15,723.35,True,False,False,False,False,False,False,True,False,False
905,13,88.95,1161.75,False,False,True,False,True,False,False,False,False,False
906,11,75.2,775.3,True,False,False,True,True,False,False,True,False,False
907,18,56.8,1074.65,True,False,False,False,True,False,False,False,False,False
908,1,35.55,35.55,True,False,False,False,False,True,False,False,True,True
909,32,75.5,2324.7,False,False,False,True,False,False,False,False,False,False
910,29,35.6,1072.6,True,True,False,False,False,False,True,False,False,False
911,3,60.25,170.5,False,False,False,False,False,True,False,False,True,False
912,2,95.15,196.9,False,False,False,True,False,True,False,False,True,True
913,13,96.65,1162.85,True,False,False,True,False,False,True,False,False,True
914,41,40.35,1677.85,False,False,False,False,False,True,False,False,False,False
915,7,54.85,370.4,True,False,False,False,False,False,True,True,False,False
916,52,64.3,3410.6,False,True,False,False,False,False,True,False,False,False
917,70,76.1,5264.25,True,False,True,False,True,False,False,False,False,False
918,62,97.95,5936.55,False,True,False,True,True,False,False,False,False,False
919,60,94.1,5475.9,False,False,False,True,True,False,False,False,False,False
920,3,80.4,224.05,False,False,False,True,False,True,False,False,True,True
921,23,95.1,2326.05,False,False,False,True,False,True,False,False,False,False
922,1,31.35,31.35,True,False,False,False,False,False,True,False,True,True
923,67,72.35,4991.5,False,True,False,False,False,False,False,False,False,False
924,12,89.75,1052.4,False,False,False,True,False,False,False,True,False,True
925,71,82.7,5831.2,False,False,True,False,False,False,False,False,False,False
926,5,53.8,283.95,False,False,False,False,False,True,False,False,True,False
927,26,51.55,1295.4,True,True,False,False,True,False,False,False,False,False
928,70,44.05,3011.65,True,True,False,False,True,False,False,False,False,False
929,72,114.0,8093.15,True,False,True,True,False,True,False,False,False,False
930,60,94.4,5610.25,True,True,False,True,False,True,False,False,False,True
931,32,100.4,3217.65,False,False,False,True,False,True,False,False,False,False
932,14,54.25,773.2,False,True,False,False,False,False,True,False,False,False
933,13,80.0,1029.35,False,False,False,True,True,False,False,False,False,False
934,6,109.9,669.45,False,False,False,True,True,False,False,False,True,True
935,46,79.2,3593.8,False,False,True,False,False,False,True,False,False,False
936,15,101.35,1553.95,True,False,False,True,False,True,False,False,False,True
937,43,94.3,3953.15,True,False,False,True,False,True,False,False,False,False
938,39,49.8,1971.15,True,False,True,False,False,False,False,False,False,False
939,21,60.05,1236.15,True,False,False,False,False,False,False,False,False,True
940,57,53.75,3196.0,True,False,False,False,False,True,False,False,False,False
941,53,93.45,4872.2,False,True,False,True,False,True,False,False,False,False
942,18,87.9,1500.5,True,False,False,True,False,False,True,False,False,False
943,1,60.15,60.15,False,False,False,False,False,True,False,False,True,True
944,58,61.05,3478.75,False,True,False,False,False,False,False,False,False,False
945,71,104.05,7413.55,False,False,True,True,False,False,False,False,False,False
946,35,99.25,3532.0,False,True,False,True,False,True,False,False,False,False
947,3,85.7,256.75,True,False,False,True,True,False,False,False,True,False
948,38,104.85,3887.25,True,True,False,True,False,True,False,False,False,False
949,35,69.15,2490.15,True,False,True,False,True,False,False,False,False,False
950,7,90.45,593.45,True,False,False,True,False,True,False,True,False,True
951,47,74.45,3510.3,False,False,True,False,False,False,True,False,False,False
952,14,50.45,765.45,False,False,False,False,False,True,False,False,False,False
953,20,60.0,1259.35,False,False,False,False,False,True,False,False,False,False
954,66,85.25,5538.35,True,False,True,False,False,True,False,False,False,False
955,17,78.9,1348.95,False,False,False,True,False,True,False,False,False,False
956,37,104.5,3778.0,True,True,False,True,True,False,False,False,False,False
957,12,49.4,611.65,False,False,False,False,False,True,False,True,False,False
958,53,94.25,4867.95,True,True,False,True,False,False,False,False,False,True
959,18,25.55,467.85,True,False,False,False,True,False,False,False,False,False
960,1,74.9,74.9,True,False,False,True,False,True,False,False,True,True
961,3,70.15,194.2,False,False,False,True,False,True,False,False,True,False
962,9,69.4,571.45,False,False,False,False,True,False,False,True,False,False
963,1,80.25,80.25,False,False,False,True,False,True,False,False,True,True
964,56,93.15,5253.95,True,True,False,True,False,True,False,False,False,False
965,17,69.0,1149.65,True,False,False,True,False,True,False,False,False,True
966,11,66.35,740.8,False,False,False,False,False,True,False,True,False,True
967,7,69.55,521.35,True,False,False,True,False,True,False,True,False,False
968,19,86.0,1532.45,True,False,False,True,False,False,False,False,False,True
969,3,80.3,250.05,False,False,False,True,False,True,False,False,True,True
970,24,90.55,2282.55,True,False,False,True,True,False,False,False,False,True
971,62,70.45,4300.45,False,False,False,False,True,False,False,False,False,False
972,17,65.75,1111.2,True,False,False,False,False,False,False,False,False,False
973,9,24.6,190.1,True,False,False,False,False,False,True,True,False,False
974,64,69.25,4447.75,True,False,True,False,False,False,True,False,False,False
975,2,75.9,143.35,False,False,False,True,False,True,False,False,True,True
976,1,45.85,45.85,True,False,False,False,False,False,True,False,True,True
977,16,49.95,810.2,False,False,False,False,False,True,False,False,False,True
978,30,90.4,2820.65,True,True,False,True,False,False,False,False,False,False
979,49,100.85,4847.35,False,False,False,True,False,False,True,False,False,False
980,61,75.35,4729.3,True,False,True,False,True,False,False,False,False,False
981,47,87.2,4017.45,True,False,False,True,False,True,False,False,False,False
982,20,64.4,1398.6,True,False,False,False,True,False,False,False,False,False
983,34,78.3,2564.3,True,False,False,True,False,True,False,False,False,True
984,54,105.85,5826.65,True,True,False,True,False,True,False,False,False,False
985,61,98.3,6066.55,True,True,False,True,False,False,True,False,False,False
986,3,76.95,228.4,True,False,False,True,False,True,False,False,True,True
987,16,96.15,1529.2,False,False,False,True,False,True,False,False,False,True
988,3,58.7,168.6,False,False,False,False,True,False,False,False,True,False
989,30,64.5,1888.45,True,False,False,False,False,False,True,False,False,False
990,21,28.5,629.35,False,False,False,False,False,True,False,False,False,False
991,1,45.3,45.3,True,False,False,False,False,True,False,False,True,True
992,23,90.45,2117.25,True,False,False,True,False,True,False,False,False,False
993,45,105.15,4730.9,False,False,False,True,False,True,False,False,False,False
994,24,83.15,2033.05,False,True,False,True,False,False,False,False,False,False
995,11,90.15,987.95,False,False,False,True,False,True,False,True,False,True
996,1,45.05,45.05,True,False,False,False,False,False,True,False,True,True
997,56,103.2,5744.35,False,False,True,True,False,False,False,False,False,False
998,1,75.8,75.8,False,False,False,True,False,True,False,False,True,True
999,7,79.3,523.15,False,False,False,True,False,True,False,True,False,True
1000,55,88.8,4805.3,False,False,True,True,True,False,False,False,False,False
1001,2,30.9,59.05,False,False,False,False,False,True,False,False,True,True
1002,72,85.9,6110.75,False,False,True,False,True,False,False,False,False,False
1003,45,34.2,1596.6,False,True,False,False,False,True,False,False,False,False
1004,46,95.25,4424.2,False,True,False,True,True,False,False,False,False,True
1005,2,50.3,92.75,True,False,False,False,False,False,True,False,True,False
1006,2,80.15,194.55,False,False,False,True,False,True,False,False,True,False
1007,12,51.25,612.1,False,False,False,False,False,True,False,True,False,False
1008,68,89.6,6127.6,False,False,False,True,False,False,False,False,False,True
1009,69,95.2,6671.7,True,False,True,True,True,False,False,False,False,False
1010,56,94.8,5264.3,True,True,False,True,True,False,False,False,False,False
1011,4,80.25,303.7,False,False,False,True,False,True,False,False,True,False
1012,64,76.1,4818.8,True,False,True,False,False,False,False,False,False,False
1013,59,110.15,6448.05,True,True,False,True,False,True,False,False,False,True
1014,62,115.55,7159.05,True,False,True,True,False,False,False,False,False,False
1015,53,53.6,2879.2,False,True,False,False,False,True,False,False,False,False
1016,49,88.2,4159.45,True,False,False,True,False,True,False,False,False,False
1017,62,101.15,6638.35,False,False,True,True,False,False,False,False,False,False
1018,55,56.8,3112.05,False,False,True,False,False,False,True,False,False,False
1019,71,99.4,7168.25,False,False,True,True,False,True,False,False,False,False
1020,36,60.7,2234.55,True,True,False,False,True,False,False,False,False,False
1021,72,114.85,8317.95,False,False,True,True,False,False,False,False,False,False
1022,1,62.8,62.8,True,False,False,False,False,False,True,False,True,False
1023,72,105.5,7544.0,False,False,True,True,False,True,False,False,False,False
1024,7,89.5,676.7,True,False,False,True,False,True,False,True,False,True
1025,1,74.1,74.1,False,True,False,False,True,False,False,False,True,False
1026,30,107.5,3242.5,False,False,False,True,False,True,False,False,False,False
1027,63,68.8,4111.35,True,True,False,False,False,False,False,False,False,False
1028,72,84.45,5899.85,True,False,True,False,True,False,False,False,False,False
1029,8,75.0,632.95,True,False,False,True,False,True,False,True,False,True
1030,62,84.5,5193.2,False,False,True,False,False,False,False,False,False,False
1031,67,111.2,7530.8,True,False,True,True,False,False,False,False,False,False
1032,6,44.75,270.95,True,False,False,False,False,True,False,False,True,True
1033,70,80.6,5460.2,False,False,True,False,False,False,False,False,False,False
1034,20,80.7,1614.2,False,False,False,True,False,False,False,False,False,False
1035,5,75.6,402.5,False,False,False,True,False,True,False,False,True,False
1036,24,57.6,1367.75,False,True,False,False,False,True,False,False,False,False
1037,11,44.05,483.7,False,False,False,False,False,True,False,True,False,True
1038,72,110.6,7962.2,True,False,True,True,True,False,False,False,False,False
1039,66,58.2,3810.8,False,False,True,False,True,False,False,False,False,False
1040,45,81.0,3533.6,False,False,True,False,False,False,True,False,False,False
1041,15,85.6,1345.55,True,False,False,True,False,False,False,False,False,True
1042,28,59.55,1646.45,False,False,False,False,False,False,False,False,False,False
1043,70,115.55,8127.6,False,True,False,True,True,False,False,False,False,True
1044,36,75.55,2680.15,False,True,False,False,False,False,True,False,False,False
1045,16,86.6,1281.0,True,False,False,True,False,True,False,False,False,True
1046,18,85.2,1553.9,False,False,False,True,False,True,False,False,False,True
1047,34,97.65,3207.55,False,False,False,True,False,True,False,False,False,True
1048,42,45.1,2049.05,True,True,False,False,True,False,False,False,False,False
1049,48,70.95,3629.2,True,True,False,False,False,False,False,False,False,False
1050,47,109.55,5124.55,True,False,False,True,False,True,False,False,False,True
1051,39,89.55,3474.45,False,True,False,True,False,True,False,False,False,True
1052,8,66.7,579.0,True,False,False,False,False,True,False,True,False,False
1053,32,94.8,3131.55,True,True,False,True,False,False,True,False,False,False
1054,60,65.85,3928.3,True,True,False,False,False,False,False,False,False,False
1055,1,69.25,69.25,False,False,False,True,False,True,False,False,True,True
1056,43,51.25,2151.6,False,True,False,False,False,False,False,False,False,False
1057,59,99.5,5961.1,True,True,False,True,False,False,False,False,False,True
1058,23,54.25,1221.55,False,False,False,False,False,True,False,False,False,False
1059,22,56.25,1292.2,True,True,False,False,True,False,False,False,False,False
1060,1,25.15,25.15,False,False,False,False,False,False,True,False,True,False
1061,50,35.4,1748.9,True,True,False,False,False,False,True,False,False,False
1062,1,25.2,25.2,False,False,False,False,False,True,False,False,True,True
1063,2,45.0,96.45,True,False,False,False,False,False,True,False,True,True
1064,15,75.35,1114.55,False,False,False,True,False,False,False,False,False,False
1065,66,105.0,7133.25,True,False,False,True,True,False,False,False,False,True
1066,3,54.7,169.45,True,False,False,False,True,False,False,False,True,True
1067,64,73.05,4688.65,True,True,False,False,True,False,False,False,False,False
1068,57,100.75,5985.0,False,True,False,True,True,False,False,False,False,False
1069,14,87.25,1258.6,False,False,False,True,False,True,False,False,False,True
1070,10,79.95,857.2,True,False,False,True,False,True,False,True,False,True
1071,51,49.65,2553.35,False,False,False,False,False,True,False,False,False,False
1072,67,65.65,4322.85,False,False,True,False,False,False,True,False,False,False
1073,72,60.95,4549.05,True,False,True,False,False,False,False,False,False,False
1074,18,88.35,1639.3,False,False,False,True,False,True,False,False,False,True
1075,9,75.2,633.85,False,False,False,True,True,False,False,True,False,False
1076,48,111.45,5315.1,True,False,False,True,False,False,False,False,False,False
1077,10,70.15,735.5,True,False,False,True,False,False,True,True,False,False
1078,9,94.75,889.9,False,False,False,True,False,True,False,True,False,True
1079,13,95.05,1290.0,False,False,False,True,False,True,False,False,False,True
1080,4,78.45,330.05,True,False,False,True,False,True,False,False,True,True
1081,4,70.2,237.95,True,False,False,True,False,True,False,False,True,True
1082,72,92.0,6474.4,False,False,True,False,False,False,False,False,False,False
1083,51,85.5,4421.95,False,False,True,False,True,False,False,False,False,False
1084,59,41.05,2452.7,True,False,False,False,False,False,False,False,False,True
1085,10,85.6,813.85,True,False,False,True,False,True,False,True,False,True
1086,61,82.15,4904.85,True,False,False,True,False,True,False,False,False,False
1087,54,84.4,4484.05,True,True,False,True,False,True,False,False,False,False
1088,33,60.9,2033.85,False,False,False,False,False,False,True,False,False,False
1089,1,79.2,79.2,False,False,False,True,False,True,False,False,True,True
1090,23,95.3,2192.9,True,False,False,True,False,False,True,False,False,False
1091,45,84.35,3858.05,True,False,True,False,False,False,True,False,False,False
1092,5,70.0,347.4,True,True,False,False,False,False,True,False,True,True
1093,72,82.3,5815.15,True,False,True,False,False,False,False,False,False,False
1094,58,66.8,3970.4,False,False,False,False,False,False,False,False,False,False
1095,70,44.6,3058.15,False,False,True,False,False,False,False,False,False,False
1096,61,98.45,6145.2,True,True,False,True,False,False,False,False,False,False
1097,2,70.7,129.2,True,False,False,True,False,False,True,False,True,False
1098,1,49.95,49.95,False,False,False,False,False,False,False,False,True,True
1099,22,69.25,1554.0,False,False,False,True,False,True,False,False,False,True
1100,48,102.5,4904.25,False,False,True,True,True,False,False,False,False,False
1101,64,86.55,5632.55,True,False,True,False,True,False,False,False,False,False
1102,12,58.35,740.55,False,False,False,False,True,False,False,True,False,False
1103,34,94.25,3217.55,False,False,False,True,False,True,False,False,False,True
1104,72,68.75,4888.2,False,False,True,False,True,False,False,False,False,False
1105,29,85.8,2440.25,True,False,False,True,False,True,False,False,False,False
1106,62,110.8,6840.95,False,True,False,True,False,True,False,False,False,False
1107,41,73.0,3001.2,True,True,False,False,False,True,False,False,False,True
1108,64,100.05,6254.2,False,True,False,True,True,False,False,False,False,True
1109,4,82.85,319.6,False,False,False,True,True,False,False,False,True,False
1110,24,84.35,1938.05,False,False,False,True,False,True,False,False,False,False
1111,4,99.8,442.85,False,False,False,True,True,False,False,False,True,True
1112,18,35.0,553.0,False,False,False,False,False,True,False,False,False,True
1113,8,66.25,546.45,True,False,False,False,False,True,False,True,False,False
1114,1,76.0,76.0,False,False,False,True,False,True,False,False,True,True
1115,8,44.55,343.45,True,False,True,False,False,False,True,True,False,False
1116,71,104.1,7412.25,False,True,False,True,True,False,False,False,False,False
1117,43,92.55,4039.0,False,False,False,True,False,False,False,False,False,False
1118,2,93.85,170.85,False,False,False,True,False,True,False,False,True,True
1119,29,101.45,2948.6,True,False,False,True,False,False,False,False,False,False
1120,15,84.3,1308.4,False,False,False,True,False,True,False,False,False,True
1121,65,94.55,6078.75,True,False,True,True,True,False,False,False,False,False
1122,35,95.5,3418.2,True,False,False,True,False,True,False,False,False,False
1123,64,100.3,6603.8,True,True,False,True,True,False,False,False,False,False
1124,58,55.5,3166.9,False,False,True,False,True,False,False,False,False,False
1125,18,49.85,865.75,False,False,False,False,True,False,False,False,False,False
1126,67,89.55,6373.1,True,False,False,True,False,False,False,False,False,False
1127,60,99.8,5985.75,False,False,False,True,False,True,False,False,False,False
1128,9,84.4,732.5,True,False,False,True,True,False,False,True,False,True
1129,70,113.05,7869.05,False,False,True,True,True,False,False,False,False,False
1130,15,101.1,1504.05,True,False,False,True,False,True,False,False,False,True
1131,12,74.15,741.4,True,False,False,False,False,True,False,True,False,False
1132,71,92.0,6585.2,True,True,False,True,False,True,False,False,False,False
1133,44,73.85,3122.4,True,False,False,True,False,True,False,False,False,False
1134,1,50.45,50.45,True,False,False,False,False,True,False,False,True,True
1135,43,64.85,2908.2,False,True,False,False,False,False,False,False,False,False
1136,9,68.95,593.85,True,False,False,False,False,False,True,True,False,False
1137,12,99.95,1132.75,True,False,False,True,False,False,True,True,False,True
1138,65,109.4,7227.45,False,False,False,True,True,False,False,False,False,False
1139,2,91.4,193.6,False,False,False,True,False,True,False,False,True,True
1140,27,49.0,1291.35,True,False,False,False,False,False,True,False,False,False
1141,40,50.25,2023.55,False,True,False,False,False,False,True,False,False,False
1142,5,75.55,349.65,False,False,False,True,True,False,False,False,True,True
1143,58,97.8,5458.8,False,True,False,True,False,False,False,False,False,False
1144,52,100.3,5244.45,False,True,False,True,False,True,False,False,False,False
1145,3,55.8,154.55,True,False,False,False,False,False,True,False,True,False
1146,41,111.15,4507.15,True,False,True,True,False,True,False,False,False,False
1147,20,98.55,2031.95,True,False,False,True,False,False,True,False,False,False
1148,1,50.05,50.05,True,False,False,False,False,True,False,False,True,False
1149,4,80.8,332.45,True,False,False,True,True,False,False,False,True,True
1150,18,69.5,1199.4,True,False,False,False,False,False,True,False,False,False
1151,52,48.8,2555.05,True,False,False,False,True,False,False,False,False,False
1152,31,94.5,2979.2,True,False,False,True,False,True,False,False,False,False
1153,36,106.05,3834.4,False,False,True,True,True,False,False,False,False,False
1154,16,100.0,1534.75,False,False,False,True,False,True,False,False,False,True
1155,42,108.3,4586.15,True,True,False,True,False,True,False,False,False,False
1156,60,99.65,5941.05,False,False,True,True,False,True,False,False,False,False
1157,5,85.3,424.15,True,False,False,True,False,True,False,False,True,True
1158,22,95.9,2234.95,True,False,False,True,True,False,False,False,False,False
1159,4,70.4,281.0,False,False,False,True,False,True,False,False,True,True
1160,9,64.95,547.8,True,False,False,False,False,False,True,True,False,False
1161,1,74.6,74.6,True,False,False,True,True,False,False,False,True,False
1162,12,49.2,571.15,True,False,False,False,False,True,False,True,False,False
1163,23,73.75,1756.6,False,True,False,False,False,False,True,False,False,False
1164,62,92.3,5731.45,True,True,False,True,False,False,False,False,False,False
1165,37,98.8,3475.55,True,False,False,True,False,False,False,False,False,True
1166,31,88.65,2683.2,True,False,False,True,True,False,False,False,False,False
1167,13,74.4,896.75,True,False,False,True,True,False,False,False,False,True
1168,24,98.75,2407.3,False,False,False,True,False,True,False,False,False,True
1169,45,95.95,4456.65,True,False,False,True,False,False,False,False,False,False
1170,69,105.4,6998.95,False,False,True,True,True,False,False,False,False,False
1171,61,106.0,6547.7,True,True,False,True,False,True,False,False,False,True
1172,41,104.7,4346.4,True,False,False,True,False,True,False,False,False,True
1173,44,49.05,2265.0,False,True,False,False,False,True,False,False,False,False
1174,39,35.55,1309.15,True,True,False,False,False,False,True,False,False,False
1175,72,65.1,4754.3,True,False,True,False,True,False,False,False,False,False
1176,13,96.85,1235.55,False,False,False,True,False,True,False,False,False,False
1177,51,69.75,3562.5,False,True,False,False,True,False,False,False,False,False
1178,71,99.2,7213.75,False,False,True,True,False,True,False,False,False,False
1179,22,96.7,2082.95,True,False,False,True,False,True,False,False,False,True
1180,2,55.05,102.75,False,False,False,False,True,False,False,False,True,True
1181,56,106.8,5914.4,False,True,False,True,False,True,False,False,False,False
1182,1,51.25,51.25,True,False,False,False,False,False,True,False,True,False
1183,23,57.75,1282.85,False,True,False,False,False,False,True,False,False,False
1184,66,70.85,4738.85,False,True,False,False,False,False,False,False,False,False
1185,19,88.2,1775.8,True,False,False,True,False,True,False,False,False,True
1186,11,79.5,795.65,True,False,False,True,False,False,False,True,False,False
1187,52,98.15,4993.4,False,False,False,True,False,False,False,False,False,False
1188,51,79.15,4018.55,False,False,False,True,False,False,False,False,False,False
1189,15,75.65,1146.65,True,False,False,True,False,True,False,False,False,True
1190,64,94.25,6081.4,True,False,False,True,False,True,False,False,False,False
1191,37,40.2,1478.85,False,False,False,False,True,False,False,False,False,False
1192,49,55.35,2633.95,True,True,False,False,False,True,False,False,False,False
1193,45,102.15,4735.35,False,True,False,True,False,False,False,False,False,False
1194,18,71.1,1247.75,False,False,False,True,False,True,False,False,False,False
1195,1,74.7,74.7,True,False,False,True,False,True,False,False,True,True
1196,68,54.1,3794.5,True,False,True,False,False,False,False,False,False,False
1197,23,88.45,2130.55,False,False,False,True,False,False,False,False,False,False
1198,17,76.65,1313.55,True,False,False,True,False,True,False,False,False,True
1199,71,80.4,5727.15,True,False,True,False,True,False,False,False,False,False
1200,14,84.8,1203.9,False,False,False,True,False,True,False,False,False,False
1201,1,25.8,25.8,False,False,False,False,False,False,True,False,True,True
1202,41,68.6,2877.05,False,True,False,False,False,True,False,False,False,False
1203,17,92.6,1579.7,False,False,False,True,False,True,False,False,False,False
1204,56,100.55,5514.95,True,True,False,True,False,True,False,False,False,False
1205,2,42.6,72.4,False,False,False,False,False,True,False,False,True,True
1206,37,67.45,2443.3,True,True,False,False,False,True,False,False,False,False
1207,29,68.85,1970.5,False,False,False,False,False,False,False,False,False,True
1208,8,43.55,335.4,True,False,False,False,False,False,True,True,False,False
1209,63,109.85,7002.95,False,False,False,True,True,False,False,False,False,False
1210,3,95.4,293.15,False,False,False,True,False,True,False,False,True,False
1211,19,56.2,1093.4,False,False,False,False,False,True,False,False,False,False
1212,2,90.0,190.05,True,False,False,True,True,False,False,False,True,True
1213,14,75.35,1025.95,False,False,False,True,False,True,False,False,False,True
1214,7,64.2,475.0,True,False,False,False,False,True,False,True,False,False
1215,69,75.75,5388.15,True,False,True,False,False,False,False,False,False,False
1216,72,78.95,5730.15,False,False,True,False,False,True,False,False,False,False
1217,8,100.85,819.55,True,False,False,True,False,True,False,True,False,True
1218,4,50.3,217.1,False,False,False,False,False,True,False,False,True,False
1219,63,80.3,4896.35,True,False,False,True,True,False,False,False,False,False
1220,5,69.95,330.15,False,False,False,True,False,True,False,False,True,True
1221,30,50.0,1474.9,True,False,False,False,False,False,True,False,False,False
1222,63,104.75,6536.5,True,False,True,True,False,False,False,False,False,False
1223,63,107.5,6873.75,False,True,False,True,False,True,False,False,False,True
1224,25,85.9,2199.05,True,False,False,True,False,True,False,False,False,False
1225,1,45.85,45.85,True,False,False,False,False,False,True,False,True,True
1226,6,80.8,457.1,True,False,False,True,False,True,False,False,True,False
1227,31,80.55,2471.6,False,False,True,False,False,False,False,False,False,False
1228,39,81.5,3107.3,False,False,False,True,False,False,False,False,False,False
1229,53,106.1,5769.75,False,True,False,True,False,False,False,False,False,True
1230,1,91.7,91.7,False,False,False,True,False,True,False,False,True,True
1231,12,67.25,832.3,True,False,False,False,False,True,False,True,False,False
1232,16,95.6,1555.65,False,False,False,True,True,False,False,False,False,True
1233,39,45.05,1790.6,True,True,False,False,False,False,False,False,False,False
1234,1,74.95,74.95,True,False,False,True,False,True,False,False,True,True
1235,7,34.65,246.6,False,False,False,False,False,False,True,True,False,False
1236,4,69.35,261.65,True,False,False,True,False,True,False,False,True,False
1237,10,95.35,898.35,True,False,False,True,False,True,False,True,False,True
1238,55,81.55,4509.5,False,False,False,True,False,True,False,False,False,False
1239,72,75.4,5480.25,True,False,True,False,False,False,False,False,False,False
1240,10,67.8,653.15,False,False,False,False,True,False,False,True,False,False
1241,11,111.4,1183.05,True,False,False,True,False,True,False,True,False,False
1242,15,46.3,639.45,False,False,False,False,False,True,False,False,False,False
1243,3,45.0,127.1,False,False,False,False,False,True,False,False,True,True
1244,47,96.1,4391.45,True,True,False,True,False,True,False,False,False,False
1245,66,99.5,6710.5,True,False,False,True,False,True,False,False,False,True
1246,68,60.65,3975.9,False,True,False,False,False,False,False,False,False,False
1247,17,98.6,1704.95,False,True,False,True,False,False,False,False,False,True
1248,7,59.5,415.95,False,False,False,False,False,False,True,True,False,True
1249,12,80.45,950.2,True,False,False,True,False,True,False,True,False,True
1250,21,71.7,1497.05,False,True,False,False,False,False,False,False,False,False
1251,21,36.0,780.15,True,False,False,False,False,False,True,False,False,False
1252,56,65.2,3512.15,False,True,False,False,False,False,False,False,False,False
1253,6,48.95,273.25,False,False,False,False,True,False,False,False,True,False
1254,65,53.5,3517.9,False,False,True,False,False,False,False,False,False,False
1255,42,80.45,3375.9,True,True,False,False,True,False,False,False,False,False
1256,68,109.05,7508.55,False,False,True,True,False,False,False,False,False,False
1257,50,106.8,5347.95,False,True,False,True,False,True,False,False,False,False
1258,7,64.95,493.65,False,False,False,False,False,True,False,True,False,False
1259,42,77.95,3384.0,False,False,False,True,True,False,False,False,False,True
1260,2,74.7,165.4,True,False,False,True,False,True,False,False,True,True
1261,2,70.35,120.25,False,False,False,True,False,True,False,False,True,False
1262,48,96.9,4473.45,True,False,True,True,False,False,False,False,False,False
1263,70,80.4,5717.85,False,False,True,False,False,False,False,False,False,False
1264,1,88.8,88.8,True,False,False,True,False,True,False,False,True,True
1265,46,94.65,4312.5,True,True,False,True,False,True,False,False,False,False
1266,30,90.25,2755.35,True,False,False,True,False,True,False,False,False,True
1267,15,64.65,994.55,False,False,False,False,False,False,False,False,False,True
1268,69,95.75,6511.25,True,True,False,True,True,False,False,False,False,False
1269,72,104.1,7447.7,True,False,True,True,True,False,False,False,False,False
1270,13,89.05,1169.35,True,False,False,True,False,False,False,False,False,True
1271,51,111.55,5720.35,True,True,False,True,False,True,False,False,False,False
1272,51,60.5,3121.45,True,False,True,False,True,False,False,False,False,False
1273,72,90.95,6468.6,False,False,True,False,False,False,False,False,False,False
1274,67,87.4,5918.8,True,True,False,True,False,True,False,False,False,True
1275,67,50.95,3521.7,True,False,True,False,False,False,False,False,False,False
1276,27,59.45,1611.65,True,False,False,False,False,True,False,False,False,False
1277,23,94.75,2293.6,False,False,False,True,False,True,False,False,False,True
1278,69,81.5,5553.25,True,False,True,False,True,False,False,False,False,False
1279,2,29.05,44.75,False,False,False,False,False,False,False,False,True,False
1280,35,86.45,3029.1,False,False,False,True,False,True,False,False,False,True
1281,46,70.6,3231.05,False,True,False,False,False,False,True,False,False,False
1282,54,97.2,5129.45,False,False,True,True,False,False,False,False,False,False
1283,56,98.25,5508.35,False,True,False,True,False,True,False,False,False,True
1284,9,75.75,655.9,False,False,False,True,False,False,False,True,False,True
1285,20,59.2,1191.2,True,False,False,False,False,False,False,False,False,False
1286,11,75.9,866.4,True,False,False,True,False,False,True,True,False,False
1287,30,90.05,2627.2,False,False,False,True,False,True,False,False,False,False
1288,68,70.95,4741.45,True,False,True,False,False,False,False,False,False,False
1289,38,102.6,4009.2,True,False,False,True,False,True,False,False,False,False
1290,17,85.35,1463.45,False,False,False,True,False,False,False,False,False,True
1291,48,106.1,5082.8,True,True,False,True,True,False,False,False,False,True
1292,1,43.8,43.8,False,False,False,False,False,True,False,False,True,False
1293,63,59.0,3707.6,True,False,True,False,False,True,False,False,False,False
1294,3,69.95,220.45,False,True,False,False,False,True,False,False,True,False
1295,66,29.45,1983.15,True,True,False,False,True,False,False,False,False,False
1296,68,84.4,5746.75,False,False,True,True,True,False,False,False,False,False
1297,17,45.05,770.6,True,False,False,False,False,True,False,False,False,True
1298,72,87.1,6230.1,True,False,True,False,False,False,False,False,False,False
1299,37,90.35,3419.3,True,False,False,True,False,True,False,False,False,False
1300,34,109.8,3587.25,False,False,False,True,False,False,True,False,False,True
1301,42,84.65,3541.35,False,False,False,True,False,True,False,False,False,True
1302,59,65.5,3801.3,False,True,False,False,False,False,True,False,False,False
1303,11,79.5,868.5,True,False,False,True,False,False,False,True,False,True
1304,60,80.95,4859.1,True,False,False,True,False,True,False,False,False,False
1305,27,56.15,1439.35,False,False,False,False,False,False,True,False,False,False
1306,1,85.8,85.8,False,False,False,True,False,False,True,False,True,True
1307,1,79.1,79.1,True,False,False,True,False,True,False,False,True,True
1308,17,34.4,592.75,True,False,False,False,False,False,True,False,False,False
1309,3,44.3,134.5,False,False,False,False,False,False,True,False,True,True
1310,53,90.8,4921.2,False,False,False,True,False,True,False,False,False,False
1311,50,105.95,5341.8,True,False,False,True,True,False,False,False,False,True
1312,68,70.8,4859.95,True,False,True,False,True,False,False,False,False,False
1313,65,108.8,7082.45,False,False,False,True,False,False,False,False,False,False
1314,5,69.75,324.6,True,False,False,True,False,True,False,False,True,True
1315,51,94.65,4812.75,True,False,False,True,False,True,False,False,False,True
1316,46,96.05,4399.5,False,False,False,True,False,False,False,False,False,True
1317,9,76.85,663.55,False,False,False,True,False,True,False,True,False,False
1318,45,115.65,5125.5,False,False,False,True,False,True,False,False,False,False
1319,8,74.6,548.9,False,False,False,True,True,False,False,True,False,False
1320,1,50.15,50.15,True,False,False,False,False,False,True,False,True,True
1321,66,103.15,7031.3,True,True,False,True,False,False,False,False,False,False
1322,72,72.1,5016.65,True,False,True,False,True,False,False,False,False,False
1323,41,113.6,4594.95,False,False,False,True,False,False,False,False,False,True
1324,29,78.9,2384.15,False,False,False,True,False,True,False,False,False,True
1325,4,80.15,319.85,False,False,False,True,False,True,False,False,True,False
1326,67,105.4,7035.6,False,True,False,True,True,False,False,False,False,False
1327,7,45.75,344.2,True,False,False,False,False,False,True,True,False,False
1328,72,85.25,6083.1,True,False,True,False,False,True,False,False,False,False
1329,35,50.15,1655.35,False,False,False,False,False,False,True,False,False,False
1330,27,70.55,1943.9,True,False,False,True,False,True,False,False,False,False
1331,26,60.05,1616.15,False,False,False,False,False,True,False,False,False,True
1332,7,58.85,465.7,True,False,False,False,False,False,True,True,False,False
1333,70,97.55,6669.05,True,False,False,True,True,False,False,False,False,False
1334,39,25.25,947.75,True,True,False,False,True,False,False,False,False,False
1335,72,114.45,8375.05,True,False,True,True,True,False,False,False,False,False
1336,1,34.7,34.7,False,False,False,False,False,True,False,False,True,True
1337,54,70.7,3770.0,True,True,False,False,False,True,False,False,False,False
1338,3,85.3,264.8,True,False,False,True,False,True,False,False,True,True
1339,63,75.55,4707.85,False,False,True,False,True,False,False,False,False,False
1340,71,84.8,6152.4,True,False,True,True,False,True,False,False,False,False
1341,66,102.45,6615.15,False,True,False,True,True,False,False,False,False,True
1342,21,104.4,2200.25,False,False,False,True,False,False,False,False,False,True
1343,11,35.65,425.1,True,False,False,False,False,True,False,True,False,False
1344,1,99.75,99.75,True,False,False,True,False,True,False,False,True,True
1345,55,90.45,5044.8,False,False,False,True,False,True,False,False,False,False
1346,69,97.65,6743.55,True,False,True,True,True,False,False,False,False,False
1347,3,73.85,196.4,False,False,False,True,False,True,False,False,True,False
1348,4,74.4,299.7,True,False,False,False,False,True,False,False,True,True
1349,30,69.1,2093.9,True,False,True,False,True,False,False,False,False,False
1350,5,82.75,417.75,False,False,False,True,False,True,False,False,True,False
1351,29,55.25,1620.2,False,True,False,False,False,True,False,False,False,False
1352,52,61.35,3169.55,True,False,False,False,False,False,False,False,False,False
1353,68,76.75,5233.25,True,True,False,False,True,False,False,False,False,False
1354,8,54.75,438.05,True,False,False,False,True,False,False,True,False,False
1355,3,107.95,318.6,True,False,False,True,False,True,False,False,True,False
1356,2,83.8,163.7,False,False,False,True,False,False,False,False,True,False
1357,9,74.25,639.65,False,False,False,True,True,False,False,True,False,True
1358,51,56.4,2928.5,False,True,False,False,True,False,False,False,False,False
1359,3,94.9,273.2,False,False,False,True,False,True,False,False,True,False
1360,17,94.2,1608.15,False,False,False,True,False,True,False,False,False,False
1361,30,49.9,1441.95,True,False,False,False,False,True,False,False,False,False
1362,31,71.05,2168.15,True,False,False,False,False,True,False,False,False,False
1363,45,81.65,3618.7,False,False,True,False,False,False,False,False,False,False
1364,64,89.45,5692.65,True,True,False,True,False,False,False,False,False,False
1365,1,59.85,59.85,True,False,False,False,False,True,False,False,True,True
1366,1,69.6,69.6,False,False,False,True,False,True,False,False,True,True
1367,61,99.0,5969.3,True,True,False,True,False,True,False,False,False,False
1368,9,45.4,418.8,True,False,False,False,False,True,False,True,False,True
1369,72,114.45,8100.55,True,False,True,True,False,False,False,False,False,False
1370,7,44.25,313.45,False,False,False,False,False,False,True,True,False,False
1371,66,90.55,6130.95,False,True,False,True,False,False,False,False,False,False
1372,1,69.9,69.9,True,False,False,True,False,True,False,False,True,True
1373,16,71.4,1212.1,True,False,False,False,False,False,False,False,False,False
1374,2,87.15,183.75,False,False,False,True,False,False,False,False,True,True
1375,41,104.45,4162.05,False,True,False,True,False,False,False,False,False,False
1376,72,116.45,8013.55,False,False,True,True,False,False,False,False,False,False
1377,3,84.75,264.85,False,False,False,True,False,False,False,False,True,True
1378,52,110.75,5832.0,True,False,False,True,False,True,False,False,False,False
1379,50,89.7,4304.5,False,False,True,True,False,False,False,False,False,False
1380,14,89.95,1178.4,True,False,False,True,False,True,False,False,False,True
1381,27,48.7,1421.75,True,True,False,False,True,False,False,False,False,False
1382,72,96.6,6827.5,False,False,True,True,False,False,False,False,False,False
1383,62,74.3,4698.05,True,True,False,False,True,False,False,False,False,False
1384,12,54.3,654.5,False,False,False,False,False,True,False,True,False,False
1385,44,74.85,3268.05,False,True,False,False,False,False,False,False,False,False
1386,54,79.95,4362.05,True,False,True,True,False,False,False,False,False,False
1387,50,54.9,2614.1,True,True,False,False,False,False,False,False,False,False
1388,35,89.65,3161.6,True,False,False,True,False,False,False,False,False,False
1389,2,45.4,80.95,False,False,False,False,False,True,False,False,True,False
1390,63,75.7,4676.7,True,False,True,False,False,False,True,False,False,False
1391,58,110.65,6526.65,False,True,False,True,True,False,False,False,False,False
1392,71,115.15,8078.1,False,False,True,True,True,False,False,False,False,False
1393,63,58.55,3503.5,False,True,False,False,True,False,False,False,False,False
1394,71,93.25,6669.45,True,False,False,True,False,False,False,False,False,False
1395,41,113.2,4689.5,False,False,False,True,False,True,False,False,False,True
1396,13,90.5,1201.15,True,False,False,True,False,True,False,False,False,True
1397,2,79.0,143.65,True,False,False,True,False,True,False,False,True,True
1398,1,48.75,48.75,True,False,False,False,False,False,True,False,True,False
1399,65,109.05,7108.2,True,False,True,True,False,True,False,False,False,False
1400,28,54.9,1505.15,False,False,False,False,True,False,False,False,False,False
1401,2,91.15,168.5,False,False,False,True,False,True,False,False,True,False
1402,60,104.35,6339.45,True,True,False,True,False,True,False,False,False,False
1403,26,66.05,1652.4,False,False,False,False,False,True,False,False,False,False
1404,1,71.65,71.65,True,False,False,True,False,True,False,False,True,True
1405,68,92.2,6392.85,True,False,True,False,True,False,False,False,False,False
1406,38,84.25,3264.5,False,False,False,True,True,False,False,False,False,True
1407,42,105.2,4599.15,False,True,False,True,False,False,False,False,False,False
1408,54,30.4,1621.35,True,False,False,False,False,True,False,False,False,False
1409,12,78.1,947.3,False,False,False,True,False,False,False,True,False,True
1410,44,61.5,2722.2,False,True,False,False,False,False,True,False,False,False
1411,42,69.4,3058.3,True,False,False,False,False,False,False,False,False,False
1412,71,91.05,6293.75,False,False,True,False,False,False,True,False,False,False
1413,19,89.65,1761.05,False,False,False,True,False,False,True,False,False,True
1414,23,73.65,1642.75,False,False,False,False,True,False,False,False,False,False
1415,10,98.7,973.25,False,False,False,True,False,True,False,True,False,True
1416,1,43.85,43.85,True,False,False,False,False,False,False,False,True,False
1417,22,69.7,1490.4,True,False,False,True,False,False,True,False,False,False
1418,7,38.55,280.0,True,False,True,False,False,False,True,True,False,False
1419,36,53.1,1901.25,False,False,True,False,False,False,True,False,False,False
1420,72,64.45,4720.0,True,False,True,False,True,False,False,False,False,False
1421,1,76.35,76.35,False,False,False,True,False,True,False,False,True,True
1422,23,79.15,1676.95,False,False,False,True,False,True,False,False,False,True
1423,32,85.0,2642.05,True,False,False,True,False,True,False,False,False,True
1424,71,95.15,6770.85,False,True,False,True,True,False,False,False,False,False
1425,23,79.35,1835.3,False,False,False,True,False,False,True,False,False,False
1426,17,96.65,1588.25,True,True,False,True,False,False,False,False,False,False
1427,1,75.5,75.5,True,False,False,False,False,True,False,False,True,False
1428,72,98.35,6929.4,True,False,True,True,False,False,False,False,False,False
1429,60,74.35,4453.3,True,False,False,True,False,False,False,False,False,False
1430,61,51.35,3244.4,False,False,True,False,True,False,False,False,False,False
1431,6,45.65,323.45,False,False,False,False,False,False,True,False,True,False
1432,32,85.3,2661.1,True,False,False,True,False,True,False,False,False,True
1433,31,86.55,2697.4,False,False,False,True,True,False,False,False,False,True
1434,19,73.85,1424.5,True,False,False,True,True,False,False,False,False,True
1435,32,54.2,1739.6,False,False,False,False,False,True,False,False,False,False
1436,65,90.65,5931.0,True,False,False,True,False,True,False,False,False,False
1437,45,50.9,2333.85,False,False,False,False,False,False,False,False,False,False
1438,8,74.85,572.45,True,False,False,True,False,True,False,True,False,False
1439,22,63.55,1381.8,False,False,False,False,False,False,True,False,False,False
1440,57,44.85,2572.95,True,False,False,False,False,True,False,False,False,True
1441,1,47.95,47.95,True,False,False,False,False,True,False,False,True,False
1442,1,45.1,45.1,True,False,False,False,False,True,False,False,True,True
1443,1,45.0,45.0,False,False,False,False,False,True,False,False,True,False
1444,24,96.0,2122.45,True,False,False,True,False,True,False,False,False,True
1445,54,90.05,4931.8,True,False,False,True,False,True,False,False,False,False
1446,65,108.65,6937.95,True,False,True,True,False,False,False,False,False,True
1447,45,75.95,3273.8,True,False,False,False,False,True,False,False,False,False
1448,59,66.4,3958.2,True,True,False,False,True,False,False,False,False,False
1449,69,35.75,2492.25,True,True,False,False,False,False,False,False,False,False
1450,10,45.55,402.6,True,False,False,False,False,True,False,True,False,True
1451,47,67.45,3252.0,False,False,False,False,True,False,False,False,False,False
1452,2,35.1,68.75,False,False,False,False,False,True,False,False,True,True
1453,1,46.2,46.2,True,False,False,False,True,False,False,False,True,True
1454,1,45.15,45.15,False,False,False,False,False,True,False,False,True,True
1455,1,43.3,43.3,True,False,False,False,False,True,False,False,True,True
1456,38,57.15,2250.65,False,False,False,False,True,False,False,False,False,True
1457,65,58.9,3857.1,False,False,True,False,True,False,False,False,False,False
1458,19,73.2,1441.1,False,False,False,True,False,True,False,False,False,True
1459,52,85.35,4338.6,True,False,False,True,False,True,False,False,False,True
1460,1,45.95,45.95,False,False,False,False,False,False,True,False,True,True
1461,52,50.5,2566.3,False,False,False,False,False,True,False,False,False,False
1462,26,60.7,1597.4,False,True,False,False,False,False,True,False,False,False
1463,48,99.0,4744.35,True,True,False,True,False,True,False,False,False,False
1464,64,104.4,6721.6,False,True,False,True,False,False,False,False,False,False
1465,3,83.75,247.25,False,False,False,True,False,True,False,False,True,True
1466,1,44.05,44.05,True,False,False,False,False,False,False,False,True,False
1467,1,45.55,45.55,True,False,False,False,False,False,True,False,True,False
1468,51,93.8,4539.35,False,False,False,True,False,True,False,False,False,False
1469,72,70.65,5011.15,False,False,True,False,True,False,False,False,False,False
1470,43,86.45,3574.5,False,False,True,False,True,False,False,False,False,False
1471,72,114.1,8086.4,True,False,True,True,True,False,False,False,False,False
1472,47,95.2,4563.0,True,True,False,True,True,False,False,False,False,False
1473,72,88.55,6362.35,True,False,True,False,True,False,False,False,False,False
1474,1,70.05,70.05,True,False,False,True,False,True,False,False,True,True
1475,2,86.0,165.45,True,False,False,True,False,True,False,False,True,True
1476,26,44.65,1156.55,True,False,False,False,False,False,False,False,False,False
1477,29,60.2,1834.15,True,False,False,False,False,False,True,False,False,False
1478,35,100.5,3653.35,False,False,False,True,False,False,False,False,False,True
1479,27,55.45,1477.65,True,True,False,False,False,False,False,False,False,False
1480,24,70.3,1706.45,True,False,False,False,True,False,False,False,False,False
1481,67,60.4,3953.7,True,False,True,False,False,False,False,False,False,False
1482,16,72.65,1194.3,False,False,False,True,False,True,False,False,False,True
1483,23,55.8,1327.85,False,True,False,False,False,False,False,False,False,False
1484,14,31.1,419.7,True,False,False,False,False,False,True,False,False,False
1485,1,45.1,45.1,False,False,False,False,False,False,True,False,True,True
1486,4,50.95,207.35,True,False,False,False,True,False,False,False,True,False
1487,16,69.1,1083.7,True,False,False,False,False,True,False,False,False,False
1488,46,43.95,2007.85,False,False,False,False,False,True,False,False,False,False
1489,68,86.5,5882.75,True,False,True,False,False,False,False,False,False,False
1490,38,69.95,2657.55,True,False,False,False,False,True,False,False,False,False
1491,30,50.4,1527.5,True,False,False,False,False,False,False,False,False,True
1492,5,78.95,378.4,False,False,False,True,False,True,False,False,True,True
1493,17,90.95,1612.2,True,False,False,True,True,False,False,False,False,False
1494,72,90.6,6441.85,True,False,True,False,True,False,False,False,False,False
1495,3,92.0,266.8,True,False,False,True,False,True,False,False,True,False
1496,56,94.45,5124.6,True,False,False,True,False,True,False,False,False,True
1497,40,36.0,1382.9,True,True,False,False,True,False,False,False,False,False
1498,7,78.5,571.05,False,False,False,False,False,True,False,True,False,False
1499,5,30.5,167.2,False,False,False,False,False,True,False,False,True,False
1500,72,106.1,7657.4,False,False,True,True,True,False,False,False,False,False
1501,65,95.5,6153.85,False,True,False,True,False,True,False,False,False,False
1502,3,64.6,174.2,False,False,False,False,False,True,False,False,True,False
1503,24,51.1,1269.6,True,False,False,False,True,False,False,False,False,False
1504,44,84.8,3862.55,False,False,False,True,False,False,False,False,False,True
1505,72,89.1,6352.4,False,False,True,False,True,False,False,False,False,False
1506,24,54.95,1348.5,True,False,False,False,False,True,False,False,False,False
1507,1,50.9,50.9,True,False,False,False,False,False,True,False,True,True
1508,70,85.95,5931.75,True,False,True,False,True,False,False,False,False,False
1509,25,60.35,1404.65,True,False,False,False,False,True,False,False,False,False
1510,22,85.35,1961.6,False,False,False,True,False,False,False,False,False,False
1511,59,72.1,4194.85,False,False,True,False,False,False,False,False,False,False
1512,49,99.8,4872.45,True,False,False,True,False,True,False,False,False,True
1513,47,107.35,5118.95,True,False,False,True,False,False,False,False,False,True
1514,1,81.05,81.05,True,False,False,True,False,True,False,False,True,False
1515,53,111.8,5809.75,False,True,False,True,False,False,False,False,False,False
1516,3,79.1,246.5,False,False,False,True,False,True,False,False,True,True
1517,51,60.5,3145.15,False,True,False,False,False,False,False,False,False,False
1518,63,71.5,4576.3,True,True,False,False,False,True,False,False,False,False
1519,3,54.65,189.1,True,False,False,False,False,False,True,False,True,False
1520,1,49.8,49.8,True,False,False,False,True,False,False,False,True,False
1521,8,25.5,215.2,True,False,False,False,False,False,True,True,False,True
1522,55,90.4,5099.15,True,False,False,True,True,False,False,False,False,False
1523,70,90.25,6385.95,False,True,False,True,False,False,False,False,False,False
1524,2,80.75,159.45,False,False,False,True,False,True,False,False,True,True
1525,67,104.6,6885.75,True,False,True,True,False,False,False,False,False,False
1526,65,91.85,5940.85,True,False,False,True,False,False,False,False,False,True
1527,14,50.2,668.85,True,False,False,False,True,False,False,False,False,False
1528,20,95.5,1916.2,False,False,False,True,False,False,False,False,False,False
1529,1,75.35,75.35,True,False,False,True,False,True,False,False,True,True
1530,1,75.45,75.45,True,False,False,True,False,True,False,False,True,True
1531,49,95.4,4613.95,False,False,False,True,False,False,False,False,False,False
1532,72,101.3,7261.25,False,False,True,True,False,False,False,False,False,False
1533,46,53.1,2459.8,False,False,False,False,False,True,False,False,False,False
1534,24,84.85,2048.8,True,False,False,True,False,False,False,False,False,False
1535,5,34.25,163.55,False,False,False,False,False,True,False,False,True,False
1536,33,88.6,2888.7,False,False,False,True,True,False,False,False,False,False
1537,42,60.15,2421.6,False,True,False,False,False,False,False,False,False,False
1538,23,99.95,2292.75,True,True,False,True,True,False,False,False,False,False
1539,8,70.7,553.4,True,False,False,True,False,False,False,True,False,False
1540,66,54.8,3465.7,True,True,False,False,False,False,True,False,False,False
1541,24,49.55,1210.4,True,False,False,False,False,False,False,False,False,True
1542,24,54.8,1291.3,True,False,False,False,True,False,False,False,False,False
1543,69,78.6,5356.45,True,True,False,False,True,False,False,False,False,True
1544,53,100.3,5200.8,False,True,False,True,False,False,True,False,False,False
1545,60,53.6,3237.05,False,False,True,False,False,True,False,False,False,False
1546,7,81.1,576.65,False,False,False,True,False,True,False,True,False,True
1547,23,85.6,1868.4,False,False,False,True,False,True,False,False,False,False
1548,72,80.8,5728.55,True,False,True,False,False,True,False,False,False,False
1549,11,74.95,825.7,True,False,False,True,False,True,False,True,False,True
1550,1,93.55,93.55,True,False,False,True,False,True,False,False,True,True
1551,31,90.7,2845.15,True,False,False,True,False,True,False,False,False,False
1552,57,69.75,3894.4,False,False,True,False,False,False,True,False,False,False
1553,10,95.25,1021.55,True,False,False,True,False,True,False,True,False,False
1554,58,102.1,5885.4,False,False,False,True,True,False,False,False,False,True
1555,27,80.85,2204.35,True,True,False,False,False,False,True,False,False,False
1556,14,90.9,1259.0,False,False,False,True,False,False,False,False,False,True
1557,12,29.2,309.1,False,False,False,False,False,False,True,True,False,True
1558,69,93.3,6398.05,False,False,True,True,False,False,False,False,False,False
1559,25,89.15,2257.75,False,False,False,True,False,False,False,False,False,True
1560,58,108.85,6287.25,True,True,False,True,False,True,False,False,False,True
1561,35,46.35,1662.05,False,False,True,False,True,False,False,False,False,False
1562,16,84.75,1350.15,False,False,False,True,False,True,False,False,False,True
1563,45,78.75,3600.65,True,True,False,False,True,False,False,False,False,False
1564,17,83.55,1329.15,False,False,False,True,False,True,False,False,False,False
1565,1,45.7,45.7,False,False,False,False,False,True,False,False,True,True
1566,1,69.95,69.95,False,False,False,True,False,True,False,False,True,True
1567,67,67.85,4627.65,True,False,True,False,False,False,True,False,False,False
1568,67,105.65,6717.9,False,False,True,True,False,False,False,False,False,False
1569,2,44.6,97.1,False,False,False,False,False,True,False,False,True,True
1570,23,74.95,1710.45,True,False,False,True,False,True,False,False,False,True
1571,9,75.5,637.4,False,False,False,True,True,False,False,True,False,False
1572,54,45.2,2460.55,True,False,True,False,True,False,False,False,False,False
1573,57,95.25,5464.65,False,False,True,True,False,True,False,False,False,True
1574,24,89.85,2165.05,True,False,False,True,False,False,True,False,False,True
1575,49,100.45,4941.8,False,True,False,True,False,False,True,False,False,True
1576,5,47.15,223.15,True,False,False,False,False,True,False,False,True,True
1577,2,80.2,181.1,True,False,False,True,False,True,False,False,True,True
1578,4,87.1,341.45,False,False,False,True,False,False,True,False,True,True
1579,70,79.25,5731.85,True,False,True,False,False,False,False,False,False,False
1580,5,75.9,357.75,True,False,False,True,False,False,False,False,True,True
1581,53,85.7,4616.1,True,False,False,False,False,True,False,False,False,False
1582,47,98.75,4533.7,False,False,False,True,False,True,False,False,False,True
1583,13,61.8,750.1,True,False,False,False,False,False,False,False,False,False
1584,28,49.9,1410.25,False,False,False,False,False,False,True,False,False,False
1585,10,86.45,830.85,False,False,False,True,False,True,False,True,False,True
1586,1,45.3,45.3,False,False,False,False,False,False,True,False,True,True
1587,67,104.1,7040.85,True,True,False,True,False,True,False,False,False,True
1588,52,75.4,3865.45,True,True,False,False,False,False,True,False,False,False
1589,62,108.15,6825.65,True,False,True,True,False,False,True,False,False,False
1590,16,86.25,1340.1,False,False,False,True,False,True,False,False,False,False
1591,5,81.0,371.65,False,False,False,True,False,True,False,False,True,True
1592,12,95.7,1184.0,True,True,False,True,False,True,False,True,False,False
1593,72,116.85,8477.7,False,False,True,True,False,False,False,False,False,False
1594,71,105.75,7382.85,True,True,False,True,False,False,False,False,False,False
1595,67,90.6,6056.15,True,True,False,True,True,False,False,False,False,True
1596,2,60.95,134.6,True,False,False,False,False,False,False,False,True,False
1597,5,25.05,125.5,False,False,False,False,False,False,True,False,True,False
1598,15,88.15,1390.6,False,False,False,True,False,True,False,False,False,True
1599,41,60.3,2511.3,True,True,False,False,False,False,False,False,False,False
1600,43,63.95,2737.05,False,False,False,False,False,True,False,False,False,False
1601,1,74.3,74.3,True,False,False,True,False,True,False,False,True,False
1602,1,70.6,70.6,False,False,False,True,False,False,True,False,True,False
1603,26,90.8,2361.8,False,False,False,True,False,True,False,False,False,True
1604,22,79.35,1730.35,True,False,False,True,False,True,False,False,False,True
1605,71,90.55,6404.0,True,False,True,False,False,False,False,False,False,False
1606,28,64.45,1867.6,False,False,False,False,False,False,False,False,False,False
1607,16,69.65,1043.3,True,False,False,True,False,True,False,False,False,False
1608,69,110.5,7455.45,False,False,True,True,False,False,False,False,False,False
1609,1,24.7,24.7,False,False,False,False,False,False,True,False,True,False
1610,3,77.4,206.15,True,False,False,False,False,True,False,False,True,False
1611,21,96.8,2030.3,True,False,False,True,False,False,False,False,False,True
1612,69,85.4,5869.4,False,False,False,True,False,False,False,False,False,False
1613,71,47.6,3377.8,False,False,True,False,False,False,False,False,False,False
1614,48,103.85,4946.05,False,False,False,True,False,True,False,False,False,False
1615,47,83.35,4065.0,True,False,False,True,False,False,False,False,False,True
1616,2,49.4,106.55,False,False,False,False,False,True,False,False,True,True
1617,45,108.45,4964.7,True,False,False,True,True,False,False,False,False,False
1618,51,81.0,4085.75,True,False,False,True,False,False,False,False,False,False
1619,22,79.2,1742.75,False,False,False,False,False,True,False,False,False,True
1620,72,86.65,6224.8,True,False,True,False,False,False,False,False,False,False
1621,37,92.95,3415.25,True,False,False,True,False,True,False,False,False,False
1622,71,90.35,6325.25,True,False,True,False,False,True,False,False,False,False
1623,7,48.7,340.25,True,False,False,False,False,True,False,True,False,True
1624,51,76.4,3966.3,True,True,False,False,False,False,False,False,False,False
1625,34,85.35,2896.6,False,False,False,True,False,True,False,False,False,False
1626,65,103.15,6792.45,True,True,False,True,False,False,False,False,False,False
1627,47,100.75,4669.2,True,False,False,True,False,False,True,False,False,False
1628,1,95.6,95.6,False,False,False,True,False,True,False,False,True,True
1629,49,59.75,2934.3,False,False,False,False,True,False,False,False,False,True
1630,67,94.1,6302.8,False,False,True,True,True,False,False,False,False,False
1631,43,108.15,4600.7,False,False,False,True,True,False,False,False,False,True
1632,56,101.05,5594.0,True,False,False,True,False,True,False,False,False,False
1633,14,59.1,772.85,False,True,False,False,True,False,False,False,False,False
1634,1,71.35,71.35,False,False,False,True,False,True,False,False,True,True
1635,16,55.85,857.8,True,True,False,False,False,False,True,False,False,False
1636,70,106.05,7554.05,True,False,False,True,False,True,False,False,False,False
1637,72,84.1,5981.65,True,False,True,False,True,False,False,False,False,False
1638,23,75.3,1702.9,False,False,False,True,True,False,False,False,False,False
1639,1,69.75,69.75,True,False,False,True,False,False,False,False,True,True
1640,32,93.2,2931.0,False,False,False,True,False,True,False,False,False,True
1641,17,80.85,1400.85,True,False,False,True,False,True,False,False,False,True
1642,4,33.65,137.85,False,False,False,False,False,True,False,False,True,True
1643,36,55.8,1941.5,False,True,False,False,False,True,False,False,False,False
1644,50,39.7,1932.75,False,False,True,False,True,False,False,False,False,False
1645,48,29.5,1423.05,False,False,False,False,True,False,False,False,False,False
1646,72,79.55,5810.9,True,False,True,False,True,False,False,False,False,False
1647,1,79.95,79.95,True,False,False,True,False,True,False,False,True,True
1648,9,94.05,811.65,True,False,False,True,False,True,False,True,False,False
1649,2,90.75,174.75,True,False,False,True,False,False,True,False,True,False
1650,40,78.85,3126.85,False,False,False,True,True,False,False,False,False,False
1651,69,99.5,6841.45,True,True,False,True,False,False,False,False,False,False
1652,37,99.2,3754.6,False,True,False,True,False,True,False,False,False,True
1653,18,80.55,1406.65,True,False,False,True,True,False,False,False,False,False
1654,11,70.2,834.7,True,False,False,True,False,True,False,True,False,False
1655,8,85.2,627.4,False,False,False,True,True,False,False,True,False,True
1656,3,75.25,242.0,False,False,False,True,False,True,False,False,True,True
1657,55,59.45,3157.0,True,True,False,False,True,False,False,False,False,False
1658,33,93.35,3092.0,True,False,False,True,False,True,False,False,False,False
1659,46,44.95,2168.9,False,False,False,False,False,False,False,False,False,False
1660,33,59.4,1952.8,False,True,False,False,False,True,False,False,False,False
1661,45,95.0,4368.85,True,True,False,True,True,False,False,False,False,False
1662,40,61.9,2647.1,True,False,False,False,False,False,True,False,False,False
1663,71,118.65,8477.6,False,False,True,True,False,True,False,False,False,False
1664,1,54.35,54.35,True,False,False,False,False,True,False,False,True,True
1665,72,64.45,4528.0,False,False,True,False,False,False,False,False,False,False
1666,22,80.15,1790.65,False,False,False,True,False,True,False,False,False,False
1667,12,75.85,854.45,False,True,False,False,False,False,True,True,False,False
1668,31,80.45,2429.1,True,False,False,True,False,True,False,False,False,False
1669,5,24.95,100.4,True,False,False,False,False,True,False,False,True,True
1670,67,75.5,5229.45,False,False,True,False,False,True,False,False,False,False
1671,1,44.45,44.45,True,False,False,False,False,False,True,False,True,False
1672,40,42.35,1716.45,True,True,False,False,False,True,False,False,False,True
1673,41,74.55,3023.55,True,False,False,False,True,False,False,False,False,False
1674,1,75.3,75.3,True,False,False,True,False,True,False,False,True,True
1675,51,94.8,4837.6,True,True,False,True,False,True,False,False,False,True
1676,42,48.15,2032.3,True,False,True,False,True,False,False,False,False,False
1677,1,70.55,70.55,False,False,False,True,False,True,False,False,True,True
1678,56,106.6,5893.95,False,False,False,True,True,False,False,False,False,False
1679,15,91.0,1430.05,True,False,False,True,False,True,False,False,False,False
1680,54,69.95,3871.85,False,False,True,False,False,False,False,False,False,False
1681,7,66.85,458.1,False,False,False,False,False,True,False,True,False,False
1682,33,86.15,2745.7,False,False,False,True,True,False,False,False,False,True
1683,21,64.85,1336.8,False,True,False,False,False,False,True,False,False,False
1684,30,74.85,2181.75,True,False,True,False,False,True,False,False,False,False
1685,3,50.5,147.75,True,False,False,False,False,False,True,False,True,False
1686,11,72.9,818.45,True,False,False,True,False,True,False,True,False,False
1687,62,115.05,7133.45,False,True,False,True,True,False,False,False,False,False
1688,46,101.1,4674.4,False,True,False,True,False,True,False,False,False,False
1689,21,84.1,1737.45,True,False,False,True,False,True,False,False,False,False
1690,1,50.1,50.1,False,False,False,False,False,True,False,False,True,False
1691,25,74.6,1797.75,False,False,False,True,False,True,False,False,False,False
1692,30,85.0,2624.25,False,False,False,True,False,True,False,False,False,True
1693,2,80.55,184.1,False,False,False,True,False,True,False,False,True,True
1694,51,106.8,5498.8,True,True,False,True,False,False,False,False,False,False
1695,57,84.5,4845.4,False,False,True,False,False,True,False,False,False,False
1696,72,83.7,6096.9,False,False,True,False,False,False,False,False,False,False
1697,2,75.8,160.75,False,False,False,True,False,True,False,False,True,True
1698,28,96.6,2684.35,True,False,False,True,True,False,False,False,False,False
1699,29,98.5,3004.15,True,False,False,True,False,True,False,False,False,True
1700,70,101.1,6994.8,True,False,True,True,True,False,False,False,False,False
1701,59,94.05,5483.9,False,True,False,True,False,True,False,False,False,False
1702,13,95.25,1233.65,True,False,False,True,False,True,False,False,False,True
1703,7,74.4,527.9,True,False,False,True,False,False,True,True,False,True
1704,62,81.0,4985.9,False,False,True,False,False,False,True,False,False,False
1705,21,60.25,1258.35,False,True,False,False,False,True,False,False,False,False
1706,2,60.85,111.4,False,False,False,False,False,True,False,False,True,False
1707,1,43.95,43.95,False,False,False,False,True,False,False,False,True,False
1708,4,86.05,308.1,True,False,False,True,False,True,False,False,True,False
1709,30,85.15,2555.9,False,False,False,True,False,True,False,False,False,True
1710,72,102.65,7550.3,True,False,True,True,True,False,False,False,False,False
1711,71,95.5,6707.15,True,False,True,True,True,False,False,False,False,False
1712,50,84.15,4164.4,False,True,False,False,True,False,False,False,False,False
1713,56,103.2,5873.75,True,False,True,True,False,True,False,False,False,False
1714,2,50.2,109.25,True,False,False,False,True,False,False,False,True,False
1715,2,88.55,179.25,False,False,False,True,False,True,False,False,True,True
1716,24,54.75,1338.15,True,False,False,False,False,True,False,False,False,True
1717,71,116.25,8564.75,True,False,True,True,False,True,False,False,False,False
1718,29,31.2,926.2,False,False,False,False,False,True,False,False,False,False
1719,71,84.2,5956.85,True,False,True,False,True,False,False,False,False,False
1720,1,91.3,91.3,False,False,False,True,False,True,False,False,True,True
1721,56,85.65,4824.45,True,False,True,False,False,False,False,False,False,False
1722,1,79.5,79.5,True,False,False,True,False,True,False,False,True,True
1723,66,63.85,4264.6,True,False,False,False,False,True,False,False,False,False
1724,17,61.95,1070.7,False,True,False,False,False,False,True,False,False,False
1725,19,58.2,1045.25,False,True,False,False,False,True,False,False,False,False
1726,36,85.85,3003.55,False,True,False,False,False,False,False,False,False,False
1727,7,70.1,467.55,True,False,False,True,False,False,True,True,False,True
1728,72,104.9,7537.5,True,True,False,True,True,False,False,False,False,False
1729,67,111.3,7482.1,True,True,False,True,False,True,False,False,False,True
1730,34,99.85,3343.15,True,True,False,True,False,True,False,False,False,False
1731,57,95.25,5427.05,True,False,False,True,False,False,False,False,False,True
1732,7,86.25,587.1,False,False,False,True,False,True,False,True,False,True
1733,1,100.8,100.8,False,False,False,True,False,True,False,False,True,True
1734,69,104.0,7028.5,False,False,True,True,False,True,False,False,False,False
1735,50,104.4,5232.9,False,True,False,True,False,False,True,False,False,False
1736,14,86.3,1180.95,False,False,False,True,False,True,False,False,False,True
1737,70,49.85,3370.2,False,False,True,False,False,False,False,False,False,False
1738,64,108.95,7111.3,False,False,False,True,False,False,False,False,False,False
1739,66,89.9,5958.85,False,False,True,False,True,False,False,False,False,False
1740,71,82.0,5999.85,False,False,True,False,True,False,False,False,False,False
1741,20,89.95,1648.45,True,False,False,True,False,True,False,False,False,False
1742,72,79.35,5753.25,True,False,True,False,False,False,False,False,False,False
1743,71,64.05,4492.9,False,False,True,False,True,False,False,False,False,False
1744,38,101.15,3956.7,True,False,False,True,True,False,False,False,False,False
1745,28,89.95,2625.55,False,False,False,True,False,True,False,False,False,True
1746,17,76.45,1233.4,True,False,False,True,False,True,False,False,False,True
1747,33,39.1,1309.0,True,True,False,False,False,True,False,False,False,False
1748,23,34.6,813.45,False,False,True,False,False,False,True,False,False,False
1749,70,104.45,7349.35,False,False,True,True,False,False,False,False,False,False
1750,4,70.5,294.2,True,False,False,True,False,True,False,False,True,False
1751,10,70.0,740.0,True,False,False,True,False,True,False,True,False,True
1752,54,69.9,3883.3,True,False,False,False,False,False,True,False,False,False
1753,23,59.7,1414.2,True,False,True,False,False,False,True,False,False,False
1754,41,78.35,3211.2,False,True,False,False,True,False,False,False,False,False
1755,5,71.45,371.6,True,False,False,True,False,False,True,False,True,False
1756,27,45.85,1246.4,True,True,False,False,True,False,False,False,False,False
1757,1,95.85,95.85,False,False,False,True,False,True,False,False,True,False
1758,67,35.7,2545.7,False,False,True,False,True,False,False,False,False,False
1759,72,89.55,6448.85,False,False,True,False,True,False,False,False,False,False
1760,66,100.8,6690.75,False,False,False,True,False,True,False,False,False,False
1761,34,64.4,2088.75,False,True,False,False,False,False,True,False,False,True
1762,69,105.35,7240.65,False,False,True,True,False,False,False,False,False,False
1763,1,102.45,102.45,False,False,False,True,False,True,False,False,True,True
1764,30,54.45,1588.7,True,False,False,False,False,False,False,False,False,False
1765,11,70.5,829.3,False,False,False,False,False,False,True,True,False,False
1766,11,69.35,712.25,True,False,False,False,False,True,False,True,False,False
1767,72,74.4,5360.75,True,False,True,False,False,False,False,False,False,False
1768,72,93.05,6735.05,True,False,True,True,False,False,False,False,False,False
1769,1,51.2,51.2,False,False,False,False,False,False,True,False,True,False
1770,15,65.6,1010.0,False,True,False,False,True,False,False,False,False,False
1771,60,80.55,4847.05,False,True,False,False,True,False,False,False,False,False
1772,56,52.7,3019.7,True,True,False,False,False,False,True,False,False,False
1773,3,80.1,217.55,False,False,False,True,True,False,False,False,True,True
1774,49,52.15,2583.75,False,False,False,False,True,False,False,False,False,False
1775,2,80.2,146.05,False,False,False,True,False,True,False,False,True,True
1776,6,98.15,567.45,False,False,False,True,False,False,False,False,True,True
1777,70,114.95,7711.25,True,False,True,True,False,False,False,False,False,False
1778,12,112.95,1384.75,True,False,False,True,False,False,True,True,False,True
1779,52,104.45,5481.25,True,True,False,True,False,False,False,False,False,False
1780,72,113.65,8124.2,False,False,True,True,True,False,False,False,False,False
1781,1,70.9,70.9,False,False,False,True,False,False,True,False,True,True
1782,3,86.85,220.95,False,False,False,True,False,True,False,False,True,True
1783,40,91.55,3673.6,False,False,False,True,False,True,False,False,False,False
1784,1,49.85,49.85,True,False,False,False,False,True,False,False,True,False
1785,23,99.85,2331.3,True,False,False,True,False,True,False,False,False,True
1786,1,74.5,74.5,True,False,False,True,False,True,False,False,True,True
1787,44,104.15,4495.65,False,False,False,True,False,True,False,False,False,False
1788,65,109.15,6941.2,True,False,False,True,False,True,False,False,False,True
1789,7,48.2,340.35,False,False,False,False,False,True,False,True,False,False
1790,8,100.15,908.55,False,False,False,True,True,False,False,True,False,False
1791,16,65.2,1043.35,False,False,False,False,True,False,False,False,False,True
1792,66,99.5,6822.15,True,False,False,True,True,False,False,False,False,True
1793,1,71.55,71.55,True,False,False,True,False,False,True,False,True,True
1794,3,55.9,157.55,True,False,False,False,False,False,True,False,True,False
1795,53,93.9,5029.2,True,False,False,True,False,True,False,False,False,True
1796,8,64.4,581.7,True,False,False,False,True,False,False,True,False,False
1797,69,108.4,7318.2,True,False,True,True,False,False,False,False,False,True
1798,5,85.3,420.45,False,False,False,True,False,False,True,False,True,False
1799,72,107.45,7576.7,False,False,True,True,False,False,True,False,False,False
1800,13,48.75,633.4,False,False,False,False,False,False,False,False,False,True
1801,4,85.65,321.65,False,False,False,True,False,True,False,False,True,True
1802,54,91.3,4965.0,False,False,True,False,True,False,False,False,False,False
1803,72,85.95,6151.9,True,False,True,False,False,False,False,False,False,False
1804,12,106.7,1253.9,True,False,False,True,False,True,False,True,False,True
1805,1,25.15,25.15,True,False,False,False,False,True,False,False,True,True
1806,1,45.2,45.2,True,False,False,False,False,True,False,False,True,False
1807,54,110.35,5893.15,False,True,False,True,False,True,False,False,False,True
1808,69,79.2,5420.65,True,False,True,True,True,False,False,False,False,False
1809,48,55.5,2627.35,False,False,True,False,True,False,False,False,False,False
1810,48,103.25,5037.55,False,True,False,True,True,False,False,False,False,True
1811,8,90.25,743.75,False,False,False,True,False,True,False,True,False,False
1812,71,91.25,6589.6,True,False,True,False,False,False,True,False,False,False
1813,2,47.8,92.45,True,False,False,False,False,True,False,False,True,True
1814,67,100.9,6733.15,True,True,False,True,True,False,False,False,False,False
1815,34,97.7,3410.0,True,False,False,True,False,False,False,False,False,False
1816,3,69.85,199.85,False,False,False,True,False,True,False,False,True,False
1817,9,65.6,593.3,False,True,False,False,False,False,True,True,False,False
1818,71,104.65,7288.4,True,True,False,True,False,False,False,False,False,False
1819,57,90.45,5229.8,True,False,True,True,True,False,False,False,False,False
1820,72,63.7,4464.8,True,False,True,False,False,False,False,False,False,False
1821,48,104.5,5068.05,False,False,False,True,False,True,False,False,False,False
1822,43,104.3,4451.85,True,True,False,True,True,False,False,False,False,False
1823,72,93.25,6688.95,False,False,True,False,False,False,False,False,False,False
1824,35,73.45,2661.1,True,True,False,False,False,False,False,False,False,False
1825,71,100.5,7030.65,False,False,True,True,False,False,False,False,False,False
1826,11,90.6,1020.2,True,False,False,True,False,True,False,True,False,False
1827,63,89.4,5597.65,True,False,True,False,True,False,False,False,False,False
1828,65,95.45,6223.3,False,False,False,True,False,False,False,False,False,False
1829,29,98.6,2933.2,False,False,False,True,True,False,False,False,False,True
1830,15,83.05,1258.3,False,False,False,True,False,True,False,False,False,True
1831,72,109.15,7789.6,False,True,False,True,True,False,False,False,False,False
1832,26,85.7,2067.0,False,False,False,True,True,False,False,False,False,False
1833,35,102.05,3452.55,False,False,False,True,False,False,False,False,False,False
1834,57,94.7,5468.95,False,True,False,True,False,True,False,False,False,False
1835,28,64.4,1802.15,True,False,False,False,False,True,False,False,False,False
1836,47,66.05,3021.45,False,True,False,False,True,False,False,False,False,False
1837,57,65.2,3687.85,False,False,False,False,False,False,False,False,False,False
1838,16,85.05,1391.15,True,False,False,True,True,False,False,False,False,False
1839,5,55.8,274.35,True,False,False,False,False,False,True,False,True,False
1840,17,70.4,1214.05,True,False,False,True,False,False,False,False,False,True
1841,56,104.75,5510.65,False,True,False,True,False,False,False,False,False,True
1842,21,94.25,1973.75,False,False,False,True,False,True,False,False,False,True
1843,48,45.0,2196.3,False,True,False,False,True,False,False,False,False,False
1844,68,114.9,7843.55,False,False,True,True,False,False,False,False,False,False
1845,30,106.4,3211.9,False,False,False,True,False,False,False,False,False,False
1846,3,46.1,130.15,False,False,False,False,False,False,True,False,True,False
1847,14,39.7,692.35,False,False,True,False,False,False,True,False,False,False
1848,71,95.75,6849.4,False,False,True,True,True,False,False,False,False,False
1849,61,33.6,2117.2,True,False,False,False,False,False,False,False,False,False
1850,72,90.45,6565.85,True,False,True,True,False,False,False,False,False,False
1851,5,84.0,424.75,False,False,False,True,False,True,False,False,True,False
1852,49,67.4,3306.85,False,False,True,False,False,False,False,False,False,False
1853,3,80.35,253.8,True,False,False,True,False,True,False,False,True,False
1854,67,54.2,3838.2,True,False,True,False,False,False,False,False,False,False
1855,46,45.2,2065.15,True,False,False,False,True,False,False,False,False,False
1856,67,75.1,5064.45,False,True,False,False,False,False,True,False,False,False
1857,33,72.75,2447.45,True,False,False,False,False,False,False,False,False,False
1858,1,45.95,45.95,False,False,False,False,False,False,True,False,True,True
1859,49,39.2,1838.15,True,False,False,False,False,True,False,False,False,False
1860,1,44.75,44.75,True,False,False,False,False,True,False,False,True,False
1861,14,82.65,1185.0,True,False,False,True,False,True,False,False,False,False
1862,18,93.9,1743.9,True,False,False,True,False,False,False,False,False,False
1863,1,70.15,70.15,False,False,False,True,False,True,False,False,True,True
1864,1,85.55,85.55,False,False,False,True,True,False,False,False,True,True
1865,72,117.15,8529.5,False,False,True,True,True,False,False,False,False,False
1866,64,99.25,6549.45,True,False,True,True,True,False,False,False,False,False
1867,69,112.55,7806.5,True,False,True,True,False,False,False,False,False,False
1868,71,90.3,6287.3,True,False,True,False,True,False,False,False,False,False
1869,66,49.4,3251.85,False,True,False,False,True,False,False,False,False,False
1870,71,109.7,7904.25,False,False,True,True,False,False,False,False,False,False
1871,11,61.25,729.95,True,True,False,False,False,True,False,True,False,False
1872,47,55.3,2654.05,True,False,False,False,False,True,False,False,False,False
1873,35,70.3,2416.55,False,False,False,True,False,True,False,False,False,True
1874,32,106.35,3520.75,True,False,False,True,False,False,False,False,False,True
1875,60,103.75,5969.95,True,False,False,True,False,False,False,False,False,False
1876,29,39.5,1082.75,False,True,False,False,True,False,False,False,False,False
1877,21,26.05,565.75,True,False,False,False,False,True,False,False,False,False
1878,48,91.05,4370.75,True,False,False,True,True,False,False,False,False,False
1879,3,29.65,90.05,False,False,False,False,False,False,True,False,True,False
1880,43,50.2,2169.4,False,False,False,False,False,False,True,False,False,False
1881,5,105.3,550.6,True,False,False,True,False,True,False,False,True,False
1882,1,55.45,55.45,False,False,False,False,False,True,False,False,True,False
1883,71,85.45,6300.85,True,True,False,False,False,True,False,False,False,False
1884,8,59.25,436.6,True,False,False,False,False,True,False,True,False,False
1885,20,90.7,1781.35,True,False,False,True,True,False,False,False,False,False
1886,33,103.7,3467.0,False,True,False,True,False,False,True,False,False,True
1887,71,79.05,5552.5,True,True,False,True,True,False,False,False,False,False
1888,31,90.7,2835.5,False,True,False,True,False,True,False,False,False,False
1889,38,95.0,3591.25,False,True,False,True,True,False,False,False,False,False
1890,1,88.35,88.35,True,False,False,True,False,True,False,False,True,True
1891,2,30.25,63.75,False,False,False,False,False,False,True,False,True,False
1892,12,49.85,617.15,False,False,False,False,False,False,False,True,False,False
1893,9,93.0,870.25,False,False,False,True,False,False,False,True,False,False
1894,11,54.55,601.25,True,False,False,False,False,True,False,True,False,False
1895,71,84.8,6046.1,False,True,False,False,False,False,False,False,False,False
1896,42,94.45,3923.8,False,True,False,True,True,False,False,False,False,False
1897,8,94.2,777.3,False,False,False,True,False,True,False,True,False,True
1898,5,96.25,512.45,False,False,False,True,False,True,False,False,True,True
1899,2,70.7,141.45,False,False,False,True,False,True,False,False,True,True
1900,28,60.0,1682.05,True,True,False,False,True,False,False,False,False,False
1901,43,80.45,3398.9,False,False,False,True,False,True,False,False,False,False
1902,60,84.95,4984.85,True,False,True,False,False,True,False,False,False,False
1903,42,33.55,1445.3,False,True,False,False,False,False,True,False,False,True
1904,7,49.65,305.55,True,False,True,False,True,False,False,True,False,False
1905,40,94.55,3640.45,False,False,False,True,True,False,False,False,False,True
1906,27,100.5,2673.45,True,True,False,True,False,False,False,False,False,False
1907,10,35.75,389.8,True,False,False,False,False,True,False,True,False,False
1908,27,86.45,2401.05,False,False,False,True,False,False,False,False,False,False
1909,11,53.8,651.55,False,True,False,False,False,False,False,True,False,False
1910,4,38.55,156.1,True,False,False,False,True,False,False,False,True,False
1911,68,39.9,2796.35,True,False,False,False,False,False,False,False,False,False
1912,1,70.05,70.05,True,False,False,True,False,True,False,False,True,False
1913,57,112.95,6465.0,False,False,True,True,False,False,False,False,False,True
1914,17,35.65,646.05,False,False,False,False,True,False,False,False,False,False
1915,1,35.9,35.9,True,False,False,False,False,True,False,False,True,True
1916,38,99.25,3777.15,True,False,False,True,False,False,False,False,False,True
1917,59,82.95,4903.15,True,True,False,True,True,False,False,False,False,False
1918,30,55.65,1653.85,True,False,True,False,False,False,True,False,False,False
1919,2,24.45,47.5,True,False,False,False,False,False,True,False,True,True
1920,9,50.8,463.6,True,True,False,False,False,False,True,True,False,False
1921,14,59.8,824.85,False,False,False,False,True,False,False,False,False,False
1922,31,73.55,2094.65,False,False,False,True,True,False,False,False,False,False
1923,7,61.4,438.9,False,False,False,False,False,True,False,True,False,False
1924,8,103.35,847.3,False,False,False,True,False,False,False,True,False,True
1925,2,81.5,162.55,False,False,False,True,False,False,True,False,True,False
1926,7,84.8,546.95,True,False,False,True,False,True,False,True,False,True
1927,72,109.55,7887.25,False,False,True,True,True,False,False,False,False,False
1928,31,99.95,3186.65,False,False,False,True,False,True,False,False,False,True
1929,27,74.4,1972.35,False,False,False,True,False,False,True,False,False,False
1930,18,90.0,1527.35,False,False,False,True,True,False,False,False,False,True
1931,7,74.9,490.55,True,False,False,True,False,True,False,True,False,False
1932,14,104.85,1531.4,False,False,False,True,False,True,False,False,False,True
1933,11,59.65,683.25,True,False,False,False,False,False,False,True,False,False
1934,72,110.45,8058.85,False,False,True,True,False,False,False,False,False,False
1935,28,106.1,2847.4,True,True,False,True,False,True,False,False,False,True
1936,15,74.2,1133.9,True,False,False,True,True,False,False,False,False,True
1937,4,74.45,294.45,False,False,False,True,False,True,False,False,True,False
1938,5,89.35,461.7,False,False,False,True,False,True,False,False,True,True
1939,57,90.65,5199.8,True,True,False,True,False,True,False,False,False,False
1940,50,105.05,5163.3,True,False,True,True,True,False,False,False,False,False
1941,1,70.45,70.45,True,False,False,False,False,False,False,False,True,False
1942,8,85.65,659.45,True,False,False,True,False,False,False,True,False,False
1943,1,77.15,77.15,False,False,False,True,False,True,False,False,True,True
1944,1,35.25,35.25,True,False,False,False,False,False,False,False,True,True
1945,49,97.95,4917.9,True,True,False,True,False,True,False,False,False,False
1946,4,48.55,201.0,True,False,False,False,False,True,False,False,True,True
1947,53,98.4,5149.5,False,False,False,True,True,False,False,False,False,True
1948,67,70.9,4677.1,True,False,True,False,True,False,False,False,False,False
1949,47,106.35,4849.1,False,False,False,True,False,True,False,False,False,False
1950,53,99.5,5424.25,False,False,True,True,False,False,True,False,False,False
1951,69,84.7,5878.9,True,False,True,False,False,False,True,False,False,False
1952,3,86.05,244.85,True,False,False,True,False,False,True,False,True,False
1953,4,44.55,220.75,True,False,False,False,False,False,True,False,True,False
1954,56,75.85,4261.2,True,False,True,False,True,False,False,False,False,False
1955,59,93.85,5574.75,True,False,False,True,False,False,False,False,False,True
1956,2,45.0,89.75,False,False,False,False,False,True,False,False,True,False
1957,46,100.7,4541.2,True,False,False,True,False,True,False,False,False,True
1958,14,80.45,1072.0,False,False,False,True,False,True,False,False,False,True
1959,28,90.45,2509.25,False,True,False,True,False,True,False,False,False,False
1960,24,60.45,1440.75,True,False,False,False,False,False,False,False,False,False
1961,31,55.25,1715.65,True,False,False,False,False,True,False,False,False,True
1962,68,78.45,5333.35,False,True,False,False,False,True,False,False,False,False
1963,39,100.55,3895.35,True,False,True,True,False,False,True,False,False,False
1964,13,54.45,706.85,True,False,False,False,False,True,False,False,False,True
1965,6,90.75,512.25,False,False,False,True,False,True,False,False,True,False
1966,35,75.35,2636.05,True,False,False,True,True,False,False,False,False,True
1967,27,53.8,1389.85,True,False,False,False,False,True,False,False,False,False
1968,41,70.2,2894.55,True,True,False,False,False,False,True,False,False,False
1969,50,75.5,4025.6,True,True,False,False,False,True,False,False,False,False
1970,2,75.7,189.2,True,False,False,True,False,True,False,False,True,True
1971,64,110.5,7069.25,False,False,True,True,True,False,False,False,False,False
1972,1,74.25,74.25,True,False,False,True,False,False,True,False,True,True
1973,29,90.1,2656.7,True,True,False,True,False,False,False,False,False,False
1974,23,68.75,1689.45,False,True,False,False,False,False,False,False,False,False
1975,25,89.7,2187.55,False,False,False,True,False,True,False,False,False,True
1976,64,115.1,7334.05,False,False,True,True,False,False,False,False,False,False
1977,16,96.4,1581.2,False,False,False,True,False,True,False,False,False,True
1978,1,69.5,69.5,True,False,False,True,False,False,False,False,True,True
1979,24,99.65,2404.85,True,False,False,True,False,False,False,False,False,False
1980,2,91.45,171.45,True,False,False,True,False,True,False,False,True,False
1981,34,84.75,2839.45,False,False,True,False,False,False,True,False,False,False
1982,36,85.25,3132.75,True,False,False,True,True,False,False,False,False,True
1983,53,78.75,3942.45,True,True,False,False,False,False,True,False,False,False
1984,72,97.75,6991.6,True,False,True,True,True,False,False,False,False,False
1985,9,83.3,803.3,False,False,False,True,False,True,False,True,False,True
1986,8,80.1,679.3,False,False,False,True,False,False,False,True,False,True
1987,45,62.7,2791.5,True,True,False,False,True,False,False,False,False,True
1988,7,100.4,715.0,False,False,False,True,False,True,False,True,False,False
1989,41,101.1,4016.2,False,True,False,True,False,False,False,False,False,False
1990,67,50.9,3281.65,True,False,True,False,True,False,False,False,False,False
1991,69,107.2,7317.1,True,True,False,True,True,False,False,False,False,False
1992,70,92.2,6474.45,False,False,True,False,False,False,False,False,False,False
1993,72,113.4,8164.1,True,False,True,True,False,False,False,False,False,False
1994,34,40.55,1325.85,True,False,True,False,False,True,False,False,False,False
1995,70,111.95,7795.95,False,False,True,True,True,False,False,False,False,False
1996,72,53.8,3952.45,False,False,True,False,True,False,False,False,False,False
1997,35,72.1,2495.15,True,True,False,False,False,False,True,False,False,False
1998,13,98.15,1230.25,True,False,False,True,False,False,True,False,False,True
1999,12,78.85,876.75,False,True,False,False,False,True,False,True,False,False
2000,62,70.75,4263.45,False,True,False,False,False,False,False,False,False,False
2001,25,76.15,1992.95,False,False,False,False,True,False,False,False,False,False
2002,52,39.1,1982.1,False,False,True,False,False,False,True,False,False,False
2003,8,69.95,562.7,True,False,False,True,True,False,False,True,False,False
2004,18,50.0,892.7,False,False,False,False,False,False,True,False,False,False
2005,8,60.0,487.75,False,False,False,False,False,True,False,True,False,False
2006,45,84.55,3713.95,True,False,False,True,False,False,True,False,False,False
2007,3,45.45,141.7,True,False,False,False,False,False,True,False,True,False
2008,72,115.55,8425.3,True,False,True,True,False,True,False,False,False,False
2009,46,93.7,4154.8,True,False,False,True,False,True,False,False,False,True
2010,71,99.0,7061.65,False,False,True,True,True,False,False,False,False,False
2011,66,50.55,3364.55,True,False,True,False,False,False,False,False,False,False
2012,25,105.95,2655.25,True,False,False,True,False,False,True,False,False,True
2013,18,82.0,1425.45,True,True,False,False,True,False,False,False,False,True
2014,65,91.55,5963.95,False,False,True,False,False,False,False,False,False,False
2015,60,95.75,5742.9,True,False,False,True,False,True,False,False,False,True
2016,30,94.05,2866.45,True,False,False,True,True,False,False,False,False,True
2017,42,100.4,4303.65,False,False,True,True,False,True,False,False,False,False
2018,1,54.75,54.75,False,False,False,False,False,False,True,False,True,True
2019,39,95.65,3759.05,True,False,False,True,False,False,False,False,False,True
2020,53,108.25,5935.1,False,False,False,True,False,False,False,False,False,False
2021,1,94.6,94.6,False,False,False,True,False,True,False,False,True,True
2022,31,98.9,2911.3,False,False,False,True,False,True,False,False,False,True
2023,30,101.3,2974.5,False,False,False,True,False,True,False,False,False,False
2024,12,105.3,1275.65,False,False,False,True,False,True,False,True,False,False
2025,57,69.85,4003.0,False,False,True,False,False,False,False,False,False,False
2026,58,65.25,3791.6,False,False,False,False,True,False,False,False,False,False
2027,8,49.4,408.25,False,False,False,False,False,True,False,True,False,False
2028,3,76.05,231.8,True,False,False,True,False,True,False,False,True,True
2029,25,88.4,2191.15,False,False,False,True,False,False,False,False,False,False
2030,57,100.6,5611.7,False,False,False,True,False,True,False,False,False,False
2031,65,107.65,7082.85,False,False,True,True,False,False,False,False,False,False
2032,71,80.45,5662.25,False,False,True,False,False,False,False,False,False,False
2033,21,58.85,1215.45,False,True,False,False,True,False,False,False,False,False
2034,71,109.6,7854.15,True,True,False,True,False,True,False,False,False,False
2035,7,75.15,525.0,False,False,False,True,False,True,False,True,False,False
2036,72,73.0,5265.2,False,False,True,False,True,False,False,False,False,False
2037,1,70.1,70.1,False,False,False,True,False,True,False,False,True,False
2038,72,98.65,7129.45,False,False,True,True,False,False,False,False,False,False
2039,64,111.45,7266.95,False,True,False,True,False,True,False,False,False,False
2040,72,114.9,8496.7,False,False,True,True,False,True,False,False,False,False
2041,29,100.55,2878.75,False,False,False,True,False,False,False,False,False,False
2042,31,104.35,3205.6,False,False,False,True,False,True,False,False,False,False
2043,1,69.75,69.75,True,False,False,True,False,True,False,False,True,True
2044,7,34.5,279.25,True,False,False,False,False,True,False,True,False,True
2045,61,105.55,6281.45,True,False,False,True,False,True,False,False,False,True
2046,39,30.1,1131.3,False,False,False,False,True,False,False,False,False,True
2047,10,70.3,738.2,True,False,False,True,False,True,False,True,False,True
2048,14,80.45,1137.05,False,False,False,False,True,False,False,False,False,False
2049,1,80.2,80.2,False,False,False,True,False,False,True,False,True,True
2050,67,94.35,6341.45,False,True,False,True,True,False,False,False,False,True
2051,72,91.35,6697.2,False,False,True,False,False,False,False,False,False,False
2052,6,44.6,260.8,True,False,False,False,False,False,False,False,True,True
2053,33,110.45,3655.45,False,False,False,True,False,True,False,False,False,True
2054,18,68.35,1299.8,True,False,False,False,False,True,False,False,False,False
2055,71,79.1,5564.85,True,False,True,False,True,False,False,False,False,False
2056,28,51.0,1381.8,True,True,False,False,False,True,False,False,False,False
2057,2,80.55,188.1,False,False,False,True,True,False,False,False,True,False
2058,17,66.7,1077.05,True,False,False,False,False,False,True,False,False,False
2059,56,86.4,4922.4,True,False,False,True,False,True,False,False,False,False
2060,60,50.05,2911.5,False,True,False,False,False,True,False,False,False,False
2061,1,83.4,83.4,False,False,False,True,False,False,True,False,True,False
2062,2,70.7,140.7,True,False,False,True,True,False,False,False,True,True
2063,63,84.65,5377.8,True,False,True,True,True,False,False,False,False,False
2064,7,99.25,665.45,True,False,False,True,False,True,False,True,False,True
2065,55,64.75,3617.1,False,False,True,False,False,False,True,False,False,False
2066,65,100.15,6643.5,False,True,False,True,False,False,False,False,False,False
2067,1,84.8,84.8,True,False,False,True,False,True,False,False,True,True
2068,70,113.0,7987.6,False,False,True,True,True,False,False,False,False,False
2069,36,40.65,1547.35,False,False,True,False,True,False,False,False,False,False
2070,52,105.0,5426.85,True,True,False,True,False,False,False,False,False,True
2071,22,54.45,1127.35,True,False,False,False,False,True,False,False,False,True
2072,22,94.95,2142.8,True,False,False,True,False,False,False,False,False,False
2073,5,59.9,287.85,False,False,False,False,True,False,False,False,True,False
2074,47,85.3,4045.65,False,False,False,True,False,True,False,False,False,True
2075,33,83.35,2757.85,False,False,False,True,False,True,False,False,False,True
2076,18,33.5,600.0,True,False,False,False,True,False,False,False,False,True
2077,56,81.8,4534.45,True,False,True,False,True,False,False,False,False,False
2078,35,59.6,2094.9,True,False,False,False,False,True,False,False,False,False
2079,15,84.35,1302.65,False,False,False,True,True,False,False,False,False,False
2080,24,90.35,2238.5,True,False,False,True,False,True,False,False,False,True
2081,1,55.55,55.55,True,False,False,False,False,False,True,False,True,False
2082,70,75.35,5437.75,False,False,True,False,True,False,False,False,False,False
2083,1,90.75,90.75,True,False,False,True,False,True,False,False,True,True
2084,4,89.6,365.65,False,False,False,True,False,False,True,False,True,True
2085,39,59.3,2209.15,False,True,False,False,False,True,False,False,False,False
2086,29,66.1,1912.15,False,False,False,False,False,True,False,False,False,False
2087,61,86.45,5175.3,False,False,True,False,True,False,False,False,False,False
2088,13,52.1,670.65,True,False,False,False,True,False,False,False,False,False
2089,66,47.4,3177.25,False,False,True,False,False,False,True,False,False,False
2090,2,49.25,90.35,True,False,False,False,False,True,False,False,True,True
2091,59,109.15,6557.75,False,True,False,True,True,False,False,False,False,False
2092,62,94.95,5791.85,True,True,False,True,True,False,False,False,False,False
2093,33,93.55,3055.5,True,True,False,True,False,True,False,False,False,False
2094,66,79.5,5196.1,True,False,True,False,True,False,False,False,False,False
2095,72,115.05,8405.0,False,False,True,True,True,False,False,False,False,False
2096,19,95.15,1789.25,False,False,False,True,False,True,False,False,False,True
2097,51,95.15,5000.05,False,True,False,True,False,False,True,False,False,False
2098,63,105.4,6713.2,True,False,False,True,False,True,False,False,False,False
2099,22,101.35,2317.1,True,False,False,True,False,False,False,False,False,True
2100,4,70.05,266.9,False,False,False,True,True,False,False,False,True,True
2101,4,74.65,301.4,True,False,False,True,False,True,False,False,True,True
2102,71,85.45,6029.9,True,False,True,False,False,False,False,False,False,False
2103,46,40.4,1842.7,True,False,True,False,True,False,False,False,False,False
2104,4,50.4,206.6,True,False,False,False,False,False,True,False,True,True
2105,7,79.65,604.7,False,False,False,True,False,False,True,True,False,True
2106,69,105.2,7386.05,True,True,False,True,False,False,False,False,False,False
2107,72,100.65,7334.05,False,False,True,True,False,False,False,False,False,False
2108,19,79.85,1471.75,True,False,False,True,False,True,False,False,False,True
2109,28,91.0,2626.15,True,False,False,True,False,True,False,False,False,False
2110,5,78.75,412.1,True,False,False,True,False,True,False,False,True,True
2111,72,116.75,8277.05,False,False,True,True,True,False,False,False,False,False
2112,8,80.45,583.45,True,False,False,True,True,False,False,True,False,True
2113,7,59.1,369.25,False,True,False,False,False,True,False,True,False,False
2114,22,49.8,1049.05,False,False,False,False,False,True,False,False,False,False
2115,52,81.4,4354.45,True,True,False,False,True,False,False,False,False,False
2116,68,38.9,2719.2,False,False,True,False,False,False,True,False,False,False
2117,71,87.95,6365.35,False,False,True,False,False,False,False,False,False,False
2118,34,96.35,3190.25,False,False,False,True,False,True,False,False,False,False
2119,35,24.15,812.5,False,False,False,False,False,True,False,False,False,False
2120,1,44.0,44.0,True,False,False,False,False,True,False,False,True,False
2121,1,50.1,50.1,False,False,False,False,False,False,True,False,True,True
2122,53,60.6,3297.0,False,True,False,False,True,False,False,False,False,False
2123,2,76.4,151.8,True,False,False,True,False,True,False,False,True,True
2124,3,98.7,293.65,True,False,False,True,False,True,False,False,True,True
2125,13,100.8,1308.1,False,False,False,True,False,True,False,False,False,True
2126,41,53.95,2215.4,True,False,False,False,False,True,False,False,False,False
2127,28,90.1,2598.95,False,True,False,True,False,False,False,False,False,True
2128,8,29.35,216.45,True,False,False,False,False,False,True,True,False,False
2129,54,95.1,5064.85,False,False,True,True,False,False,False,False,False,False
2130,19,44.9,839.65,False,False,False,False,False,False,True,False,False,False
2131,72,92.65,6733.0,False,False,True,False,False,False,False,False,False,False
2132,62,43.7,2618.3,True,False,True,False,False,False,False,False,False,False
2133,56,72.6,4084.35,False,False,True,False,True,False,False,False,False,False
2134,15,51.55,765.5,True,False,False,False,False,True,False,False,False,True
2135,10,79.25,793.55,True,False,False,True,False,True,False,True,False,True
2136,2,24.5,46.4,False,False,False,False,False,True,False,False,True,False
2137,5,94.85,462.8,True,False,False,True,False,False,False,False,True,True
2138,25,61.05,1540.2,False,True,False,False,False,True,False,False,False,False
2139,2,85.7,169.8,False,False,False,True,False,True,False,False,True,True
2140,49,106.65,5168.1,True,True,False,True,False,False,False,False,False,False
2141,63,108.25,6780.1,False,False,False,True,True,False,False,False,False,False
2142,1,55.3,55.3,False,False,False,False,False,False,True,False,True,False
2143,52,72.95,3829.75,True,False,False,True,False,False,False,False,False,False
2144,60,89.45,5294.6,False,False,False,True,False,True,False,False,False,False
2145,64,104.65,6889.8,True,True,False,True,True,False,False,False,False,False
2146,43,75.2,3254.35,False,False,True,False,False,False,False,False,False,False
2147,61,101.15,6383.9,False,True,False,True,False,False,False,False,False,False
2148,1,44.4,44.4,False,False,False,False,False,False,True,False,True,True
2149,5,89.5,477.7,True,False,False,True,False,True,False,False,True,True
2150,66,68.75,4447.55,True,False,True,False,False,False,False,False,False,False
2151,67,111.05,7321.05,True,False,True,True,False,True,False,False,False,False
2152,42,99.0,4135.0,False,False,True,True,True,False,False,False,False,False
2153,1,86.05,86.05,True,False,False,True,False,True,False,False,True,True
2154,4,44.55,174.3,True,False,False,False,False,True,False,False,True,True
2155,34,77.2,2753.8,True,True,False,False,False,False,False,False,False,False
2156,19,24.85,434.8,False,False,False,False,False,False,True,False,False,False
2157,31,35.4,1077.5,True,False,False,False,False,False,False,False,False,True
2158,1,95.65,95.65,False,False,False,True,False,False,True,False,True,True
2159,3,41.35,107.25,True,False,False,False,False,False,True,False,True,False
2160,69,84.45,5848.6,False,True,False,True,False,False,False,False,False,False
2161,10,34.7,329.8,False,False,False,False,False,True,False,True,False,True
2162,25,99.3,2513.5,True,False,True,True,False,False,False,False,False,False
2163,64,81.05,5135.35,True,False,False,True,False,True,False,False,False,False
2164,30,67.6,2000.2,True,False,False,False,False,True,False,False,False,False
2165,13,70.15,931.75,True,False,False,True,False,True,False,False,False,False
2166,64,115.0,7396.15,False,True,False,True,False,True,False,False,False,False
2167,46,84.8,3958.85,False,False,False,True,False,False,False,False,False,False
2168,17,92.55,1515.1,True,False,False,True,False,True,False,False,False,True
2169,13,63.15,816.8,False,False,False,False,False,False,True,False,False,False
2170,67,74.0,4868.4,False,False,True,False,True,False,False,False,False,False
2171,24,29.1,688.0,True,False,False,False,False,True,False,False,False,False
2172,6,50.05,288.35,True,False,False,False,False,False,True,False,True,False
2173,53,60.05,3229.65,True,True,False,False,False,True,False,False,False,True
2174,16,74.3,1178.25,True,False,False,True,True,False,False,False,False,True
2175,13,74.65,966.25,False,True,False,True,False,False,True,False,False,False
2176,9,85.35,758.6,True,False,False,True,False,True,False,True,False,True
2177,25,74.3,1863.8,False,True,False,False,False,False,True,False,False,True
2178,7,44.4,265.8,True,False,False,False,False,True,False,True,False,False
2179,38,85.4,3297.0,True,False,True,False,False,False,False,False,False,False
2180,43,94.1,4107.3,False,False,False,True,False,True,False,False,False,False
2181,4,98.1,396.3,False,False,False,True,False,False,False,False,True,True
2182,25,108.9,2809.05,False,False,True,True,False,True,False,False,False,False
2183,27,56.2,1567.55,True,True,False,False,False,False,True,False,False,False
2184,71,85.45,6028.95,True,True,False,True,True,False,False,False,False,False
2185,24,88.95,2072.75,False,False,False,True,True,False,False,False,False,False
2186,50,109.65,5551.15,False,False,True,True,False,True,False,False,False,True
2187,57,74.35,4317.35,True,False,True,False,False,False,False,False,False,False
2188,15,48.85,736.8,False,False,False,False,False,True,False,False,False,False
2189,4,80.1,336.15,True,False,False,True,False,True,False,False,True,False
2190,28,56.05,1522.65,False,False,False,False,False,True,False,False,False,False
2191,9,74.55,622.9,False,False,False,True,False,True,False,True,False,True
2192,55,89.8,4959.6,False,False,False,True,False,False,False,False,False,False
2193,3,100.95,329.95,True,False,False,True,False,True,False,False,True,True
2194,10,94.9,1048.85,True,False,False,True,False,True,False,True,False,True
2195,62,106.05,6703.5,False,True,False,True,True,False,False,False,False,False
2196,32,104.9,3351.55,True,False,False,True,False,True,False,False,False,True
2197,9,24.1,259.8,True,True,False,False,False,False,False,True,False,True
2198,60,59.85,3483.45,False,False,True,False,False,False,False,False,False,False
2199,58,86.1,4890.5,True,False,True,False,False,True,False,False,False,False
2200,2,97.1,184.15,True,False,False,True,False,True,False,False,True,False
2201,37,36.65,1315.0,True,False,False,False,False,True,False,False,False,False
2202,65,103.9,6767.1,False,True,False,True,False,False,False,False,False,False
2203,66,104.05,6890.0,True,True,False,True,False,True,False,False,False,True
2204,62,48.7,3008.55,False,False,True,False,False,False,False,False,False,False
2205,3,88.35,262.05,True,False,False,True,False,False,True,False,True,True
2206,72,109.55,8165.1,False,False,True,True,False,True,False,False,False,False
2207,29,94.65,2649.15,True,False,False,True,True,False,False,False,False,True
2208,4,55.2,220.65,False,False,False,False,False,True,False,False,True,False
2209,1,74.4,74.4,True,False,False,True,False,True,False,False,True,True
2210,41,79.9,3326.2,False,False,False,False,True,False,False,False,False,True
2211,13,43.8,592.65,False,True,False,False,False,True,False,False,False,False
2212,1,50.15,50.15,True,False,False,False,False,False,True,False,True,False
2213,8,69.7,560.85,True,False,False,True,False,True,False,True,False,True
2214,60,61.4,3638.25,True,False,True,False,False,True,False,False,False,False
2215,12,98.1,1060.2,False,False,False,True,False,True,False,True,False,True
2216,40,70.75,2921.75,True,True,False,False,True,False,False,False,False,False
2217,66,61.15,4017.45,False,False,True,False,False,False,False,False,False,False
2218,66,63.85,4174.35,False,True,False,False,True,False,False,False,False,False
2219,49,98.7,4920.55,True,False,False,True,False,True,False,False,False,False
2220,23,84.4,1936.85,False,False,False,True,False,False,True,False,False,False
2221,3,25.1,79.8,True,False,False,False,False,True,False,False,True,False
2222,4,48.25,202.25,False,False,False,False,False,False,True,False,True,False
2223,4,99.6,347.65,False,False,False,True,False,True,False,False,True,True
2224,11,94.2,999.9,False,False,False,True,False,True,False,True,False,False
2225,2,62.15,113.1,False,False,False,False,False,False,True,False,True,False
2226,26,79.3,2015.8,False,False,False,True,False,False,False,False,False,False
2227,24,56.25,1454.25,True,True,False,False,True,False,False,False,False,False
2228,60,99.0,6017.9,True,False,False,True,False,True,False,False,False,False
2229,64,90.6,5817.45,False,False,True,False,False,False,True,False,False,False
2230,66,85.9,5595.3,True,False,True,False,False,False,False,False,False,False
2231,60,79.2,4765.0,False,True,False,True,False,False,False,False,False,False
2232,17,70.35,1201.65,True,True,False,False,False,False,False,False,False,False
2233,1,50.15,50.15,True,False,False,False,False,True,False,False,True,False
2234,47,63.8,3007.25,False,False,True,False,False,False,False,False,False,False
2235,70,88.55,6306.5,True,False,True,False,True,False,False,False,False,False
2236,67,101.4,6841.05,True,False,False,True,True,False,False,False,False,False
2237,1,81.95,81.95,False,False,False,True,False,True,False,False,True,True
2238,7,69.35,451.1,True,False,False,True,False,True,False,True,False,True
2239,1,44.6,44.6,True,False,False,False,False,False,True,False,True,False
2240,4,63.75,226.2,True,False,False,False,False,False,False,False,True,False
2241,66,109.25,7082.5,False,False,True,True,False,False,False,False,False,False
2242,12,84.6,1017.35,False,False,False,True,False,True,False,True,False,False
2243,26,85.75,2146.5,True,False,False,True,False,True,False,False,False,False
2244,6,91.1,455.3,False,False,False,True,False,True,False,False,True,True
2245,57,107.95,5969.85,True,False,True,True,False,True,False,False,False,False
2246,14,86.1,1235.55,True,False,False,True,False,True,False,False,False,True
2247,25,94.7,2362.1,True,False,False,True,False,False,False,False,False,True
2248,22,85.1,1873.7,True,False,False,True,False,True,False,False,False,True
2249,61,99.15,6010.05,False,False,False,True,False,True,False,False,False,True
2250,22,87.0,1850.65,True,False,False,True,False,False,False,False,False,False
2251,70,102.95,7101.5,True,False,False,True,False,True,False,False,False,True
2252,12,79.95,1043.4,True,False,False,True,False,False,False,True,False,False
2253,31,64.0,1910.75,False,True,False,False,False,True,False,False,False,False
2254,11,64.9,716.1,False,False,False,False,False,True,False,True,False,False
2255,72,90.15,6716.45,False,False,True,False,False,False,False,False,False,False
2256,67,116.1,7839.85,True,False,True,True,True,False,False,False,False,False
2257,60,104.95,6236.75,False,False,False,True,False,False,False,False,False,False
2258,1,45.05,45.05,True,False,False,False,False,False,True,False,True,True
2259,1,71.0,71.0,False,False,False,True,False,True,False,False,True,True
2260,58,50.0,2919.85,True,True,False,False,False,False,True,False,False,False
2261,47,70.55,3309.25,False,False,False,True,False,False,False,False,False,True
2262,1,79.7,79.7,False,False,False,True,False,True,False,False,True,True
2263,22,59.0,1254.7,True,False,False,False,False,True,False,False,False,True
2264,48,60.35,2896.4,False,True,False,False,True,False,False,False,False,True
2265,6,63.4,348.8,False,False,True,False,False,False,True,False,True,False
2266,71,53.95,3888.65,True,False,True,False,False,False,False,False,False,False
2267,1,69.25,69.25,False,False,False,True,False,True,False,False,True,True
2268,72,95.1,6843.15,False,False,True,True,False,True,False,False,False,False
2269,6,74.1,450.9,False,False,False,True,False,True,False,False,True,False
2270,12,35.5,432.25,True,False,False,False,False,False,True,True,False,False
2271,25,70.95,1767.35,True,False,False,True,False,False,True,False,False,True
2272,21,79.2,1742.45,False,True,False,True,False,True,False,False,False,False
2273,6,48.8,297.35,False,False,False,False,False,False,True,False,True,False
2274,20,89.0,1820.45,True,False,False,True,False,False,True,False,False,True
2275,18,99.4,1742.95,True,False,False,True,False,True,False,False,False,True
2276,43,55.45,2444.25,False,True,False,False,False,True,False,False,False,False
2277,1,73.5,73.5,False,False,False,True,False,False,False,False,True,True
2278,32,93.5,2970.8,True,False,False,True,False,True,False,False,False,False
2279,52,63.9,3334.95,True,False,True,False,True,False,False,False,False,False
2280,32,64.85,2010.95,True,True,False,False,False,False,False,False,False,False
2281,72,63.8,4684.3,False,False,True,False,False,False,False,False,False,False
2282,51,44.45,2181.55,True,False,False,False,True,False,False,False,False,False
2283,8,43.35,371.4,True,False,False,False,False,False,True,True,False,False
2284,49,49.65,2409.9,True,False,True,False,True,False,False,False,False,False
2285,72,85.1,6155.4,False,False,True,False,False,False,True,False,False,False
2286,9,95.5,829.1,True,False,False,True,False,True,False,True,False,True
2287,28,92.35,2602.9,False,False,False,True,False,False,True,False,False,True
2288,54,89.8,4667.0,True,False,False,True,False,False,True,False,False,False
2289,11,74.55,824.75,True,False,False,True,False,True,False,True,False,True
2290,50,103.05,5153.5,False,True,False,True,False,False,True,False,False,False
2291,69,116.0,8182.85,False,False,True,True,False,True,False,False,False,False
2292,1,69.9,69.9,True,False,False,True,False,True,False,False,True,False
2293,68,95.1,6683.4,True,False,True,True,False,False,False,False,False,False
2294,40,40.25,1564.05,True,True,False,False,False,False,True,False,False,False
2295,33,105.35,3465.05,False,False,False,True,False,False,False,False,False,False
2296,55,113.6,6292.7,True,False,True,True,False,True,False,False,False,False
2297,71,86.1,6045.9,True,False,True,False,False,False,False,False,False,False
2298,40,102.65,4108.15,True,False,False,True,False,False,True,False,False,False
2299,64,92.85,5980.75,False,True,False,True,False,True,False,False,False,False
2300,53,97.75,5043.2,True,True,False,True,False,False,False,False,False,False
2301,12,83.8,1029.75,True,False,False,True,False,False,True,True,False,True
2302,53,54.45,2854.55,True,False,False,False,False,True,False,False,False,True
2303,72,97.95,7114.25,True,False,True,True,True,False,False,False,False,False
2304,12,50.95,605.75,True,False,False,False,False,False,False,True,False,False
2305,9,75.6,661.55,True,False,False,True,False,True,False,True,False,False
2306,51,80.75,4116.9,False,False,False,True,False,True,False,False,False,False
2307,49,90.4,4494.65,True,False,False,True,True,False,False,False,False,False
2308,41,99.8,4259.3,True,False,False,True,False,True,False,False,False,True
2309,56,60.25,3282.75,False,True,False,False,True,False,False,False,False,False
2310,20,64.15,1274.45,True,True,False,False,False,False,True,False,False,False
2311,20,105.85,2239.65,False,False,False,True,False,False,False,False,False,True
2312,7,75.45,480.75,False,False,False,True,False,False,True,True,False,True
2313,7,93.85,635.6,True,False,False,True,False,True,False,True,False,True
2314,51,99.0,5038.15,True,False,False,True,False,True,False,False,False,False
2315,4,80.3,324.2,False,False,False,True,False,False,True,False,True,False
2316,27,100.75,2793.55,True,False,False,True,False,True,False,False,False,False
2317,22,100.75,2095.0,True,False,False,True,False,True,False,False,False,True
2318,12,53.75,648.65,True,False,False,False,False,False,True,True,False,False
2319,3,31.0,95.05,False,False,False,False,False,False,True,False,True,True
2320,24,58.35,1346.9,True,True,False,False,False,True,False,False,False,False
2321,51,80.0,4242.35,True,False,False,True,True,False,False,False,False,True
2322,14,46.35,672.7,False,False,False,False,False,True,False,False,False,False
2323,59,113.75,6561.25,True,False,True,True,False,True,False,False,False,False
2324,3,90.4,268.45,True,False,False,True,False,True,False,False,True,False
2325,65,109.3,7337.55,False,False,True,True,False,True,False,False,False,False
2326,5,70.25,331.9,True,False,False,True,False,False,True,False,True,True
2327,59,90.3,5194.05,False,False,True,False,True,False,False,False,False,False
2328,72,65.25,4478.85,True,False,True,False,True,False,False,False,False,False
2329,62,100.15,6283.3,False,False,False,True,False,True,False,False,False,True
2330,28,94.5,2659.4,True,False,False,True,True,False,False,False,False,True
2331,3,60.65,196.9,True,False,False,False,False,False,True,False,True,False
2332,24,85.95,2107.15,True,False,False,True,False,True,False,False,False,False
2333,57,53.5,3035.8,True,True,False,False,False,True,False,False,False,False
2334,71,89.9,6457.15,True,False,True,False,True,False,False,False,False,False
2335,35,113.2,3914.05,False,False,True,True,False,False,True,False,False,False
2336,55,69.05,3842.6,False,False,True,True,True,False,False,False,False,False
2337,72,109.65,7880.25,True,False,True,True,False,True,False,False,False,False
2338,10,33.9,298.45,True,False,False,False,False,False,True,True,False,True
2339,37,90.0,3371.75,False,False,False,True,False,True,False,False,False,False
2340,12,34.0,442.45,True,False,False,False,False,False,True,True,False,False
2341,62,38.6,2345.55,True,False,True,False,True,False,False,False,False,False
2342,1,25.25,25.25,False,False,False,False,False,False,False,False,True,False
2343,18,60.6,1156.35,False,False,False,False,False,False,True,False,False,False
2344,69,89.95,6143.15,True,False,False,True,False,True,False,False,False,True
2345,2,74.75,144.8,True,False,False,True,False,True,False,False,True,False
2346,12,84.45,1059.55,True,False,False,True,False,True,False,True,False,True
2347,27,81.7,2212.55,True,True,False,False,False,True,False,False,False,False
2348,27,79.5,2180.55,True,False,False,True,False,True,False,False,False,True
2349,1,89.15,89.15,True,False,False,True,False,False,True,False,True,True
2350,14,74.95,1036.75,True,False,False,True,False,True,False,False,False,True
2351,32,74.4,2276.95,False,False,False,True,False,True,False,False,False,True
2352,38,80.45,3162.65,True,False,False,True,False,False,True,False,False,False
2353,54,65.65,3566.7,True,False,True,False,True,False,False,False,False,False
2354,29,71.0,2080.1,False,True,False,False,True,False,False,False,False,False
2355,44,89.2,4040.2,True,False,False,True,False,True,False,False,False,False
2356,59,86.75,5186.0,True,False,True,False,False,True,False,False,False,False
2357,3,55.3,196.15,False,False,False,False,False,True,False,False,True,True
2358,18,61.5,1087.45,False,True,False,False,False,False,True,False,False,False
2359,22,55.15,1206.05,False,False,False,False,False,True,False,False,False,True
2360,33,34.05,1113.95,True,True,False,False,True,False,False,False,False,False
2361,72,89.7,6339.3,True,False,True,False,True,False,False,False,False,False
2362,16,84.95,1378.25,False,False,False,True,False,True,False,False,False,True
2363,5,43.25,219.0,True,False,False,False,False,False,True,False,True,True
2364,23,48.35,1067.15,True,True,False,False,True,False,False,False,False,True
2365,1,79.55,79.55,True,False,False,True,False,True,False,False,True,True
2366,50,71.05,3444.85,False,False,False,True,False,True,False,False,False,True
2367,68,110.8,7553.6,False,False,True,True,False,False,False,False,False,False
2368,1,84.5,84.5,True,False,False,True,False,True,False,False,True,True
2369,25,69.3,1813.1,False,False,False,True,False,True,False,False,False,False
2370,67,49.35,3321.35,True,True,False,False,False,False,False,False,False,False
2371,67,105.6,7112.15,False,True,False,True,False,True,False,False,False,False
2372,72,64.45,4641.1,True,False,True,False,True,False,False,False,False,False
2373,71,108.6,7690.9,True,False,True,True,True,False,False,False,False,True
2374,1,49.9,49.9,True,False,False,False,False,True,False,False,True,False
2375,46,30.3,1380.1,True,False,False,False,False,False,False,False,False,True
2376,2,30.4,78.65,False,False,False,False,False,True,False,False,True,True
2377,1,45.4,45.4,False,False,False,False,False,False,True,False,True,True
2378,48,65.65,3094.65,False,True,False,False,False,True,False,False,False,False
2379,61,103.3,6518.35,False,True,False,True,False,False,False,False,False,False
2380,32,84.15,2585.95,False,False,False,True,False,False,False,False,False,True
2381,2,44.45,82.7,False,False,False,False,False,True,False,False,True,False
2382,5,85.4,425.9,False,False,False,True,True,False,False,False,True,True
2383,71,89.9,6342.7,False,False,True,False,False,False,False,False,False,False
2384,37,55.05,2030.75,True,False,False,False,False,False,True,False,False,False
2385,65,104.1,6700.05,True,False,True,True,False,False,False,False,False,False
2386,67,106.6,7244.7,False,True,False,True,False,False,False,False,False,False
2387,49,75.2,3678.3,True,False,False,True,True,False,False,False,False,True
2388,50,70.5,3486.65,True,False,True,False,True,False,False,False,False,False
2389,17,55.85,937.5,False,True,False,False,False,False,True,False,False,True
2390,25,38.1,970.4,True,True,False,False,True,False,False,False,False,False
2391,23,106.4,2483.5,True,False,False,True,False,True,False,False,False,True
2392,24,34.25,828.2,True,False,False,False,False,False,True,False,False,False
2393,37,100.05,3810.55,False,False,False,True,False,True,False,False,False,False
2394,21,68.65,1493.2,False,False,False,True,False,True,False,False,False,False
2395,1,45.8,45.8,True,False,False,False,False,False,True,False,True,False
2396,10,75.75,777.3,False,False,False,True,False,False,True,True,False,False
2397,6,84.4,556.35,True,False,False,True,False,True,False,False,True,True
2398,51,96.4,4911.05,True,True,False,True,True,False,False,False,False,False
2399,6,50.95,307.6,False,False,False,False,True,False,False,False,True,False
2400,47,90.5,4318.35,True,False,True,False,False,False,True,False,False,False
2401,61,79.4,4820.55,False,True,False,False,False,True,False,False,False,False
2402,52,58.75,3038.55,False,False,True,False,False,False,False,False,False,False
2403,35,59.45,2136.9,False,False,False,False,True,False,False,False,False,False
2404,71,105.7,7472.15,True,True,False,True,False,False,False,False,False,False
2405,6,56.25,389.1,False,False,False,False,False,True,False,False,True,True
2406,45,53.3,2296.25,True,False,True,False,True,False,False,False,False,False
2407,2,85.55,187.45,False,False,False,True,False,True,False,False,True,True
2408,4,68.65,261.25,False,False,False,False,False,False,False,False,True,True
2409,2,24.3,38.45,True,False,False,False,False,False,True,False,True,False
2410,4,77.85,299.2,True,False,False,True,False,True,False,False,True,True
2411,51,59.9,3043.6,True,True,False,False,True,False,False,False,False,False
2412,3,105.35,323.25,True,False,False,True,False,False,False,False,True,True
2413,17,95.65,1640.0,True,False,False,True,False,False,False,False,False,False
2414,8,87.05,762.1,False,False,False,True,False,True,False,True,False,True
2415,46,81.0,3846.35,True,False,True,False,False,False,True,False,False,False
2416,68,82.45,5646.6,False,False,True,False,True,False,False,False,False,False
2417,1,53.5,53.5,True,False,False,False,False,False,True,False,True,True
2418,1,25.1,25.1,False,False,False,False,False,False,True,False,True,True
2419,28,54.4,1516.6,True,True,False,False,True,False,False,False,False,False
2420,39,58.6,2224.5,False,True,False,False,True,False,False,False,False,False
2421,11,84.8,888.75,True,False,False,True,False,True,False,True,False,False
2422,71,61.4,4310.35,False,False,True,False,True,False,False,False,False,False
2423,30,79.65,2365.15,True,False,False,True,False,False,True,False,False,True
2424,55,94.45,5073.1,False,False,False,True,True,False,False,False,False,False
2425,58,79.8,4526.85,False,False,False,True,False,False,False,False,False,False
2426,5,54.2,308.25,False,False,False,False,False,True,False,False,True,True
2427,9,74.05,678.45,True,False,False,True,False,True,False,True,False,False
2428,26,49.15,1237.3,True,False,False,False,False,False,False,False,False,False
2429,72,113.65,8182.75,False,False,True,True,False,False,False,False,False,False
2430,43,106.0,4532.3,False,True,False,True,True,False,False,False,False,False
2431,72,103.4,7372.65,True,False,True,True,False,True,False,False,False,True
2432,72,100.55,7325.1,True,False,True,True,False,False,False,False,False,False
2433,36,95.4,3474.2,True,False,False,True,False,True,False,False,False,False
2434,5,75.15,392.65,True,False,False,False,False,False,False,False,True,False
2435,13,84.45,1058.6,False,False,False,True,False,True,False,False,False,True
2436,44,89.15,3990.75,False,True,False,True,True,False,False,False,False,False
2437,70,107.9,7475.85,False,True,False,True,False,True,False,False,False,False
2438,32,85.95,2628.6,False,False,False,True,True,False,False,False,False,True
2439,16,59.4,1023.9,False,False,False,False,False,True,False,False,False,True
2440,16,69.95,1205.5,True,False,False,True,True,False,False,False,False,False
2441,68,82.85,5776.45,True,False,True,False,False,False,False,False,False,False
2442,26,38.85,1025.15,False,False,False,False,True,False,False,False,False,False
2443,29,30.6,856.35,False,False,False,False,False,True,False,False,False,True
2444,70,95.0,6602.9,True,True,False,True,False,False,False,False,False,False
2445,24,74.4,1712.9,True,True,False,False,False,False,False,False,False,False
2446,72,78.45,5682.25,False,False,True,False,False,False,False,False,False,False
2447,1,74.3,74.3,True,False,False,True,False,False,True,False,True,False
2448,70,51.05,3635.15,True,True,False,False,False,False,False,False,False,False
2449,38,99.55,3734.25,False,False,False,True,False,True,False,False,False,True
2450,17,70.0,1144.5,False,False,False,True,False,True,False,False,False,True
2451,41,109.1,4454.25,False,True,False,True,False,False,False,False,False,False
2452,1,45.3,45.3,False,False,False,False,False,True,False,False,True,True
2453,2,29.85,75.6,True,False,False,False,False,False,False,False,True,True
2454,14,76.45,1117.55,True,False,False,True,False,True,False,False,False,False
2455,2,95.1,180.25,True,False,False,True,True,False,False,False,True,True
2456,13,72.8,930.05,True,False,False,False,False,True,False,False,False,False
2457,4,76.65,333.6,False,False,False,True,False,False,False,False,True,True
2458,5,99.15,465.05,False,False,False,True,False,False,True,False,True,True
2459,15,101.75,1669.4,False,False,False,True,False,True,False,False,False,False
2460,47,75.45,3545.1,False,False,False,True,True,False,False,False,False,False
2461,8,64.1,504.05,False,False,False,False,False,False,True,True,False,False
2462,17,25.65,440.2,True,False,False,False,False,False,True,False,False,False
2463,15,75.1,1151.55,True,False,False,True,False,False,True,False,False,False
2464,26,95.85,2475.35,False,True,False,True,False,False,False,False,False,False
2465,23,54.4,1249.25,False,False,False,False,False,True,False,False,False,False
2466,4,72.75,317.75,False,False,False,True,False,True,False,False,True,False
2467,9,44.95,431.0,True,False,False,False,False,False,True,True,False,True
2468,18,49.55,878.35,True,False,False,False,False,False,True,False,False,True
2469,3,94.85,335.75,True,False,False,True,False,True,False,False,True,False
2470,69,46.25,3121.4,False,False,True,False,False,False,False,False,False,False
2471,19,69.6,1394.55,True,False,False,False,False,False,True,False,False,False
2472,39,90.7,3413.25,True,False,False,True,False,True,False,False,False,False
2473,31,101.4,3143.65,True,False,False,True,False,True,False,False,False,False
2474,14,48.8,664.4,True,False,False,False,False,False,False,False,False,False
2475,64,74.35,4759.55,False,False,True,False,False,False,True,False,False,False
2476,52,68.75,3482.85,True,True,False,False,False,True,False,False,False,False
2477,28,100.2,2688.45,True,True,False,True,False,True,False,False,False,False
2478,25,95.9,2448.75,True,False,False,True,False,True,False,False,False,True
2479,58,45.0,2689.35,True,True,False,False,True,False,False,False,False,False
2480,17,81.5,1329.2,True,False,False,True,False,False,False,False,False,True
2481,72,48.9,3527.0,True,False,True,False,False,False,True,False,False,False
2482,52,84.1,4348.65,True,False,False,True,False,True,False,False,False,True
2483,64,81.3,5129.3,False,False,True,False,False,False,True,False,False,False
2484,45,95.2,4285.8,False,False,True,True,True,False,False,False,False,False
2485,3,36.45,93.7,True,False,False,False,False,False,True,False,True,True
2486,71,83.3,5894.5,False,False,True,False,True,False,False,False,False,False
2487,1,25.05,25.05,False,False,False,False,False,False,True,False,True,True
2488,34,89.85,3091.75,True,False,False,True,False,True,False,False,False,False
2489,8,49.85,365.55,False,False,False,False,False,True,False,True,False,True
2490,66,54.65,3632.0,True,False,True,False,False,False,False,False,False,False
2491,12,29.35,381.2,True,False,False,False,True,False,False,True,False,False
2492,43,55.55,2342.2,False,False,False,False,True,False,False,False,False,True
2493,9,80.55,653.9,False,False,False,True,False,True,False,True,False,False
2494,22,69.5,1498.2,False,True,False,False,False,False,False,False,False,True
2495,40,106.0,4178.65,True,True,False,True,False,False,False,False,False,False
2496,54,104.3,5278.15,True,False,False,True,False,True,False,False,False,True
2497,50,79.6,4024.2,False,False,True,False,False,False,True,False,False,False
2498,1,55.25,55.25,True,False,False,False,False,True,False,False,True,False
2499,72,88.05,6520.8,False,False,True,False,False,False,False,False,False,False
2500,72,117.6,8308.9,False,False,True,True,False,False,False,False,False,False
2501,48,70.55,3420.5,True,True,False,False,True,False,False,False,False,False
2502,1,93.85,93.85,False,False,False,True,False,True,False,False,True,True
2503,64,65.8,4068.0,False,True,False,False,False,False,True,False,False,False
2504,40,80.0,3168.75,True,False,False,True,False,True,False,False,False,False
2505,41,35.4,1412.4,False,True,False,False,True,False,False,False,False,False
2506,51,79.6,3974.7,True,True,False,True,False,False,False,False,False,False
2507,41,80.25,3439.0,True,False,False,True,False,True,False,False,False,False
2508,1,50.45,50.45,False,False,False,False,False,False,True,False,True,True
2509,68,79.6,5461.45,True,True,False,True,True,False,False,False,False,False
2510,70,77.3,5498.2,True,False,True,False,True,False,False,False,False,False
2511,3,29.75,96.85,True,False,False,False,False,True,False,False,True,False
2512,2,44.9,111.05,True,False,False,False,False,False,False,False,True,False
2513,3,29.8,94.4,True,False,False,False,True,False,False,False,True,False
2514,7,74.65,521.1,False,False,False,False,False,True,False,True,False,True
2515,13,71.95,923.85,False,False,False,False,False,True,False,False,False,False
2516,12,56.3,628.65,True,False,False,False,False,False,True,True,False,False
2517,53,105.25,5576.3,True,True,False,True,False,True,False,False,False,False
2518,12,94.2,1046.1,False,False,False,True,False,True,False,True,False,True
2519,15,84.45,1287.85,False,False,False,False,False,False,True,False,False,False
2520,36,53.65,1939.35,True,True,False,False,False,False,True,False,False,False
2521,4,29.9,118.25,True,False,False,False,False,True,False,False,True,False
2522,61,43.7,2696.55,False,True,False,False,True,False,False,False,False,False
2523,16,55.3,875.35,True,False,False,False,False,True,False,False,False,False
2524,16,49.45,799.0,True,False,False,False,False,False,True,False,False,False
2525,54,106.55,5763.3,False,True,False,True,False,False,False,False,False,True
2526,19,39.7,710.05,False,False,False,False,False,True,False,False,False,False
2527,10,54.5,568.2,True,False,False,False,True,False,False,True,False,False
2528,23,83.8,1900.25,False,False,False,True,False,True,False,False,False,True
2529,3,55.15,159.15,True,False,False,False,False,False,True,False,True,True
2530,72,111.6,8012.75,False,False,True,True,False,False,False,False,False,False
2531,10,86.65,856.65,True,False,False,True,False,True,False,True,False,True
2532,10,55.55,551.3,False,False,False,False,False,False,True,True,False,False
2533,37,106.75,4056.75,False,False,False,True,False,False,False,False,False,True
2534,17,62.1,1096.65,True,True,False,False,False,False,True,False,False,False
2535,36,104.5,3684.95,False,False,False,True,True,False,False,False,False,False
2536,17,101.8,1752.45,True,False,False,True,False,True,False,False,False,False
2537,66,110.6,7210.85,False,True,False,True,True,False,False,False,False,False
2538,61,84.9,5264.5,True,True,False,False,False,False,False,False,False,False
2539,22,93.2,2157.3,True,False,False,True,False,False,True,False,False,False
2540,1,24.4,24.4,True,False,False,False,False,True,False,False,True,False
2541,6,70.55,433.95,False,False,False,True,True,False,False,False,True,False
2542,31,78.45,2435.15,True,False,False,True,False,True,False,False,False,True
2543,68,85.0,5607.75,False,False,True,False,True,False,False,False,False,False
2544,34,87.45,2874.15,False,False,False,True,False,True,False,False,False,True
2545,52,85.8,4433.3,False,False,False,True,False,False,False,False,False,False
2546,10,91.1,964.35,False,False,False,True,False,True,False,True,False,False
2547,29,70.75,1974.8,True,False,False,True,False,True,False,False,False,True
2548,24,74.8,1821.2,True,True,False,False,False,False,True,False,False,False
2549,4,100.85,399.25,False,False,False,True,False,False,True,False,True,False
2550,12,101.35,1218.55,True,False,False,True,False,True,False,True,False,True
2551,1,81.7,81.7,True,False,False,True,False,True,False,False,True,True
2552,33,68.25,2171.15,True,False,False,True,False,True,False,False,False,True
2553,34,105.1,3634.8,False,False,False,True,False,True,False,False,False,False
2554,4,79.15,317.25,False,False,False,True,False,True,False,False,True,True
2555,65,79.4,5071.9,False,False,True,False,False,False,False,False,False,False
2556,23,57.2,1423.35,True,True,False,False,True,False,False,False,False,False
2557,55,58.6,3068.6,True,False,True,False,False,True,False,False,False,False
2558,49,94.8,4690.65,True,False,True,True,False,True,False,False,False,False
2559,60,102.5,6157.6,True,True,False,True,False,False,False,False,False,False
2560,40,84.9,3369.05,True,False,False,True,False,True,False,False,False,False
2561,67,69.2,4671.65,True,False,True,False,True,False,False,False,False,False
2562,35,95.45,3474.05,True,False,False,True,False,True,False,False,False,True
2563,19,100.95,1875.55,True,True,False,True,False,True,False,False,False,True
2564,41,88.5,3645.05,False,False,False,True,False,False,False,False,False,False
2565,4,35.0,135.75,False,False,False,False,False,False,True,False,True,False
2566,24,55.15,1319.85,False,False,False,False,False,True,False,False,False,False
2567,5,50.95,229.4,False,False,False,False,True,False,False,False,True,False
2568,5,64.0,370.25,False,False,False,False,False,True,False,False,True,False
2569,1,69.1,69.1,False,False,False,True,False,False,True,False,True,True
2570,72,80.2,5714.2,False,False,True,False,False,False,False,False,False,False
2571,24,49.3,1233.25,False,False,False,False,True,False,False,False,False,False
2572,42,84.35,3571.6,False,False,True,False,True,False,False,False,False,False
2573,68,117.2,8035.95,True,True,False,True,True,False,False,False,False,False
2574,1,69.6,69.6,False,False,False,True,False,True,False,False,True,True
2575,31,103.45,3066.45,True,True,False,True,False,True,False,False,False,True
2576,4,77.95,305.55,False,False,False,True,False,False,False,False,True,True
2577,69,109.95,7634.25,True,False,True,True,False,True,False,False,False,False
2578,38,94.75,3653.0,True,False,False,True,False,True,False,False,False,False
2579,3,80.0,241.3,False,False,False,True,False,True,False,False,True,False
2580,48,79.65,3870.3,False,False,True,False,False,True,False,False,False,False
2581,1,78.45,78.45,False,False,False,True,False,True,False,False,True,True
2582,48,44.8,2104.55,False,False,False,False,False,True,False,False,False,False
2583,37,80.05,3019.1,False,True,False,True,False,True,False,False,False,False
2584,66,107.35,7051.95,True,True,False,True,False,False,False,False,False,False
2585,26,47.85,1190.5,False,True,False,False,False,False,False,False,False,False
2586,63,70.8,4448.8,True,True,False,False,True,False,False,False,False,False
2587,10,29.5,255.25,True,False,False,False,False,False,True,True,False,True
2588,2,70.75,146.9,False,False,False,False,False,True,False,False,True,True
2589,18,59.1,1011.05,True,False,False,False,True,False,False,False,False,False
2590,9,84.45,762.5,False,False,False,True,False,True,False,True,False,True
2591,1,75.55,75.55,False,False,False,True,False,True,False,False,True,False
2592,4,85.65,338.9,True,False,False,True,False,True,False,False,True,True
2593,38,70.15,2497.35,True,True,False,False,True,False,False,False,False,True
2594,66,95.3,6273.4,True,True,False,True,False,True,False,False,False,False
2595,1,70.25,70.25,False,False,False,True,False,True,False,False,True,False
2596,18,50.3,908.75,False,False,False,False,False,False,True,False,False,False
2597,51,97.8,4913.3,True,False,False,True,False,True,False,False,False,True
2598,1,46.3,46.3,True,False,False,False,False,False,True,False,True,True
2599,41,106.3,4443.45,False,False,False,True,False,True,False,False,False,True
2600,7,75.35,564.65,False,False,False,True,False,True,False,True,False,False
2601,12,89.4,1095.65,False,False,False,True,False,True,False,True,False,True
2602,68,88.0,6161.9,False,False,True,False,True,False,False,False,False,False
2603,5,83.15,446.05,False,False,False,True,True,False,False,False,True,True
2604,49,43.8,2106.05,False,False,False,False,False,False,True,False,False,False
2605,40,62.05,2511.55,True,True,False,False,True,False,False,False,False,False
2606,10,74.15,811.8,True,False,False,True,False,False,True,True,False,True
2607,72,101.35,7323.15,False,True,False,True,False,True,False,False,False,False
2608,2,84.05,186.05,False,False,False,True,False,True,False,False,True,False
2609,71,105.9,7521.95,False,True,False,True,False,True,False,False,False,False
2610,11,99.5,1056.95,False,False,False,True,False,True,False,True,False,True
2611,1,44.15,44.15,True,False,False,False,False,False,True,False,True,True
2612,16,53.9,834.15,False,False,False,False,False,False,True,False,False,True
2613,1,85.45,85.45,False,False,False,True,False,False,True,False,True,True
2614,12,85.05,999.8,True,False,False,True,True,False,False,True,False,False
2615,54,44.1,2369.7,False,True,False,False,False,False,False,False,False,False
2616,68,90.2,6297.65,False,False,True,True,True,False,False,False,False,False
2617,4,50.85,239.55,False,False,False,False,False,False,True,False,True,True
2618,1,59.2,59.2,False,False,False,False,False,True,False,False,True,True
2619,27,53.45,1461.45,True,False,False,False,False,False,True,False,False,False
2620,13,83.2,1060.6,True,False,False,True,False,True,False,False,False,True
2621,64,74.65,4869.35,False,False,False,False,True,False,False,False,False,False
2622,1,54.9,54.9,False,False,False,False,False,True,False,False,True,True
2623,57,57.5,3265.95,True,False,True,False,False,False,False,False,False,False
2624,21,103.9,2254.2,False,False,False,True,False,True,False,False,False,True
2625,31,93.8,2939.8,True,True,False,True,False,True,False,False,False,False
2626,52,89.25,4652.4,True,False,True,False,False,False,True,False,False,False
2627,46,94.15,4408.45,False,True,False,True,False,True,False,False,False,False
2628,11,55.6,580.8,False,False,False,False,False,True,False,True,False,False
2629,53,48.7,2495.2,False,False,False,False,False,False,False,False,False,False
2630,57,104.9,5913.95,True,False,False,True,False,False,False,False,False,False
2631,2,75.45,158.4,False,False,False,True,False,False,True,False,True,True
2632,2,54.85,104.2,False,False,False,False,False,False,True,False,True,True
2633,72,84.45,6033.1,True,False,True,False,False,False,True,False,False,False
2634,1,95.1,95.1,True,False,False,True,False,True,False,False,True,True
2635,41,79.85,3320.75,False,True,False,False,False,False,False,False,False,False
2636,6,75.5,438.0,True,False,False,True,False,True,False,False,True,True
2637,4,73.75,325.45,False,False,False,True,False,True,False,False,True,True
2638,12,96.05,1148.1,True,False,False,True,False,True,False,True,False,True
2639,58,68.4,3972.25,False,True,False,False,False,True,False,False,False,False
2640,65,55.15,3673.15,False,False,False,False,False,False,True,False,False,False
2641,1,70.6,70.6,True,False,False,True,False,False,True,False,True,False
2642,58,44.1,2413.05,False,True,False,False,False,False,True,False,False,False
2643,62,107.6,6912.7,True,False,True,True,False,False,False,False,False,False
2644,26,61.55,1581.95,True,True,False,False,False,True,False,False,False,False
2645,62,90.7,5586.45,True,False,False,True,False,False,False,False,False,False
2646,58,99.25,5846.65,False,True,False,True,True,False,False,False,False,False
2647,68,91.7,6424.7,False,False,True,False,False,True,False,False,False,False
2648,61,100.7,6018.65,False,True,False,True,True,False,False,False,False,False
2649,42,78.45,3373.4,False,False,True,False,True,False,False,False,False,False
2650,18,84.3,1537.9,True,False,False,True,False,False,False,False,False,False
2651,4,88.95,355.2,False,False,False,True,False,True,False,False,True,True
2652,35,55.6,2016.45,False,True,False,False,True,False,False,False,False,False
2653,64,86.8,5327.25,False,False,False,True,False,False,False,False,False,False
2654,4,50.7,151.3,False,False,False,False,True,False,False,False,True,True
2655,70,113.65,7714.65,False,False,True,True,False,True,False,False,False,False
2656,3,53.4,188.7,True,False,False,False,True,False,False,False,True,True
2657,53,101.9,5549.4,True,False,False,True,False,True,False,False,False,True
2658,2,59.5,130.5,True,False,True,False,False,False,True,False,True,False
2659,29,87.8,2621.75,False,False,False,True,True,False,False,False,False,False
2660,47,41.9,1875.25,False,False,True,False,False,False,True,False,False,False
2661,68,83.0,5685.8,False,True,False,True,False,True,False,False,False,True
2662,12,69.85,837.5,True,False,False,False,False,False,True,True,False,False
2663,8,56.3,401.5,False,False,False,False,False,False,False,True,False,False
2664,54,109.55,6118.95,True,False,False,True,False,True,False,False,False,False
2665,69,92.15,6480.9,True,False,True,True,False,False,True,False,False,False
2666,26,69.5,1800.05,False,False,False,False,False,False,False,False,False,False
2667,72,97.0,7104.2,False,False,True,True,False,False,False,False,False,False
2668,70,58.35,4214.25,False,False,True,False,False,False,False,False,False,False
2669,1,50.6,50.6,True,False,False,False,False,False,True,False,True,True
2670,10,89.5,863.1,True,False,False,True,False,True,False,True,False,True
2671,28,70.4,1992.2,False,True,False,True,False,False,False,False,False,False
2672,1,69.8,69.8,True,False,False,True,False,True,False,False,True,True
2673,21,94.3,1948.35,False,False,False,True,False,True,False,False,False,False
2674,51,93.8,4750.95,True,False,False,True,False,False,False,False,False,True
2675,53,95.95,5036.9,True,True,False,True,False,True,False,False,False,False
2676,24,101.05,2391.8,True,False,False,True,False,True,False,False,False,True
2677,70,94.8,6859.05,False,False,True,False,True,False,False,False,False,False
2678,61,107.75,6521.9,True,True,False,True,False,True,False,False,False,False
2679,11,54.6,617.85,False,True,False,False,False,False,True,True,False,False
2680,2,71.3,157.75,True,False,False,True,True,False,False,False,True,False
2681,41,56.3,2364.0,False,True,False,False,True,False,False,False,False,False
2682,18,94.7,1687.95,True,False,False,True,False,True,False,False,False,True
2683,72,104.15,7689.95,True,False,True,True,False,False,False,False,False,True
2684,71,90.55,6239.05,False,False,True,False,True,False,False,False,False,False
2685,34,60.8,2042.05,False,True,False,False,False,False,True,False,False,False
2686,29,98.8,2807.1,True,False,False,True,True,False,False,False,False,False
2687,40,98.15,4116.8,True,True,False,True,True,False,False,False,False,False
2688,36,35.35,1317.95,True,True,False,False,False,False,True,False,False,False
2689,46,103.15,4594.65,False,True,False,True,False,True,False,False,False,False
2690,58,107.75,6332.75,False,True,False,True,False,True,False,False,False,False
2691,39,81.4,3213.75,True,True,False,True,True,False,False,False,False,False
2692,4,61.45,229.55,True,False,False,False,True,False,False,False,True,True
2693,52,95.7,4976.15,False,True,False,True,True,False,False,False,False,False
2694,70,104.8,7308.95,True,True,False,True,False,True,False,False,False,False
2695,65,70.95,4555.2,True,True,False,True,False,False,False,False,False,False
2696,1,44.95,44.95,True,False,False,False,False,False,True,False,True,False
2697,70,97.65,6982.5,False,True,False,True,False,True,False,False,False,False
2698,29,35.65,1025.15,False,False,False,False,False,False,True,False,False,False
2699,1,90.55,90.55,True,False,False,True,False,True,False,False,True,True
2700,67,85.25,5714.2,False,False,True,False,False,False,True,False,False,False
2701,26,88.8,2274.35,False,False,False,True,False,False,False,False,False,True
2702,48,100.05,4834.0,False,False,False,True,True,False,False,False,False,False
2703,55,55.7,3131.8,False,False,False,False,False,True,False,False,False,False
2704,7,85.2,602.55,True,False,False,True,False,False,True,True,False,True
2705,37,91.15,3369.25,True,False,False,True,False,True,False,False,False,False
2706,31,83.85,2674.15,False,False,False,True,False,False,False,False,False,False
2707,4,45.9,199.75,True,False,False,False,False,True,False,False,True,False
2708,5,91.4,449.75,True,False,False,True,False,True,False,False,True,True
2709,15,91.5,1400.3,False,False,False,True,False,True,False,False,False,False
2710,8,51.3,411.6,True,False,False,False,True,False,False,True,False,False
2711,56,104.75,5841.35,False,False,False,True,False,True,False,False,False,False
2712,42,106.15,4512.7,True,False,False,True,False,False,False,False,False,True
2713,65,85.75,5688.45,True,False,False,True,False,True,False,False,False,False
2714,65,100.75,6674.65,True,True,False,True,False,True,False,False,False,False
2715,18,74.15,1345.75,False,False,False,True,False,True,False,False,False,False
2716,23,78.55,1843.05,False,True,False,False,False,True,False,False,False,False
2717,4,45.3,196.95,False,False,False,False,False,False,True,False,True,True
2718,4,50.7,214.55,False,False,False,False,False,True,False,False,True,False
2719,19,45.0,865.85,True,False,False,False,False,False,False,False,False,False
2720,18,77.8,1358.6,False,False,False,True,False,True,False,False,False,False
2721,38,83.45,3147.15,False,False,False,True,False,True,False,False,False,False
2722,2,73.25,131.05,True,False,False,True,True,False,False,False,True,True
2723,47,94.8,4535.85,True,True,False,True,False,False,False,False,False,False
2724,9,59.9,542.4,True,False,False,False,False,False,True,True,False,False
2725,26,90.1,2312.55,False,True,False,False,True,False,False,False,False,False
2726,8,51.05,415.05,True,False,False,False,False,True,False,True,False,True
2727,44,70.95,3250.45,True,True,False,False,False,True,False,False,False,False
2728,3,29.2,98.5,False,False,False,False,False,False,True,False,True,False
2729,2,46.6,87.9,True,False,False,False,False,False,False,False,True,False
2730,9,85.35,754.65,False,False,False,True,False,False,False,True,False,True
2731,1,75.35,75.35,True,False,False,True,False,True,False,False,True,True
2732,25,74.3,1952.25,True,False,False,True,False,False,False,False,False,False
2733,2,69.3,153.8,False,False,False,True,False,True,False,False,True,False
2734,43,75.2,3198.6,True,False,False,True,False,True,False,False,False,True
2735,58,94.3,5610.15,False,True,False,True,False,True,False,False,False,False
2736,59,76.45,4519.5,False,False,True,False,False,False,True,False,False,False
2737,44,54.0,2440.25,True,True,False,False,False,True,False,False,False,False
2738,66,104.25,6860.6,True,True,False,True,False,True,False,False,False,False
2739,9,24.95,190.25,True,False,False,False,False,True,False,True,False,False
2740,19,84.75,1651.95,True,False,False,True,False,True,False,False,False,False
2741,70,113.65,7939.25,False,False,True,True,False,False,False,False,False,False
2742,1,44.9,44.9,True,False,False,False,False,False,True,False,True,False
2743,8,75.25,576.7,False,False,False,True,False,True,False,True,False,False
2744,60,110.6,6586.85,True,False,True,True,False,True,False,False,False,False
2745,17,55.5,934.15,True,False,False,False,True,False,False,False,False,False
2746,3,43.3,123.65,True,False,False,False,False,True,False,False,True,True
2747,70,109.5,7534.65,True,True,False,True,False,False,False,False,False,True
2748,43,84.85,3645.6,True,False,False,True,False,True,False,False,False,False
2749,57,53.45,3053.0,False,True,False,False,False,True,False,False,False,False
2750,72,112.1,7965.95,False,False,True,True,True,False,False,False,False,False
2751,11,84.8,906.85,False,False,False,True,True,False,False,True,False,True
2752,50,95.05,4888.7,False,False,False,True,False,True,False,False,False,True
2753,5,50.35,237.25,True,False,False,False,False,True,False,False,True,True
2754,1,74.6,74.6,True,False,False,True,False,False,False,False,True,True
2755,2,74.2,140.1,True,False,False,True,False,True,False,False,True,False
2756,17,69.0,1108.0,False,False,False,False,False,False,True,False,False,False
2757,15,59.45,892.65,False,False,False,False,False,True,False,False,False,True
2758,46,105.2,4822.85,False,True,False,True,False,False,False,False,False,True
2759,64,109.2,6741.15,True,False,True,True,True,False,False,False,False,False
2760,1,79.15,79.15,False,False,False,True,False,False,True,False,True,False
2761,25,53.65,1355.45,True,True,False,False,False,False,True,False,False,False
2762,71,100.2,7209.0,True,False,True,True,True,False,False,False,False,False
2763,8,45.15,438.4,True,False,False,False,False,False,True,True,False,True
2764,72,108.65,7726.35,False,False,True,True,False,False,False,False,False,False
2765,49,40.65,2070.75,False,False,False,False,False,False,False,False,False,False
2766,29,55.35,1636.95,True,True,False,False,True,False,False,False,False,False
2767,72,105.6,7581.5,True,False,True,True,False,False,False,False,False,False
2768,31,93.8,3019.5,True,False,False,True,False,True,False,False,False,True
2769,50,95.7,4729.75,False,False,False,True,False,True,False,False,False,False
2770,71,83.2,6126.1,True,False,True,False,False,True,False,False,False,False
2771,70,90.05,6333.4,True,False,True,False,True,False,False,False,False,False
2772,71,97.65,6687.85,True,True,False,True,True,False,False,False,False,False
2773,61,68.05,4158.25,True,False,True,False,False,False,False,False,False,False
2774,32,96.2,3183.4,True,False,False,True,False,True,False,False,False,True
2775,1,79.6,79.6,False,False,False,True,False,True,False,False,True,True
2776,68,102.1,7149.35,True,False,True,True,False,False,False,False,False,False
2777,7,71.05,472.65,False,False,False,True,False,True,False,True,False,False
2778,20,85.25,1734.5,True,False,False,True,False,True,False,False,False,True
2779,33,59.45,1884.65,False,False,False,False,False,False,False,False,False,False
2780,28,92.2,2568.15,True,True,False,True,False,False,False,False,False,False
2781,7,43.9,278.4,True,False,False,False,False,False,True,True,False,False
2782,26,80.5,2088.8,True,False,False,True,False,True,False,False,False,True
2783,5,89.8,502.6,True,False,False,True,False,True,False,False,True,True
2784,30,90.5,2595.85,True,False,False,True,True,False,False,False,False,False
2785,63,90.45,5825.5,True,True,False,True,True,False,False,False,False,False
2786,1,50.75,50.75,True,False,False,False,False,True,False,False,True,True
2787,53,84.6,4449.75,False,True,False,False,False,True,False,False,False,False
2788,14,89.65,1208.35,False,False,False,True,True,False,False,False,False,True
2789,21,99.15,1956.4,False,False,False,True,False,False,False,False,False,False
2790,35,62.1,2096.1,False,False,False,False,False,True,False,False,False,False
2791,32,79.5,2665.0,False,False,False,True,False,True,False,False,False,False
2792,59,51.7,3005.8,True,False,False,False,False,True,False,False,False,False
2793,36,65.4,2498.4,True,True,False,False,False,False,True,False,False,True
2794,40,65.1,2586.0,False,False,False,False,False,False,True,False,False,False
2795,40,81.2,3292.3,True,False,False,True,False,True,False,False,False,False
2796,9,72.9,651.4,False,False,False,False,False,False,True,True,False,True
2797,63,74.5,4674.55,True,False,True,False,True,False,False,False,False,False
2798,3,80.5,232.35,False,False,False,True,False,True,False,False,True,False
2799,40,60.3,2448.5,True,True,False,False,False,False,True,False,False,False
2800,8,75.0,658.1,True,False,False,True,False,False,True,True,False,False
2801,34,90.15,3128.8,True,True,False,True,False,False,True,False,False,False
2802,5,40.0,223.45,True,False,False,False,False,False,True,False,True,True
2803,9,99.45,919.4,True,False,False,True,True,False,False,True,False,True
2804,9,69.05,653.95,True,False,False,False,True,False,False,True,False,False
2805,31,59.7,1825.5,True,False,False,False,False,False,False,False,False,False
2806,2,86.25,181.65,False,False,False,True,False,True,False,False,True,True
2807,1,45.65,45.65,False,False,False,False,False,True,False,False,True,True
2808,8,70.1,551.35,True,False,False,True,False,False,True,True,False,True
2809,9,40.75,359.4,False,False,False,False,False,True,False,True,False,False
2810,2,70.2,115.95,False,False,False,True,False,False,False,False,True,True
2811,3,55.35,165.2,False,False,False,False,False,True,False,False,True,True
2812,25,95.7,2338.35,True,False,False,True,True,False,False,False,False,False
2813,1,46.3,46.3,True,False,False,False,False,True,False,False,True,False
2814,45,81.3,3541.1,False,False,False,False,False,False,True,False,False,False
2815,51,84.2,4146.05,True,False,False,True,False,True,False,False,False,True
2816,38,66.15,2522.4,False,False,False,False,False,False,False,False,False,False
2817,2,45.85,81.0,True,False,False,False,False,False,True,False,True,True
2818,34,49.8,1734.2,True,False,False,False,False,True,False,False,False,False
2819,70,101.75,7069.3,False,True,False,True,False,True,False,False,False,False
2820,13,55.15,742.9,False,True,False,False,False,False,True,False,False,False
2821,39,75.25,3017.65,True,False,False,True,False,True,False,False,False,True
2822,61,103.95,6423.0,False,True,False,True,False,True,False,False,False,False
2823,12,100.15,1164.3,False,False,False,True,False,False,False,True,False,True
2824,41,99.65,4220.35,True,False,True,True,True,False,False,False,False,False
2825,21,73.7,1558.7,True,False,False,True,False,True,False,False,False,False
2826,55,50.05,2743.45,True,True,False,False,False,False,False,False,False,False
2827,69,60.25,4055.5,True,False,True,False,False,False,False,False,False,False
2828,26,105.75,2710.25,True,False,False,True,False,True,False,False,False,True
2829,69,87.3,6055.55,False,True,False,True,True,False,False,False,False,False
2830,18,48.35,810.7,False,False,False,False,False,True,False,False,False,True
2831,47,54.25,2538.2,True,False,False,False,False,True,False,False,False,False
2832,72,85.3,6129.2,False,False,True,False,False,False,False,False,False,False
2833,33,50.0,1750.85,True,False,False,False,False,True,False,False,False,False
2834,2,24.4,36.55,False,False,False,False,False,False,True,False,True,True
2835,72,90.95,6652.45,False,False,True,False,True,False,False,False,False,False
2836,37,72.25,2575.45,True,False,False,True,False,False,False,False,False,False
2837,62,96.1,6019.35,False,False,False,True,True,False,False,False,False,False
2838,23,55.3,1284.2,True,False,False,False,False,False,False,False,False,False
2839,9,69.5,653.25,True,False,False,False,False,False,True,True,False,False
2840,1,49.55,49.55,False,False,False,False,False,True,False,False,True,True
2841,24,79.65,1928.7,False,False,False,True,False,False,True,False,False,False
2842,1,71.25,71.25,False,False,False,True,False,True,False,False,True,False
2843,72,113.8,7845.8,True,False,True,True,False,False,False,False,False,False
2844,2,50.15,115.1,False,False,False,False,True,False,False,False,True,True
2845,60,100.5,6029.0,False,True,False,True,True,False,False,False,False,False
2846,29,95.9,2745.2,True,False,False,True,False,True,False,False,False,True
2847,49,74.45,3721.9,False,False,True,False,False,False,False,False,False,False
2848,30,104.1,3121.1,False,False,False,True,False,True,False,False,False,False
2849,39,81.9,3219.75,True,True,False,True,False,True,False,False,False,False
2850,8,69.7,572.85,True,False,False,True,False,True,False,True,False,False
2851,51,90.15,4554.85,False,True,False,True,False,True,False,False,False,False
2852,1,25.25,25.25,False,False,False,False,False,True,False,False,True,True
2853,38,60.0,2193.2,True,False,True,False,False,False,False,False,False,False
2854,28,89.9,2433.5,False,False,False,True,True,False,False,False,False,False
2855,49,49.8,2398.4,True,False,True,False,False,False,True,False,False,False
2856,10,54.25,583.0,False,False,False,False,False,True,False,True,False,False
2857,67,109.9,7332.4,True,True,False,True,True,False,False,False,False,False
2858,7,35.5,249.55,True,True,False,False,True,False,False,True,False,False
2859,51,87.55,4475.9,False,True,False,True,True,False,False,False,False,False
2860,9,45.15,416.45,False,False,False,False,False,True,False,True,False,True
2861,9,88.4,788.6,False,False,False,True,False,False,True,True,False,False
2862,4,50.8,202.3,True,False,False,False,False,False,True,False,True,False
2863,71,99.0,6994.6,True,False,True,True,False,True,False,False,False,False
2864,50,84.4,4116.15,False,False,False,True,False,False,False,False,False,True
2865,24,96.55,2263.45,False,False,True,True,False,True,False,False,False,False
2866,22,59.75,1374.35,True,True,False,False,False,False,False,False,False,False
2867,44,111.5,4915.15,True,False,False,True,False,True,False,False,False,False
2868,1,75.1,75.1,False,False,False,True,False,True,False,False,True,True
2869,54,70.15,3715.65,False,True,False,False,True,False,False,False,False,True
2870,42,101.75,4273.45,True,False,False,True,False,True,False,False,False,True
2871,1,45.8,45.8,False,False,False,False,False,True,False,False,True,True
2872,30,70.4,2044.75,True,True,False,False,False,True,False,False,False,False
2873,1,30.55,30.55,False,False,False,False,False,False,True,False,True,False
2874,16,84.9,1398.25,True,False,False,False,False,True,False,False,False,False
2875,9,40.65,328.95,True,False,False,False,False,False,True,True,False,True
2876,46,101.0,4680.05,True,False,False,True,False,True,False,False,False,True
2877,1,69.1,69.1,True,False,False,True,False,True,False,False,True,True
2878,71,54.5,3778.2,True,False,True,False,False,False,False,False,False,False
2879,43,75.35,3161.4,True,False,False,True,True,False,False,False,False,False
2880,50,44.45,2188.45,True,True,False,False,False,False,False,False,False,False
2881,13,75.0,999.45,False,False,False,True,False,False,True,False,False,True
2882,19,100.0,1888.65,True,True,False,True,False,False,False,False,False,True
2883,41,98.05,3990.6,False,False,False,True,False,False,False,False,False,False
2884,1,71.15,71.15,False,False,False,True,False,True,False,False,True,True
2885,24,54.15,1240.25,False,False,False,False,True,False,False,False,False,True
2886,40,63.9,2635.0,False,True,False,False,False,False,False,False,False,False
2887,3,69.15,235.0,False,False,False,False,False,False,False,False,True,False
2888,37,64.65,2347.85,False,True,False,False,False,False,False,False,False,False
2889,67,108.75,7156.2,False,False,True,True,True,False,False,False,False,True
2890,32,98.85,3089.6,False,False,False,True,False,True,False,False,False,False
2891,6,49.15,270.8,False,False,False,False,False,True,False,False,True,True
2892,32,89.6,2901.8,False,False,False,True,False,True,False,False,False,False
2893,59,83.25,4949.1,False,False,False,True,False,True,False,False,False,False
2894,30,70.25,2198.9,False,True,False,False,False,False,False,False,False,False
2895,20,79.15,1520.9,False,False,False,True,False,True,False,False,False,True
2896,68,73.0,5163.0,False,True,False,False,True,False,False,False,False,False
2897,69,61.4,4059.85,False,False,True,False,True,False,False,False,False,False
2898,26,84.3,2281.6,True,False,False,True,False,False,True,False,False,False
2899,1,50.75,50.75,True,False,False,False,False,False,True,False,True,False
2900,55,75.75,4264.25,False,True,False,False,False,False,False,False,False,False
2901,44,65.4,2774.55,True,True,False,False,False,True,False,False,False,False
2902,46,80.4,3605.2,True,False,False,True,False,True,False,False,False,True
2903,69,59.75,4069.9,True,False,True,False,False,False,False,False,False,False
2904,11,78.5,874.2,True,False,False,True,False,True,False,True,False,False
2905,11,102.0,1145.35,False,False,False,True,False,True,False,True,False,True
2906,29,48.95,1323.7,True,False,False,False,False,False,False,False,False,False
2907,57,99.65,5497.05,False,False,False,True,False,True,False,False,False,False
2908,42,54.55,2455.05,False,False,False,False,True,False,False,False,False,False
2909,23,40.65,947.4,True,True,False,False,False,False,False,False,False,False
2910,1,70.8,70.8,False,False,False,True,False,False,True,False,True,True
2911,16,89.05,1448.6,True,False,False,True,True,False,False,False,False,True
2912,3,96.6,291.9,False,False,False,True,False,True,False,False,True,True
2913,67,88.8,5903.15,True,True,False,False,False,False,False,False,False,False
2914,57,104.5,5921.35,False,False,False,True,True,False,False,False,False,True
2915,2,69.8,146.65,True,False,False,True,False,True,False,False,True,False
2916,23,77.15,1759.4,False,False,True,False,False,False,False,False,False,False
2917,25,35.05,844.45,False,False,True,False,False,False,False,False,False,False
2918,72,108.1,7774.05,False,False,True,True,False,False,False,False,False,False
2919,2,84.05,134.05,False,False,False,True,False,True,False,False,True,False
2920,5,50.6,249.95,False,False,False,False,False,False,True,False,True,True
2921,35,49.2,1701.65,True,False,False,False,False,True,False,False,False,False
2922,2,71.65,135.75,False,False,False,True,False,True,False,False,True,False
2923,72,104.9,7732.65,True,False,True,True,True,False,False,False,False,False
2924,41,106.5,4282.4,False,False,False,True,False,True,False,False,False,False
2925,4,49.35,219.65,True,False,False,False,False,True,False,False,True,True
2926,26,75.5,2018.1,True,True,False,True,False,False,False,False,False,False
2927,7,94.25,669.0,True,False,False,True,False,True,False,True,False,True
2928,1,68.95,68.95,False,False,False,True,False,True,False,False,True,True
2929,4,58.5,224.85,False,False,False,False,False,False,True,False,True,False
2930,48,78.9,3771.5,True,False,True,False,True,False,False,False,False,False
2931,2,93.85,196.75,True,False,False,True,False,True,False,False,True,True
2932,12,79.2,943.85,False,True,False,False,False,True,False,True,False,False
2933,60,109.45,6572.85,True,False,False,True,False,False,False,False,False,False
2934,55,59.2,3175.85,True,False,True,False,False,True,False,False,False,False
2935,1,29.15,29.15,True,False,False,False,False,False,True,False,True,False
2936,4,76.05,318.9,True,False,False,True,False,True,False,False,True,True
2937,1,24.45,24.45,True,False,False,False,False,False,True,False,True,True
2938,42,66.5,2762.75,False,False,True,False,True,False,False,False,False,False
2939,1,49.55,49.55,False,False,False,False,False,False,False,False,True,False
2940,7,89.35,631.85,True,False,False,True,True,False,False,True,False,True
2941,3,73.6,232.5,True,False,False,True,True,False,False,False,True,False
2942,72,82.65,5919.35,False,False,True,False,True,False,False,False,False,False
2943,15,49.0,749.25,True,False,False,False,False,True,False,False,False,False
2944,4,80.35,307.4,True,False,False,True,False,True,False,False,True,True
2945,1,55.8,55.8,False,False,False,False,False,True,False,False,True,True
2946,72,110.9,8240.85,True,False,True,True,True,False,False,False,False,False
2947,55,77.75,4266.4,False,False,False,True,True,False,False,False,False,False
2948,1,79.05,79.05,True,False,False,True,False,True,False,False,True,True
2949,1,95.0,95.0,True,False,False,True,False,True,False,False,True,True
2950,1,25.2,25.2,False,False,False,False,False,False,True,False,True,True
2951,52,80.85,4079.55,True,True,False,False,False,True,False,False,False,False
2952,41,98.4,4187.75,True,False,False,True,False,True,False,False,False,True
2953,43,56.35,2391.15,True,True,False,False,False,False,True,False,False,False
2954,3,50.4,137.25,True,False,False,False,False,False,False,False,True,False
2955,66,79.4,5154.6,True,False,True,False,True,False,False,False,False,True
2956,55,55.25,3119.9,True,False,True,False,True,False,False,False,False,False
2957,12,84.05,966.55,False,False,False,True,False,True,False,True,False,False
2958,66,105.2,6936.85,False,False,False,True,False,True,False,False,False,False
2959,35,101.4,3496.3,True,False,False,True,False,True,False,False,False,True
2960,10,89.8,914.3,True,False,False,True,False,True,False,True,False,True
2961,27,75.75,1929.0,True,False,False,True,False,False,False,False,False,False
2962,58,95.3,5817.7,False,False,False,True,False,True,False,False,False,False
2963,54,109.75,6110.2,True,False,True,True,False,False,False,False,False,True
2964,6,69.1,435.0,True,False,False,True,False,True,False,False,True,False
2965,26,91.25,2351.8,False,False,False,True,False,True,False,False,False,True
2966,8,54.75,445.85,True,False,False,False,False,False,True,True,False,False
2967,12,81.45,912.0,True,False,False,True,False,True,False,True,False,False
2968,15,49.1,679.55,False,False,False,False,False,True,False,False,False,True
2969,43,80.2,3581.6,True,True,False,False,False,True,False,False,False,False
2970,42,100.3,4222.95,True,False,False,True,False,True,False,False,False,False
2971,31,65.25,1994.3,False,False,False,False,True,False,False,False,False,True
2972,66,90.95,5930.05,False,False,True,True,True,False,False,False,False,False
2973,18,85.45,1505.85,False,False,False,True,False,True,False,False,False,True
2974,61,94.1,5638.3,True,False,True,True,False,True,False,False,False,True
2975,10,79.85,797.25,True,False,False,True,False,True,False,True,False,False
2976,1,71.65,71.65,True,False,False,True,False,True,False,False,True,True
2977,18,73.55,1359.45,False,False,False,True,False,True,False,False,False,False
2978,24,104.65,2542.45,True,False,False,True,False,True,False,False,False,True
2979,1,44.55,44.55,True,False,False,False,False,True,False,False,True,False
2980,2,54.45,87.3,True,False,False,False,False,False,True,False,True,False
2981,69,105.0,7297.75,True,False,True,True,False,True,False,False,False,False
2982,72,88.7,6301.7,True,False,True,False,True,False,False,False,False,False
2983,3,74.25,210.3,False,False,False,True,False,True,False,False,True,True
2984,50,75.15,3822.45,True,False,True,False,False,False,False,False,False,False
2985,58,109.1,6393.65,False,False,True,True,True,False,False,False,False,False
2986,46,30.75,1489.3,True,True,False,False,False,False,False,False,False,False
2987,72,112.9,8061.5,True,False,False,True,True,False,False,False,False,False
2988,1,74.2,74.2,False,False,False,True,False,True,False,False,True,True
2989,6,94.05,518.75,False,False,False,True,False,False,True,False,True,False
2990,72,78.85,5763.15,True,False,True,False,False,False,False,False,False,False
2991,4,55.3,238.5,True,False,False,False,False,False,True,False,True,False
2992,43,101.0,4388.4,True,False,False,True,False,True,False,False,False,True
2993,4,100.2,420.2,True,False,False,True,False,True,False,False,True,True
2994,25,89.05,2177.45,True,True,False,True,False,True,False,False,False,True
2995,51,78.65,3950.85,False,True,False,False,True,False,False,False,False,False
2996,12,74.75,827.05,True,False,False,False,False,False,False,True,False,False
2997,57,70.1,3913.3,False,True,False,False,False,False,False,False,False,True
2998,64,58.35,3756.45,False,True,False,False,False,False,False,False,False,False
2999,4,105.65,443.9,False,True,False,True,False,True,False,False,True,True
3000,26,100.5,2599.95,False,False,False,True,False,False,False,False,False,False
3001,36,96.5,3436.1,True,False,False,True,False,True,False,False,False,True
3002,27,95.0,2462.55,False,False,False,True,True,False,False,False,False,False
3003,1,70.85,70.85,True,False,False,True,False,False,True,False,True,True
3004,35,85.95,3110.1,False,True,False,False,True,False,False,False,False,True
3005,4,73.9,280.85,True,False,False,True,False,True,False,False,True,True
3006,8,45.45,411.75,False,False,False,False,False,True,False,True,False,False
3007,2,49.2,103.7,False,False,False,False,False,False,True,False,True,False
3008,58,109.45,6144.55,False,False,True,True,False,False,False,False,False,True
3009,51,83.25,4089.45,True,False,True,False,True,False,False,False,False,False
3010,46,72.8,3249.4,True,False,False,True,False,False,False,False,False,False
3011,50,109.65,5405.8,False,False,False,True,False,False,False,False,False,False
3012,53,65.0,3363.8,True,False,False,False,True,False,False,False,False,False
3013,61,114.1,7132.15,True,False,False,True,False,True,False,False,False,False
3014,47,86.95,4138.9,True,True,False,False,False,False,False,False,False,False
3015,54,94.75,5121.75,False,True,False,True,False,False,False,False,False,False
3016,19,25.35,566.1,True,False,False,False,True,False,False,False,False,False
3017,26,105.45,2715.3,False,False,True,True,False,True,False,False,False,False
3018,17,102.55,1742.5,True,False,False,True,False,True,False,False,False,False
3019,30,100.2,2983.8,False,False,False,True,False,True,False,False,False,True
3020,26,73.5,1905.7,False,False,True,False,True,False,False,False,False,False
3021,21,74.05,1565.7,False,False,False,True,False,False,False,False,False,True
3022,50,98.25,4858.7,True,True,False,True,False,True,False,False,False,False
3023,68,54.4,3723.65,False,True,False,False,False,True,False,False,False,False
3024,3,101.55,298.35,True,False,False,True,False,False,False,False,True,True
3025,9,103.1,970.45,True,False,False,True,False,True,False,True,False,False
3026,51,34.2,1782.0,False,False,True,False,False,False,False,False,False,False
3027,9,43.75,405.7,False,False,False,False,False,True,False,True,False,False
3028,41,111.95,4534.9,True,True,False,True,False,True,False,False,False,True
3029,22,100.65,2415.95,True,False,False,True,False,True,False,False,False,False
3030,21,55.95,1157.05,False,True,False,False,False,True,False,False,False,True
3031,71,116.05,8297.5,True,False,True,True,False,False,False,False,False,False
3032,1,45.75,45.75,True,False,False,False,False,True,False,False,True,True
3033,26,82.0,2083.1,True,True,False,False,True,False,False,False,False,False
3034,71,65.15,4681.75,True,False,True,False,False,False,False,False,False,False
3035,4,44.8,176.2,True,False,False,False,True,False,False,False,True,False
3036,12,79.8,1001.2,False,False,False,True,False,True,False,True,False,False
3037,18,88.85,1594.75,False,False,False,True,False,True,False,False,False,False
3038,3,74.95,212.4,False,False,False,True,False,True,False,False,True,False
3039,72,106.85,7677.4,False,True,False,True,False,False,False,False,False,False
3040,11,74.95,815.5,True,False,False,True,False,True,False,True,False,True
3041,1,80.15,80.15,False,False,False,True,True,False,False,False,True,True
3042,72,109.25,8109.8,False,True,False,True,False,True,False,False,False,True
3043,42,56.1,2386.85,True,True,False,False,True,False,False,False,False,False
3044,7,51.3,419.35,False,False,False,False,False,False,True,True,False,False
3045,68,118.6,7990.05,False,False,True,True,False,False,True,False,False,False
3046,72,115.5,8425.15,False,False,True,True,False,True,False,False,False,False
3047,52,109.1,5647.95,False,False,False,True,False,True,False,False,False,False
3048,67,111.3,7567.2,True,False,True,True,False,False,False,False,False,False
3049,1,29.9,29.9,False,False,False,False,False,False,True,False,True,False
3050,53,80.6,4348.1,True,False,False,True,False,False,True,False,False,False
3051,3,35.2,108.95,False,False,False,False,True,False,False,False,True,True
3052,1,78.8,78.8,False,False,False,True,False,True,False,False,True,True
3053,19,89.95,1682.4,True,False,False,True,False,False,True,False,False,False
3054,60,116.05,6925.9,False,False,True,True,False,False,False,False,False,False
3055,47,106.4,5127.95,False,False,False,True,False,True,False,False,False,True
3056,18,49.4,874.8,True,False,False,False,False,True,False,False,False,True
3057,60,115.25,6758.45,False,False,True,True,True,False,False,False,False,False
3058,59,81.25,4639.45,False,True,False,True,True,False,False,False,False,False
3059,2,69.95,143.9,True,False,False,True,False,False,True,False,True,False
3060,1,69.1,69.1,True,False,False,True,False,True,False,False,True,True
3061,20,90.2,1776.55,True,False,False,True,False,True,False,False,False,True
3062,6,93.55,536.4,False,False,False,True,False,False,False,False,True,True
3063,71,86.4,6172.0,True,False,True,True,True,False,False,False,False,False
3064,24,66.3,1559.45,False,False,False,False,False,False,True,False,False,False
3065,67,94.65,6079.0,True,False,False,True,True,False,False,False,False,False
3066,1,80.85,80.85,True,False,False,True,False,False,True,False,True,True
3067,48,82.05,4029.95,False,True,False,True,False,False,True,False,False,True
3068,37,72.1,2658.4,False,True,False,False,False,False,True,False,False,False
3069,11,34.7,383.55,True,False,False,False,False,False,True,True,False,False
3070,18,95.95,1745.5,False,False,False,True,True,False,False,False,False,False
3071,50,44.8,2230.85,True,True,False,False,False,False,False,False,False,False
3072,67,109.4,7281.6,False,True,False,True,False,True,False,False,False,False
3073,25,71.05,1837.7,False,False,False,False,False,False,True,False,False,False
3074,2,78.55,149.55,False,False,False,True,False,True,False,False,True,True
3075,10,40.25,411.45,False,True,False,False,False,False,True,True,False,False
3076,9,68.25,576.95,True,False,False,False,False,False,False,True,False,False
3077,2,50.95,123.05,False,False,False,False,False,False,True,False,True,False
3078,1,78.65,78.65,False,False,False,True,False,True,False,False,True,True
3079,19,25.15,468.35,True,False,False,False,False,False,False,False,False,False
3080,1,42.9,42.9,True,False,False,False,False,True,False,False,True,True
3081,1,44.0,44.0,True,False,False,False,False,True,False,False,True,False
3082,3,34.25,139.35,False,False,False,False,False,False,True,False,True,True
3083,9,58.5,539.85,False,False,False,False,False,False,True,True,False,True
3084,5,55.8,300.4,False,False,False,False,True,False,False,False,True,False
3085,56,88.9,4968.0,False,True,False,True,False,False,False,False,False,False
3086,18,57.65,992.7,False,False,False,False,False,False,True,False,False,False
3087,49,96.2,4718.25,True,False,False,True,False,True,False,False,False,True
3088,70,79.15,5536.5,True,False,True,False,False,False,True,False,False,False
3089,72,108.05,7806.6,False,False,True,True,True,False,False,False,False,False
3090,6,74.4,434.1,False,False,False,True,False,True,False,False,True,True
3091,17,94.8,1563.9,True,False,False,True,False,True,False,False,False,False
3092,29,45.9,1332.4,True,False,False,False,False,True,False,False,False,False
3093,6,105.3,545.2,False,False,False,True,False,True,False,False,True,True
3094,63,102.6,6296.75,True,False,True,True,False,True,False,False,False,False
3095,16,73.85,1284.2,True,False,False,True,False,False,False,False,False,True
3096,59,61.35,3645.5,True,True,False,False,False,False,False,False,False,False
3097,3,57.55,161.45,False,False,False,False,False,True,False,False,True,False
3098,8,29.25,226.95,False,False,False,False,False,False,True,True,False,False
3099,7,84.55,646.85,False,False,False,True,False,True,False,True,False,True
3100,68,111.75,7511.3,False,False,True,True,True,False,False,False,False,False
3101,52,106.5,5621.85,False,True,False,True,False,True,False,False,False,False
3102,72,107.7,7919.8,True,False,True,True,True,False,False,False,False,False
3103,1,69.95,69.95,True,False,False,True,True,False,False,False,True,False
3104,42,63.7,2763.35,True,True,False,False,True,False,False,False,False,False
3105,45,50.9,2298.55,True,False,False,False,False,False,False,False,False,False
3106,43,60.4,2640.55,False,True,False,False,True,False,False,False,False,False
3107,37,79.25,2911.8,True,True,False,False,False,False,True,False,False,False
3108,20,85.8,1727.5,False,False,False,True,True,False,False,False,False,True
3109,4,24.45,86.6,False,False,False,False,False,True,False,False,True,True
3110,63,110.1,6705.7,True,False,True,True,True,False,False,False,False,False
3111,3,90.7,237.65,True,False,False,True,False,False,True,False,True,False
3112,28,105.7,2979.5,True,False,False,True,False,True,False,False,False,True
3113,8,85.2,695.75,False,False,False,True,False,True,False,True,False,False
3114,1,24.25,24.25,True,False,False,False,False,True,False,False,True,True
3115,16,54.55,825.1,True,False,False,False,False,False,False,False,False,False
3116,66,96.6,6424.25,True,False,True,True,False,False,True,False,False,False
3117,11,76.5,837.95,False,False,False,True,False,True,False,True,False,True
3118,51,81.15,4126.2,True,True,False,False,True,False,False,False,False,False
3119,8,38.5,330.8,False,False,False,False,False,True,False,True,False,False
3120,14,92.9,1337.45,True,False,False,True,False,True,False,False,False,False
3121,4,93.5,362.2,False,False,False,True,False,True,False,False,True,True
3122,70,84.7,5991.05,False,False,True,False,False,False,True,False,False,False
3123,70,66.0,4891.5,False,False,True,False,False,True,False,False,False,False
3124,54,101.5,5373.1,False,True,False,True,True,False,False,False,False,True
3125,28,74.9,2068.55,True,False,False,True,False,False,False,False,False,True
3126,69,61.45,4131.2,False,False,True,False,True,False,False,False,False,False
3127,42,54.5,2301.15,True,False,False,False,False,False,True,False,False,False
3128,2,69.6,131.65,False,False,False,True,False,True,False,False,True,True
3129,39,99.75,4036.0,False,False,False,True,False,True,False,False,False,False
3130,45,109.75,4900.65,True,False,True,True,False,False,False,False,False,False
3131,72,80.85,5727.45,True,False,True,False,False,False,False,False,False,False
3132,72,67.8,4804.65,True,False,True,False,False,False,False,False,False,False
3133,51,56.15,2898.95,False,True,False,False,False,True,False,False,False,False
3134,63,86.7,5309.5,True,False,True,False,False,False,False,False,False,False
3135,1,50.55,50.55,False,False,False,False,False,True,False,False,True,True
3136,2,54.35,117.05,False,False,False,False,False,False,True,False,True,False
3137,52,108.1,5839.3,False,False,False,True,True,False,False,False,False,False
3138,36,54.45,1893.5,False,True,False,False,False,False,True,False,False,False
3139,1,45.35,45.35,False,False,False,False,False,False,True,False,True,False
3140,28,59.0,1654.45,False,True,False,False,False,False,True,False,False,False
3141,7,69.45,477.05,False,True,False,False,False,True,False,True,False,False
3142,14,100.55,1415.55,True,False,False,True,False,True,False,False,False,True
3143,72,64.95,4546.0,True,False,True,False,True,False,False,False,False,False
3144,7,25.05,189.95,False,False,False,False,False,False,False,True,False,False
3145,4,74.8,321.9,True,False,False,True,False,False,False,False,True,True
3146,72,114.3,8058.55,True,False,True,True,True,False,False,False,False,False
3147,20,24.45,482.8,False,False,False,False,False,True,False,False,False,True
3148,63,109.2,7049.75,True,False,True,True,True,False,False,False,False,False
3149,56,45.05,2560.1,False,False,True,False,False,False,False,False,False,False
3150,5,51.0,286.8,False,False,False,False,False,False,True,False,True,False
3151,72,110.45,7982.5,False,False,True,True,False,False,False,False,False,False
3152,68,84.65,5683.6,True,False,False,True,False,True,False,False,False,False
3153,67,60.05,3994.05,True,True,False,False,False,False,True,False,False,False
3154,8,44.65,369.15,True,False,False,False,False,False,False,True,False,False
3155,52,93.25,4631.7,True,False,False,True,False,False,False,False,False,False
3156,7,94.1,701.3,True,False,False,True,False,True,False,True,False,False
3157,59,34.8,1980.3,True,True,False,False,False,False,True,False,False,False
3158,46,60.75,2893.4,True,False,True,False,False,False,False,False,False,False
3159,5,51.35,262.3,True,False,False,False,False,True,False,False,True,False
3160,59,64.05,3886.85,True,False,True,False,True,False,False,False,False,False
3161,70,84.8,5917.55,False,False,True,False,False,False,False,False,False,False
3162,14,71.0,914.0,False,False,False,True,True,False,False,False,False,True
3163,44,50.15,2139.1,False,False,False,False,False,False,True,False,False,False
3164,64,94.6,5948.7,False,False,True,True,True,False,False,False,False,False
3165,58,59.75,3624.35,False,False,True,False,False,False,True,False,False,False
3166,46,100.25,4753.85,False,True,False,True,False,True,False,False,False,False
3167,58,98.9,5780.7,True,False,False,True,False,True,False,False,False,False
3168,72,97.7,6869.7,False,False,True,True,True,False,False,False,False,False
3169,30,40.3,1172.95,False,False,False,False,False,True,False,False,False,True
3170,11,60.25,662.95,True,False,False,False,False,False,False,True,False,False
3171,34,56.25,1765.95,False,False,False,False,False,True,False,False,False,False
3172,54,46.2,2431.95,True,False,True,False,False,False,False,False,False,False
3173,3,50.6,155.35,False,False,False,False,False,True,False,False,True,True
3174,40,84.85,3303.05,False,False,False,True,False,True,False,False,False,True
3175,2,65.7,134.35,False,False,False,False,False,False,True,False,True,True
3176,54,63.35,3409.1,True,False,True,False,True,False,False,False,False,False
3177,14,50.1,709.5,False,False,False,False,False,False,False,False,False,False
3178,1,70.5,70.5,False,False,False,True,False,True,False,False,True,True
3179,10,94.85,953.45,False,False,False,True,False,True,False,True,False,True
3180,1,50.15,50.15,False,False,False,False,False,True,False,False,True,False
3181,56,64.65,3665.55,True,True,False,False,False,False,False,False,False,False
3182,68,79.6,5515.8,False,False,True,False,False,False,False,False,False,False
3183,68,99.55,6668.0,True,False,True,True,False,True,False,False,False,False
3184,55,74.0,4052.4,True,False,False,True,False,True,False,False,False,False
3185,16,38.9,664.4,False,False,False,False,False,True,False,False,False,False
3186,9,79.55,718.55,True,False,False,True,False,True,False,True,False,False
3187,14,65.45,937.6,True,False,False,False,False,True,False,False,False,True
3188,58,98.7,5812.6,True,False,False,True,False,True,False,False,False,True
3189,53,46.3,2546.85,True,False,False,False,False,False,False,False,False,False
3190,70,99.35,6944.5,True,False,True,True,True,False,False,False,False,False
3191,14,95.8,1346.3,False,False,False,True,False,True,False,False,False,False
3192,22,67.5,1544.05,True,True,False,False,False,False,False,False,False,True
3193,10,78.15,765.15,False,False,False,True,True,False,False,True,False,False
3194,1,69.6,69.6,False,False,False,True,False,True,False,False,True,True
3195,49,84.35,4059.35,True,True,False,False,False,True,False,False,False,True
3196,68,100.2,6851.65,False,False,False,True,False,True,False,False,False,True
3197,1,78.05,78.05,False,False,False,True,False,True,False,False,True,True
3198,30,40.35,1187.05,False,True,False,False,True,False,False,False,False,False
3199,72,79.2,5401.9,False,False,True,False,True,False,False,False,False,False
3200,7,73.6,520.0,True,False,False,True,False,True,False,True,False,True
3201,9,74.75,706.6,False,False,False,True,False,True,False,True,False,True
3202,1,49.9,49.9,False,False,False,False,False,False,True,False,True,False
3203,20,68.9,1370.35,False,False,False,False,True,False,False,False,False,False
3204,29,76.0,2215.25,False,False,False,True,True,False,False,False,False,False
3205,1,74.0,74.0,True,False,False,True,False,True,False,False,True,False
3206,3,82.3,214.4,True,False,False,True,False,False,True,False,True,False
3207,20,89.4,1871.15,False,False,False,True,False,False,False,False,False,False
3208,64,99.15,6171.2,True,False,False,True,True,False,False,False,False,False
3209,6,29.45,161.45,False,False,False,False,False,False,False,False,True,False
3210,6,59.15,336.7,True,False,False,False,False,False,False,False,True,False
3211,7,44.75,333.65,True,False,False,False,False,True,False,True,False,False
3212,72,90.8,6511.8,True,False,True,True,True,False,False,False,False,False
3213,8,49.55,393.45,True,False,False,False,False,False,False,True,False,False
3214,67,106.7,7009.5,False,False,True,True,True,False,False,False,False,False
3215,24,93.55,2264.05,False,False,False,True,False,True,False,False,False,True
3216,72,94.45,6921.7,False,False,True,True,True,False,False,False,False,False
3217,2,25.05,56.35,True,False,False,False,False,True,False,False,True,True
3218,70,67.95,4664.15,True,False,True,False,False,False,True,False,False,False
3219,22,65.25,1441.8,False,True,False,False,False,False,False,False,False,False
3220,59,99.45,5623.7,False,False,False,True,False,False,False,False,False,False
3221,53,77.4,4155.95,True,True,False,False,False,False,False,False,False,False
3222,63,99.7,6330.4,True,False,True,True,True,False,False,False,False,False
3223,40,74.8,2971.7,False,False,False,True,True,False,False,False,False,False
3224,26,78.95,2034.25,True,True,False,True,False,False,False,False,False,False
3225,27,95.55,2510.2,True,False,False,True,False,True,False,False,False,True
3226,53,62.85,3419.5,True,True,False,False,True,False,False,False,False,False
3227,34,71.55,2427.35,True,False,False,True,True,False,False,False,False,False
3228,19,94.95,1760.25,False,False,False,True,False,True,False,False,False,False
3229,43,86.1,3551.65,True,False,False,True,True,False,False,False,False,False
3230,57,39.3,2111.45,True,False,False,False,False,True,False,False,False,True
3231,34,84.05,2909.95,True,False,False,True,False,False,True,False,False,False
3232,10,36.25,374.0,False,False,False,False,False,True,False,True,False,False
3233,13,23.9,300.8,False,False,False,False,False,True,False,False,False,True
3234,56,98.6,5581.05,True,False,False,True,False,True,False,False,False,False
3235,55,103.65,5676.65,False,False,False,True,True,False,False,False,False,False
3236,36,92.9,3379.25,False,False,True,False,True,False,False,False,False,False
3237,1,85.45,85.45,False,False,False,True,False,True,False,False,True,True
3238,24,80.5,2088.45,True,False,False,True,False,True,False,False,False,False
3239,63,99.9,6137.0,False,True,False,True,False,False,False,False,False,True
3240,35,39.85,1434.6,False,False,False,False,False,True,False,False,False,False
3241,67,60.5,3870.0,False,True,False,False,True,False,False,False,False,False
3242,25,84.8,2043.45,True,False,False,True,False,True,False,False,False,True
3243,21,103.85,2215.0,True,False,False,True,False,False,True,False,False,False
3244,13,67.8,842.25,False,False,False,False,False,False,False,False,False,False
3245,35,75.2,2576.2,True,False,False,True,False,True,False,False,False,True
3246,71,49.35,3515.25,True,False,True,False,False,True,False,False,False,True
3247,7,89.0,605.45,True,False,False,True,False,True,False,True,False,False
3248,57,55.0,3094.05,False,False,False,False,False,True,False,False,False,False
3249,65,76.15,4929.55,True,False,True,False,False,False,False,False,False,False
3250,6,74.9,469.8,True,False,False,True,False,True,False,False,True,True
3251,72,117.35,8436.25,False,False,True,True,True,False,False,False,False,False
3252,11,45.2,492.0,True,False,False,False,True,False,False,True,False,False
3253,59,89.75,5496.9,False,False,False,True,False,True,False,False,False,False
3254,26,75.0,1908.35,True,True,False,False,False,False,False,False,False,False
3255,2,49.95,107.1,True,False,False,False,False,False,True,False,True,False
3256,72,65.7,4575.35,False,False,True,False,False,False,False,False,False,False
3257,65,67.05,4309.55,True,True,False,False,True,False,False,False,False,False
3258,72,110.9,7922.75,True,False,True,True,True,False,False,False,False,False
3259,6,87.95,522.35,True,False,False,True,False,False,False,False,True,False
3260,50,75.7,3876.2,False,True,False,False,False,False,False,False,False,False
3261,61,62.15,3778.85,True,False,True,False,False,False,True,False,False,False
3262,15,101.25,1457.25,False,False,False,True,False,True,False,False,False,True
3263,72,115.15,8349.45,True,False,True,True,False,False,False,False,False,False
3264,12,86.55,1066.9,False,False,False,True,False,True,False,True,False,False
3265,37,28.6,973.55,False,False,False,False,True,False,False,False,False,True
3266,21,45.65,985.05,True,False,False,False,False,False,True,False,False,False
3267,68,56.4,3948.45,True,False,True,False,False,False,True,False,False,False
3268,12,73.3,828.05,True,False,False,True,True,False,False,True,False,False
3269,2,24.35,41.85,False,False,False,False,False,True,False,False,True,True
3270,62,101.35,6164.7,False,False,False,True,False,True,False,False,False,False
3271,29,98.65,2862.75,False,False,False,True,False,True,False,False,False,True
3272,1,33.6,33.6,True,False,False,False,False,False,True,False,True,False
3273,5,79.9,343.95,True,False,False,True,False,False,False,False,True,True
3274,62,104.05,6590.5,True,False,True,True,False,True,False,False,False,False
3275,28,103.3,2890.65,False,False,False,True,False,True,False,False,False,True
3276,69,73.7,4885.85,False,True,False,False,True,False,False,False,False,False
3277,11,96.2,1222.05,False,False,False,True,True,False,False,True,False,True
3278,63,108.75,6871.7,False,False,False,True,False,True,False,False,False,False
3279,45,70.05,3062.45,False,False,False,False,False,True,False,False,False,False
3280,22,84.75,1816.75,False,False,False,True,False,True,False,False,False,False
3281,55,104.15,5743.05,True,True,False,True,False,True,False,False,False,True
3282,65,59.95,3921.1,False,False,True,False,True,False,False,False,False,False
3283,5,85.55,408.5,True,False,False,True,False,True,False,False,True,False
3284,24,78.6,1846.65,False,False,True,False,True,False,False,False,False,False
3285,72,116.8,8456.75,False,False,True,True,True,False,False,False,False,False
3286,21,43.55,1011.5,True,False,False,False,False,False,True,False,False,False
3287,69,60.8,4263.4,True,True,False,False,True,False,False,False,False,False
3288,44,54.9,2549.1,True,False,False,False,False,False,False,False,False,False
3289,61,65.2,3965.05,False,True,False,False,False,True,False,False,False,False
3290,24,102.95,2496.7,True,False,False,True,True,False,False,False,False,True
3291,1,90.6,90.6,False,False,False,True,False,True,False,False,True,True
3292,6,50.8,288.05,False,False,False,False,False,False,False,False,True,True
3293,4,90.05,368.1,True,False,False,True,False,True,False,False,True,True
3294,72,108.2,7840.6,True,False,True,True,False,True,False,False,False,False
3295,72,92.0,6632.75,True,False,True,False,False,False,False,False,False,False
3296,14,75.1,1013.35,True,False,False,True,False,True,False,False,False,False
3297,48,75.15,3772.65,False,True,False,True,False,True,False,False,False,False
3298,45,112.2,5031.85,True,True,False,True,True,False,False,False,False,False
3299,3,70.3,220.4,True,False,False,True,False,False,True,False,True,False
3300,3,75.85,256.6,False,False,False,True,False,True,False,False,True,True
3301,69,80.65,5542.55,True,False,True,False,False,False,False,False,False,False
3302,1,68.5,68.5,True,False,False,True,False,True,False,False,True,True
3303,72,115.75,8443.7,False,False,True,True,True,False,False,False,False,False
3304,11,73.5,791.75,True,False,False,True,False,True,False,True,False,True
3305,71,80.6,5708.2,True,False,True,False,False,False,False,False,False,False
3306,1,69.95,69.95,False,False,False,True,False,False,True,False,True,True
3307,33,59.55,2016.3,False,False,True,False,False,False,False,False,False,False
3308,56,95.65,5471.75,False,True,False,True,False,True,False,False,False,False
3309,5,70.05,346.4,True,False,False,False,False,True,False,False,True,True
3310,56,36.1,1971.5,True,True,False,False,True,False,False,False,False,False
3311,8,94.0,773.65,True,False,False,True,False,True,False,True,False,True
3312,22,61.15,1422.05,False,False,False,False,False,False,True,False,False,True
3313,40,64.1,2460.35,False,False,False,False,True,False,False,False,False,False
3314,68,110.2,7467.5,True,False,True,True,False,True,False,False,False,False
3315,69,106.35,7261.75,True,False,True,True,True,False,False,False,False,False
3316,56,90.55,5116.6,False,False,False,True,False,True,False,False,False,False
3317,10,65.9,660.05,False,True,False,False,False,False,True,True,False,False
3318,63,104.5,6590.8,True,True,False,True,True,False,False,False,False,False
3319,24,52.5,1208.15,False,False,True,False,False,False,True,False,False,False
3320,19,56.1,1033.9,False,False,False,False,False,False,True,False,False,False
3321,22,88.75,1885.15,True,False,False,True,False,True,False,False,False,False
3322,29,84.45,2467.1,True,False,False,True,False,True,False,False,False,True
3323,13,75.3,989.45,True,True,False,False,False,False,True,False,False,True
3324,49,99.4,5025.0,False,False,False,True,False,True,False,False,False,False
3325,43,109.55,4830.25,False,True,False,True,False,False,True,False,False,True
3326,42,73.15,3088.25,True,True,False,False,False,True,False,False,False,False
3327,57,54.65,3134.7,True,True,False,False,False,False,True,False,False,False
3328,2,66.4,94.55,True,False,False,False,False,False,False,False,True,True
3329,72,115.55,8312.4,False,False,True,True,True,False,False,False,False,False
3330,46,104.45,4863.85,False,False,False,True,False,True,False,False,False,False
3331,66,100.05,6871.9,True,False,False,True,True,False,False,False,False,True
3332,62,102.0,6529.25,True,True,False,True,False,True,False,False,False,True
3333,72,91.15,6637.9,False,False,True,False,False,False,False,False,False,False
3334,35,89.7,3165.6,True,True,False,True,False,True,False,False,False,False
3335,17,90.2,1454.15,True,False,False,True,True,False,False,False,False,True
3336,72,92.4,6786.1,False,False,True,False,False,True,False,False,False,False
3337,31,79.85,2404.15,False,False,False,True,True,False,False,False,False,True
3338,2,49.6,114.7,False,False,False,False,False,False,True,False,True,True
3339,48,97.05,4692.95,False,True,False,True,False,True,False,False,False,False
3340,50,35.0,1782.4,True,False,False,False,False,False,True,False,False,False
3341,52,101.25,5301.1,False,True,False,True,False,False,False,False,False,False
3342,4,70.2,280.35,True,False,False,True,False,True,False,False,True,False
3343,32,90.95,2897.95,False,False,False,True,False,True,False,False,False,False
3344,45,73.85,3371.0,True,False,True,False,True,False,False,False,False,False
3345,9,88.05,801.3,True,False,False,True,False,True,False,True,False,False
3346,66,105.95,6975.25,False,True,False,True,True,False,False,False,False,True
3347,3,91.85,257.05,True,False,False,True,False,True,False,False,True,True
3348,1,40.1,40.1,False,False,False,False,False,True,False,False,True,True
3349,64,110.3,6997.3,False,False,True,True,False,False,False,False,False,False
3350,31,73.9,2217.15,False,False,False,True,False,True,False,False,False,True
3351,14,89.8,1129.1,False,False,False,True,False,False,True,False,False,True
3352,12,85.15,979.05,False,True,False,True,True,False,False,True,False,False
3353,67,60.95,4119.4,True,True,False,False,False,False,False,False,False,False
3354,35,72.25,2568.55,False,False,False,False,False,True,False,False,False,True
3355,45,73.55,3349.1,False,False,True,False,False,False,True,False,False,False
3356,10,46.0,492.1,True,False,False,False,False,False,True,True,False,False
3357,29,58.55,1718.95,False,False,False,False,False,False,False,False,False,False
3358,51,86.35,4267.15,True,True,False,True,False,False,True,False,False,False
3359,40,110.1,4469.1,True,False,False,True,True,False,False,False,False,False
3360,37,96.55,3580.3,False,False,False,True,False,True,False,False,False,True
3361,25,69.75,1729.35,True,False,False,True,False,True,False,False,False,False
3362,22,50.6,1073.3,False,False,False,False,False,True,False,False,False,False
3363,72,65.6,4566.5,True,False,True,False,False,False,False,False,False,False
3364,7,40.1,293.3,False,False,False,False,True,False,False,True,False,True
3365,33,82.1,2603.1,True,False,True,False,True,False,False,False,False,False
3366,23,79.1,1783.75,False,False,False,True,False,False,True,False,False,False
3367,24,101.25,2440.15,True,False,False,True,False,True,False,False,False,True
3368,1,79.55,79.55,False,False,False,True,False,True,False,False,True,True
3369,69,90.65,6322.1,True,False,True,False,False,False,True,False,False,False
3370,56,75.75,4284.65,True,True,False,False,False,False,False,False,False,False
3371,65,110.0,7138.65,True,True,False,True,True,False,False,False,False,False
3372,14,80.35,1058.1,False,False,False,True,False,False,False,False,False,False
3373,2,70.15,123.8,False,False,False,True,False,True,False,False,True,False
3374,32,84.05,2781.85,False,True,False,True,False,True,False,False,False,True
3375,40,67.45,2731.0,True,False,False,False,False,True,False,False,False,False
3376,1,89.1,89.1,True,False,False,True,False,True,False,False,True,True
3377,7,69.9,497.3,False,False,False,True,False,False,True,True,False,False
3378,15,51.1,711.15,False,False,False,False,False,True,False,False,False,False
3379,17,94.4,1607.2,False,False,False,True,False,True,False,False,False,True
3380,19,78.25,1490.95,True,False,False,True,False,True,False,False,False,True
3381,54,60.0,3273.95,False,False,True,False,False,False,False,False,False,False
3382,31,90.55,2929.75,True,False,False,True,True,False,False,False,False,False
3383,11,76.4,838.7,False,False,False,True,False,True,False,True,False,False
3384,18,84.95,1443.65,False,False,False,True,False,True,False,False,False,False
3385,72,110.1,7746.7,False,False,True,True,False,False,False,False,False,False
3386,71,99.65,6951.15,False,False,False,True,True,False,False,False,False,False
3387,5,45.4,214.75,True,False,False,False,True,False,False,False,True,False
3388,38,69.0,2669.45,True,True,False,False,True,False,False,False,False,False
3389,5,48.65,235.2,True,False,False,False,False,False,False,False,True,False
3390,2,44.15,92.65,True,False,False,False,False,True,False,False,True,True
3391,52,59.85,3103.25,False,False,True,False,False,False,False,False,False,False
3392,8,75.75,606.25,False,False,False,True,False,True,False,True,False,True
3393,68,80.65,5330.2,False,False,True,False,False,True,False,False,False,False
3394,42,66.4,2727.8,False,False,False,False,True,False,False,False,False,False
3395,50,100.2,5038.45,False,False,True,True,False,False,True,False,False,False
3396,1,80.3,80.3,True,False,False,True,False,True,False,False,True,True
3397,33,44.55,1462.6,True,False,False,False,True,False,False,False,False,False
3398,64,91.8,5960.5,True,False,False,True,False,True,False,False,False,False
3399,1,74.9,74.9,False,False,False,True,False,True,False,False,True,True
3400,6,50.35,314.55,False,False,False,False,False,True,False,False,True,False
3401,13,64.75,877.35,True,True,False,False,False,True,False,False,False,False
3402,23,98.7,2249.1,False,False,False,True,True,False,False,False,False,False
3403,31,89.45,2807.65,True,False,False,True,False,True,False,False,False,False
3404,29,58.75,1696.2,True,True,False,False,False,True,False,False,False,False
3405,56,85.6,4902.8,False,False,False,True,False,False,False,False,False,False
3406,63,80.3,4995.35,False,False,True,False,True,False,False,False,False,False
3407,63,79.8,5034.05,True,False,True,False,True,False,False,False,False,False
3408,24,79.85,1857.75,True,False,False,True,False,True,False,False,False,False
3409,36,54.1,1992.85,True,True,False,False,True,False,False,False,False,False
3410,9,80.85,751.65,False,False,False,True,False,True,False,True,False,True
3411,3,24.75,66.95,True,False,False,False,False,True,False,False,True,True
3412,21,80.9,1714.95,False,True,False,False,False,False,True,False,False,False
3413,66,114.3,7383.7,True,True,False,True,False,False,False,False,False,False
3414,45,100.3,4483.95,False,True,False,True,False,True,False,False,False,False
3415,22,80.0,1706.45,False,False,False,True,True,False,False,False,False,False
3416,68,89.95,5974.3,False,False,True,True,False,False,False,False,False,False
3417,49,90.85,4515.85,False,False,False,True,True,False,False,False,False,True
3418,4,48.75,179.85,False,False,False,False,False,False,True,False,True,False
3419,63,80.0,5040.2,True,True,False,False,True,False,False,False,False,False
3420,2,79.7,165.0,False,False,False,True,False,False,False,False,True,True
3421,55,57.55,3046.4,True,False,True,False,False,False,False,False,False,True
3422,30,100.4,2936.25,True,False,False,True,False,False,False,False,False,False
3423,22,57.95,1271.8,True,False,False,False,False,False,True,False,False,False
3424,9,59.5,530.05,False,False,False,False,False,False,False,True,False,False
3425,21,86.5,1808.7,False,False,False,True,False,True,False,False,False,True
3426,19,59.55,1144.6,True,False,False,False,False,True,False,False,False,False
3427,69,103.95,7446.9,False,False,False,True,False,True,False,False,False,True
3428,1,25.1,25.1,True,False,False,False,False,True,False,False,True,True
3429,72,103.95,7556.9,False,False,True,True,False,False,False,False,False,False
3430,70,68.95,4858.7,True,False,True,False,True,False,False,False,False,False
3431,66,103.1,6595.0,False,False,False,True,False,False,False,False,False,False
3432,7,24.7,149.05,False,False,False,False,False,True,False,True,False,False
3433,46,110.2,4972.1,False,False,False,True,False,True,False,False,False,False
3434,39,48.95,1880.85,True,False,False,False,True,False,False,False,False,True
3435,32,62.45,2045.55,False,False,False,False,False,False,False,False,False,False
3436,24,89.55,2187.15,True,False,False,True,False,True,False,False,False,False
3437,6,83.55,477.55,True,False,False,True,True,False,False,False,True,True
3438,37,78.9,2976.95,False,False,False,False,True,False,False,False,False,False
3439,72,71.45,5025.85,False,False,True,False,False,False,False,False,False,False
3440,71,46.35,3353.4,True,False,True,False,True,False,False,False,False,False
3441,16,94.65,1461.15,False,False,False,True,False,False,False,False,False,False
3442,57,49.9,2782.4,False,False,False,False,False,False,False,False,False,False
3443,17,89.15,1496.9,False,False,False,True,False,True,False,False,False,True
3444,66,66.1,4428.45,True,False,True,False,True,False,False,False,False,False
3445,17,75.4,1322.55,False,False,False,False,False,False,False,False,False,False
3446,1,70.45,70.45,True,False,False,True,False,False,True,False,True,True
3447,58,60.3,3563.8,True,True,False,False,True,False,False,False,False,True
3448,27,69.35,1927.3,True,True,False,False,True,False,False,False,False,False
3449,34,88.85,3000.25,True,False,False,True,False,False,True,False,False,False
3450,30,97.0,3021.3,True,True,False,True,False,False,False,False,False,False
3451,33,66.4,2245.4,True,False,False,False,True,False,False,False,False,False
3452,1,24.75,24.75,True,False,False,False,False,True,False,False,True,True
3453,14,69.2,944.65,True,False,False,False,False,False,True,False,False,False
3454,16,79.5,1264.2,False,True,False,True,True,False,False,False,False,False
3455,49,100.65,4917.75,False,False,True,True,True,False,False,False,False,False
3456,19,103.3,2012.7,True,False,False,True,False,True,False,False,False,True
3457,70,79.7,5743.3,False,False,True,False,False,False,False,False,False,False
3458,32,61.4,1864.65,False,False,False,False,False,False,False,False,False,False
3459,18,69.8,1221.65,False,False,False,True,False,True,False,False,False,False
3460,37,40.55,1390.85,True,False,True,False,False,False,True,False,False,False
3461,4,75.65,302.35,False,False,False,True,False,True,False,False,True,False
3462,16,90.7,1374.9,False,False,False,True,False,True,False,False,False,False
3463,17,80.5,1336.9,True,False,False,True,False,False,False,False,False,False
3464,19,60.6,1297.8,False,False,False,False,False,True,False,False,False,False
3465,60,101.15,6067.4,True,False,True,True,True,False,False,False,False,False
3466,43,60.0,2548.55,True,False,True,False,False,True,False,False,False,False
3467,3,78.5,242.05,True,False,False,True,False,True,False,False,True,True
3468,1,44.75,44.75,False,False,False,False,False,False,True,False,True,False
3469,63,98.0,6218.45,False,False,True,True,True,False,False,False,False,False
3470,3,79.9,260.9,True,False,False,True,False,True,False,False,True,True
3471,68,107.7,7320.9,True,False,False,True,False,True,False,False,False,False
3472,30,99.7,2967.35,False,False,False,True,False,True,False,False,False,True
3473,60,104.7,6333.8,False,False,True,True,False,True,False,False,False,False
3474,15,58.6,939.7,True,False,False,False,True,False,False,False,False,True
3475,45,93.9,4200.25,True,False,False,True,False,False,False,False,False,False
3476,70,86.45,5950.2,False,False,True,False,True,False,False,False,False,False
3477,10,98.5,1037.75,True,False,False,True,False,True,False,True,False,True
3478,1,50.45,50.45,False,False,False,False,False,False,True,False,True,True
3479,22,75.0,1573.95,True,False,False,True,False,False,False,False,False,False
3480,38,94.65,3624.3,True,False,False,True,False,True,False,False,False,True
3481,1,100.25,100.25,False,False,False,True,True,False,False,False,True,True
3482,18,78.2,1468.75,True,False,False,True,False,True,False,False,False,False
3483,29,94.2,2607.6,True,False,False,True,False,True,False,False,False,False
3484,16,88.45,1422.1,False,False,False,True,False,True,False,False,False,True
3485,1,69.85,69.85,True,False,False,True,False,True,False,False,True,True
3486,12,81.7,858.6,True,False,False,True,False,False,False,True,False,True
3487,31,50.05,1523.4,True,True,False,False,False,True,False,False,False,False
3488,4,79.9,324.3,True,False,False,True,False,True,False,False,True,True
3489,48,69.55,3435.6,False,True,False,False,False,False,True,False,False,False
3490,50,90.1,4549.45,True,True,False,True,True,False,False,False,False,False
3491,7,44.65,322.5,True,False,False,False,False,False,False,True,False,False
3492,41,83.75,3273.55,True,False,False,True,False,False,False,False,False,True
3493,68,80.35,5375.15,True,False,True,True,True,False,False,False,False,False
3494,26,98.1,2510.7,False,False,False,True,False,False,False,False,False,False
3495,57,53.35,3090.05,True,False,True,False,True,False,False,False,False,False
3496,19,48.95,955.6,True,True,False,False,False,False,False,False,False,False
3497,3,54.2,140.4,False,False,False,False,False,True,False,False,True,False
3498,1,69.4,69.4,False,False,False,True,False,False,True,False,True,True
3499,42,40.15,1626.05,True,False,False,False,False,False,False,False,False,False
3500,7,74.9,541.15,False,False,False,True,False,True,False,True,False,True
3501,1,70.35,70.35,True,False,False,True,False,True,False,False,True,False
3502,66,91.7,6075.9,True,False,True,False,False,False,False,False,False,False
3503,61,89.2,5500.6,False,False,False,True,False,False,True,False,False,False
3504,42,74.15,3229.4,False,False,False,True,True,False,False,False,False,True
3505,64,53.85,3399.85,False,True,False,False,False,False,False,False,False,False
3506,54,115.6,6431.05,False,True,False,True,False,False,False,False,False,False
3507,3,84.3,235.05,True,False,False,True,False,True,False,False,True,False
3508,1,70.1,70.1,False,False,False,True,False,True,False,False,True,True
3509,72,89.75,6595.9,False,False,True,False,True,False,False,False,False,False
3510,60,97.95,5867.0,True,True,False,True,False,True,False,False,False,False
3511,12,78.3,909.25,False,False,False,True,False,True,False,True,False,True
3512,61,103.9,6449.15,True,True,False,True,True,False,False,False,False,False
3513,55,96.8,5283.95,True,False,False,True,False,True,False,False,False,True
3514,17,94.4,1617.5,False,False,False,True,False,True,False,False,False,True
3515,72,77.35,5396.25,True,False,True,False,True,False,False,False,False,False
3516,8,66.05,574.5,False,False,False,False,False,False,False,True,False,False
3517,1,84.3,84.3,False,False,False,True,False,True,False,False,True,True
3518,38,68.15,2656.3,False,False,False,False,True,False,False,False,False,False
3519,17,80.85,1445.95,True,True,False,False,False,True,False,False,False,False
3520,70,75.5,5212.65,False,False,True,False,False,False,False,False,False,False
3521,72,92.45,6440.25,False,False,True,False,True,False,False,False,False,True
3522,28,80.6,2244.95,False,False,False,True,False,True,False,False,False,False
3523,15,83.2,1130.0,False,False,False,True,False,False,False,False,False,False
3524,72,87.55,6463.15,True,False,True,False,False,False,False,False,False,False
3525,11,99.55,1131.2,False,False,False,True,False,True,False,True,False,True
3526,8,81.25,585.95,True,False,False,True,False,True,False,True,False,True
3527,57,109.4,6252.7,False,True,False,True,False,False,False,False,False,False
3528,46,45.55,2062.15,False,False,False,False,False,True,False,False,False,False
3529,10,75.3,720.45,True,False,False,True,False,True,False,True,False,False
3530,23,99.25,2186.4,True,False,False,True,False,True,False,False,False,True
3531,32,93.4,2979.3,True,False,False,True,True,False,False,False,False,False
3532,13,73.75,956.65,True,False,False,True,True,False,False,False,False,False
3533,39,80.45,3201.55,False,False,True,True,False,True,False,False,False,True
3534,44,88.15,3973.2,False,False,False,True,True,False,False,False,False,False
3535,9,49.2,447.9,True,False,False,False,False,False,True,True,False,False
3536,9,79.35,661.25,True,False,False,True,False,False,False,True,False,True
3537,15,79.75,1111.85,False,False,False,True,False,True,False,False,False,True
3538,71,105.15,7555.0,False,False,True,True,False,False,False,False,False,False
3539,1,49.0,49.0,True,False,False,False,True,False,False,False,True,False
3540,30,100.05,3046.15,False,False,False,True,False,True,False,False,False,True
3541,1,69.35,69.35,True,False,False,True,False,True,False,False,True,True
3542,17,49.8,836.35,True,False,False,False,False,False,True,False,False,False
3543,3,85.8,272.2,False,False,False,True,False,True,False,False,True,True
3544,67,79.7,5293.4,True,False,True,False,False,True,False,False,False,True
3545,1,50.55,50.55,False,False,False,False,False,False,True,False,True,True
3546,32,79.3,2570.0,False,False,False,True,False,False,True,False,False,False
3547,1,80.55,80.55,True,False,False,True,False,True,False,False,True,True
3548,1,44.15,44.15,False,False,False,False,False,False,False,False,True,False
3549,12,84.5,916.9,False,False,False,True,False,True,False,True,False,True
3550,62,105.5,6487.2,True,False,False,True,False,True,False,False,False,False
3551,22,84.3,1855.65,False,False,False,True,False,False,True,False,False,True
3552,17,92.7,1556.85,False,False,False,True,True,False,False,False,False,False
3553,56,96.95,5432.2,True,False,False,True,True,False,False,False,False,False
3554,72,115.8,8424.9,True,False,True,True,False,False,False,False,False,False
3555,20,108.2,2203.7,True,False,False,True,False,False,False,False,False,False
3556,2,67.75,116.65,True,False,False,True,False,True,False,False,True,True
3557,53,54.9,3045.75,True,True,False,False,True,False,False,False,False,False
3558,27,85.25,2287.25,False,False,False,True,False,True,False,False,False,True
3559,9,90.35,767.9,True,True,False,True,False,True,False,True,False,False
3560,8,55.75,446.8,False,False,False,False,False,True,False,True,False,False
3561,71,114.6,8100.25,False,False,True,True,False,False,False,False,False,False
3562,10,80.05,830.7,False,False,False,True,False,False,False,True,False,True
3563,71,66.8,4689.15,False,True,False,False,False,False,False,False,False,False
3564,68,100.3,6754.35,True,True,False,True,False,True,False,False,False,False
3565,34,105.35,3540.65,True,False,False,True,False,True,False,False,False,False
3566,26,85.2,2184.6,True,True,False,True,False,True,False,False,False,False
3567,22,48.8,1054.6,False,False,False,False,True,False,False,False,False,True
3568,20,69.8,1540.35,False,False,False,True,False,False,False,False,False,False
3569,60,106.15,6411.25,False,False,False,True,False,True,False,False,False,False
3570,72,105.75,7629.85,False,True,False,True,True,False,False,False,False,False
3571,62,104.85,6312.9,False,True,False,True,False,True,False,False,False,False
3572,10,60.95,629.55,False,False,False,False,False,False,True,True,False,False
3573,31,81.15,2640.55,True,False,False,True,False,True,False,False,False,False
3574,70,90.15,6237.05,True,False,True,False,True,False,False,False,False,False
3575,71,90.1,6310.9,False,False,True,False,False,True,False,False,False,False
3576,69,74.1,5031.0,True,False,True,False,True,False,False,False,False,False
3577,1,85.05,85.05,False,False,False,True,False,True,False,False,True,True
3578,72,118.75,8672.45,False,False,True,True,False,False,False,False,False,False
3579,26,85.9,2196.45,False,False,False,True,True,False,False,False,False,False
3580,33,95.0,3008.15,False,False,False,True,True,False,False,False,False,False
3581,57,101.3,5779.6,False,False,True,True,True,False,False,False,False,False
3582,21,102.8,2110.15,False,False,False,True,False,True,False,False,False,True
3583,68,85.3,5560.0,False,False,True,False,False,False,False,False,False,False
3584,18,89.6,1633.0,True,True,False,True,True,False,False,False,False,False
3585,6,99.95,547.65,False,False,False,True,False,False,True,False,True,True
3586,18,56.25,969.85,True,False,False,False,False,False,True,False,False,False
3587,52,50.95,2610.65,False,True,False,False,False,False,False,False,False,False
3588,56,115.85,6567.9,True,False,True,True,False,False,True,False,False,False
3589,45,103.65,4747.85,True,False,False,True,False,False,False,False,False,False
3590,3,35.1,101.1,True,False,False,False,False,False,True,False,True,False
3591,65,99.1,6496.15,True,False,False,True,False,False,False,False,False,False
3592,63,67.25,4234.15,True,False,True,False,False,False,True,False,False,False
3593,1,59.55,59.55,True,False,False,False,False,False,True,False,True,False
3594,55,77.8,4323.35,True,False,True,False,False,False,False,False,False,False
3595,25,55.1,1466.1,True,True,False,False,False,False,True,False,False,False
3596,72,117.8,8684.8,True,True,False,True,False,False,False,False,False,True
3597,65,45.25,2933.95,False,False,True,False,False,False,True,False,False,False
3598,54,79.5,4370.25,False,False,False,True,False,True,False,False,False,True
3599,72,64.75,4804.75,False,False,True,False,False,False,False,False,False,False
3600,21,54.6,1125.2,True,False,False,False,False,False,False,False,False,False
3601,4,94.75,422.4,True,False,False,True,False,True,False,False,True,False
3602,3,79.65,251.75,True,False,False,True,False,False,False,False,True,True
3603,72,115.8,8332.15,True,False,True,True,True,False,False,False,False,False
3604,6,49.45,314.6,False,False,False,False,False,True,False,False,True,False
3605,52,83.8,4331.4,True,False,False,True,True,False,False,False,False,False
3606,69,95.35,6382.0,True,False,False,True,False,False,False,False,False,False
3607,8,94.7,740.3,True,False,False,True,False,True,False,True,False,True
3608,8,74.05,600.15,False,False,False,True,False,False,False,True,False,False
3609,63,89.6,5538.8,False,False,False,True,False,False,False,False,False,False
3610,60,116.6,7049.5,True,True,False,True,True,False,False,False,False,False
3611,12,54.2,690.5,False,False,False,False,False,False,False,True,False,False
3612,22,65.05,1427.55,True,False,False,False,False,False,True,False,False,False
3613,5,92.5,452.7,True,False,False,True,False,True,False,False,True,True
3614,71,71.0,5012.1,True,True,False,False,False,False,False,False,False,False
3615,2,75.55,166.3,False,False,False,True,False,True,False,False,True,True
3616,26,93.6,2404.1,True,False,False,True,False,True,False,False,False,False
3617,1,70.0,70.0,True,False,False,True,False,True,False,False,True,True
3618,1,24.4,24.4,False,False,False,False,False,False,True,False,True,False
3619,65,74.8,4820.15,True,False,True,False,False,False,False,False,False,True
3620,3,65.25,209.9,True,False,False,False,False,False,True,False,True,False
3621,13,50.55,610.75,True,False,False,False,False,False,True,False,False,False
3622,33,104.4,3409.6,False,False,False,True,False,True,False,False,False,True
3623,1,70.7,70.7,False,False,False,True,False,False,True,False,True,False
3624,4,45.25,155.35,True,False,False,False,False,False,True,False,True,False
3625,2,70.3,144.0,True,False,False,True,False,True,False,False,True,False
3626,72,108.95,7875.0,True,False,True,True,True,False,False,False,False,False
3627,15,86.2,1270.2,False,False,False,True,False,True,False,False,False,True
3628,30,51.2,1561.5,False,False,False,False,True,False,False,False,False,True
3629,32,74.75,2282.95,False,True,False,False,False,False,True,False,False,False
3630,22,75.8,1615.1,False,False,False,True,False,False,False,False,False,False
3631,42,25.1,1097.15,True,False,False,False,True,False,False,False,False,False
3632,8,44.45,369.3,False,False,False,False,False,False,True,True,False,False
3633,65,104.3,6725.3,False,False,True,True,True,False,False,False,False,False
3634,70,89.0,6293.2,False,False,True,False,False,False,False,False,False,False
3635,4,74.9,321.75,False,False,False,True,False,True,False,False,True,True
3636,2,74.9,147.15,False,False,False,True,True,False,False,False,True,True
3637,67,36.15,2434.45,False,False,True,False,False,False,False,False,False,False
3638,2,61.2,125.95,False,False,False,False,True,False,False,False,True,False
3639,46,35.05,1620.25,False,False,False,False,False,False,False,False,False,False
3640,25,100.25,2387.75,False,False,False,True,False,True,False,False,False,True
3641,13,44.0,659.35,True,False,False,False,False,False,True,False,False,False
3642,25,102.8,2660.2,False,False,False,True,False,False,True,False,False,True
3643,26,50.35,1285.8,True,True,False,False,False,False,True,False,False,False
3644,43,100.0,4211.55,True,True,False,True,False,True,False,False,False,True
3645,10,99.85,990.9,True,False,False,True,False,True,False,True,False,True
3646,2,94.2,193.8,False,False,False,True,False,False,False,False,True,True
3647,72,86.4,6058.95,False,False,True,False,False,False,False,False,False,False
3648,18,58.4,964.9,True,False,False,False,True,False,False,False,False,False
3649,9,83.85,790.15,True,False,False,True,False,True,False,True,False,True
3650,27,88.3,2467.75,False,False,False,True,True,False,False,False,False,True
3651,24,94.1,2322.85,True,False,False,True,False,True,False,False,False,False
3652,69,104.05,7262.0,True,True,False,True,False,False,False,False,False,True
3653,46,108.9,4854.3,False,False,True,True,True,False,False,False,False,False
3654,72,107.4,7748.75,False,False,True,True,False,False,False,False,False,False
3655,22,94.7,1914.9,True,False,False,True,True,False,False,False,False,True
3656,70,90.85,6470.1,False,False,False,True,False,True,False,False,False,False
3657,31,66.4,2019.8,True,False,False,False,True,False,False,False,False,False
3658,56,100.65,5688.05,False,False,False,True,False,False,False,False,False,True
3659,16,100.7,1522.7,False,False,False,True,False,False,False,False,False,False
3660,59,95.8,5655.45,False,False,True,True,False,True,False,False,False,False
3661,72,94.65,6747.35,True,False,False,True,False,True,False,False,False,False
3662,66,80.55,5265.1,False,False,True,False,False,False,False,False,False,True
3663,49,106.65,5174.35,False,False,True,True,True,False,False,False,False,False
3664,2,45.85,105.6,False,False,False,False,False,False,True,False,True,False
3665,21,104.35,2271.85,True,False,False,True,False,True,False,False,False,False
3666,54,55.45,2966.95,True,True,False,False,False,True,False,False,False,False
3667,24,78.85,1772.25,True,False,False,True,False,True,False,False,False,True
3668,1,61.15,61.15,True,False,False,False,False,True,False,False,True,False
3669,6,78.95,494.95,True,False,False,True,False,True,False,False,True,False
3670,1,44.45,44.45,False,False,False,False,False,False,True,False,True,True
3671,49,109.2,5290.45,True,True,False,True,True,False,False,False,False,False
3672,56,61.3,3346.8,False,False,True,False,True,False,False,False,False,False
3673,56,96.85,5219.65,False,False,False,True,False,True,False,False,False,False
3674,6,40.55,217.5,False,False,True,False,False,False,True,False,True,False
3675,50,108.25,5431.4,True,True,False,True,False,True,False,False,False,False
3676,58,105.05,6004.85,True,True,False,True,False,False,False,False,False,False
3677,65,90.45,5957.9,False,False,True,False,False,False,True,False,False,False
3678,64,86.4,5442.05,False,False,True,False,True,False,False,False,False,False
3679,66,66.9,4370.25,False,False,True,False,False,False,False,False,False,False
3680,38,110.7,4428.6,True,True,False,True,False,True,False,False,False,False
3681,36,84.9,3067.2,True,False,False,True,False,True,False,False,False,True
3682,64,102.1,6688.1,True,True,False,True,False,True,False,False,False,False
3683,60,70.15,4224.7,False,True,False,False,True,False,False,False,False,False
3684,1,74.35,74.35,True,False,False,True,False,True,False,False,True,True
3685,50,80.05,4042.2,False,True,False,False,False,False,False,False,False,False
3686,1,62.05,62.05,True,False,False,False,False,False,True,False,True,True
3687,72,49.2,3580.95,False,False,True,False,False,True,False,False,False,False
3688,46,38.25,1755.35,True,False,True,False,False,False,True,False,False,False
3689,69,54.95,3772.5,False,False,True,False,True,False,False,False,False,False
3690,31,96.6,2877.95,True,False,False,True,False,False,False,False,False,False
3691,12,84.6,959.9,True,False,False,True,False,True,False,True,False,False
3692,39,80.0,3182.95,True,True,False,False,True,False,False,False,False,True
3693,44,85.25,3704.15,True,True,False,False,False,False,False,False,False,False
3694,56,81.25,4620.4,False,False,True,False,True,False,False,False,False,False
3695,72,115.5,8312.75,False,False,True,True,False,False,False,False,False,False
3696,5,104.1,541.9,True,False,False,True,False,False,True,False,True,True
3697,11,79.0,929.3,False,False,False,True,False,False,False,True,False,False
3698,24,39.1,971.3,True,False,False,False,False,False,False,False,False,True
3699,15,94.65,1285.05,False,False,False,True,False,True,False,False,False,False
3700,56,59.5,3389.25,True,False,True,False,True,False,False,False,False,False
3701,34,100.45,3414.65,False,False,False,True,False,True,False,False,False,False
3702,2,76.5,162.45,True,False,False,True,False,True,False,False,True,True
3703,5,49.2,216.9,True,False,False,False,False,True,False,False,True,True
3704,9,39.55,373.0,True,True,False,False,False,False,True,True,False,False
3705,4,80.85,302.75,False,False,False,True,False,True,False,False,True,True
3706,33,91.25,2964.05,True,False,False,True,False,True,False,False,False,False
3707,31,72.45,2156.25,True,False,False,False,False,False,False,False,False,False
3708,1,60.1,60.1,True,False,False,False,False,False,True,False,True,True
3709,1,78.95,78.95,True,False,False,True,False,True,False,False,True,True
3710,66,75.1,5013.0,True,True,False,False,False,True,False,False,False,False
3711,34,69.15,2275.1,True,False,False,True,True,False,False,False,False,False
3712,58,91.55,5511.65,False,False,False,True,False,True,False,False,False,False
3713,2,45.15,98.5,True,False,False,False,False,True,False,False,True,True
3714,37,35.8,1316.9,True,False,True,False,True,False,False,False,False,False
3715,71,113.15,7993.3,False,False,True,True,True,False,False,False,False,False
3716,3,79.4,244.65,False,False,False,True,False,True,False,False,True,True
3717,69,59.1,4134.7,False,True,False,False,False,False,False,False,False,False
3718,44,53.95,2375.4,True,True,False,False,False,False,True,False,False,True
3719,53,91.15,4862.5,False,True,False,True,False,True,False,False,False,False
3720,24,99.3,2431.35,False,False,False,True,True,False,False,False,False,True
3721,5,68.95,351.5,False,False,False,True,False,True,False,False,True,False
3722,2,51.55,106.2,False,False,False,False,False,False,True,False,True,False
3723,19,96.8,1743.05,False,False,False,True,False,True,False,False,False,False
3724,9,70.05,657.5,True,False,False,True,False,False,True,True,False,False
3725,5,78.75,426.35,True,False,False,True,False,False,True,False,True,False
3726,71,69.2,4982.5,False,True,False,False,False,True,False,False,False,False
3727,18,80.65,1451.9,True,False,False,True,False,True,False,False,False,True
3728,72,103.65,7634.8,True,False,True,True,False,True,False,False,False,False
3729,4,54.7,235.05,False,False,False,False,False,False,True,False,True,False
3730,59,54.15,3116.15,True,False,True,False,True,False,False,False,False,False
3731,1,71.1,71.1,False,False,False,True,False,False,True,False,True,True
3732,31,84.85,2633.4,False,False,False,True,False,True,False,False,False,False
3733,65,106.25,6979.8,False,True,False,True,False,True,False,False,False,True
3734,49,99.25,4920.8,True,True,False,True,True,False,False,False,False,False
3735,55,94.75,5276.1,False,True,False,True,False,True,False,False,False,False
3736,72,114.05,8289.2,True,False,True,True,True,False,False,False,False,False
3737,36,74.9,2659.45,False,False,False,True,False,False,False,False,False,False
3738,1,94.0,94.0,True,False,False,True,False,True,False,False,True,True
3739,72,80.85,5824.75,False,False,True,False,False,False,False,False,False,False
3740,28,54.65,1517.5,False,False,False,False,False,False,False,False,False,False
3741,38,91.7,3479.05,True,False,False,True,False,False,False,False,False,False
3742,61,118.6,7365.7,False,True,False,True,False,True,False,False,False,False
3743,34,116.15,3946.9,False,False,True,True,True,False,False,False,False,False
3744,54,80.6,4299.95,False,False,True,False,False,True,False,False,False,False
3745,15,89.85,1424.95,False,False,False,True,False,True,False,False,False,True
3746,4,46.0,193.6,False,False,False,False,False,False,True,False,True,True
3747,9,66.25,620.55,False,False,False,False,False,False,True,True,False,True
3748,46,99.8,4391.25,False,False,False,True,False,True,False,False,False,False
3749,22,90.0,1993.8,False,False,False,True,False,True,False,False,False,True
3750,38,70.45,2597.6,True,True,False,True,False,False,False,False,False,True
3751,55,75.0,4213.9,False,True,False,False,True,False,False,False,False,False
3752,64,80.3,5017.7,True,True,False,True,True,False,False,False,False,False
3753,58,84.3,4916.4,False,False,True,False,False,True,False,False,False,False
3754,56,54.05,2959.8,True,True,False,False,False,False,False,False,False,False
3755,72,104.9,7559.55,True,False,True,True,True,False,False,False,False,False
3756,1,53.95,53.95,True,False,False,False,False,True,False,False,True,True
3757,72,97.25,7133.1,True,True,False,True,True,False,False,False,False,False
3758,22,83.05,1799.3,True,False,False,True,False,True,False,False,False,False
3759,8,105.5,829.55,False,False,False,True,False,True,False,True,False,True
3760,16,81.0,1312.15,False,False,False,True,False,True,False,False,False,True
3761,39,41.1,1597.05,False,False,False,False,False,False,False,False,False,False
3762,12,45.0,524.35,False,False,False,False,False,False,False,True,False,False
3763,54,74.55,4191.45,True,False,True,False,False,False,False,False,False,False
3764,18,40.2,711.95,False,True,False,False,False,False,True,False,False,False
3765,32,70.5,2201.75,True,True,False,False,False,False,True,False,False,False
3766,65,104.25,6812.95,True,False,False,True,False,True,False,False,False,False
3767,25,78.35,1837.9,False,False,False,False,False,False,False,False,False,False
3768,1,69.8,69.8,False,False,False,True,False,True,False,False,True,True
3769,67,109.7,7344.45,False,True,False,True,True,False,False,False,False,False
3770,7,73.75,545.15,True,False,False,True,False,False,True,True,False,True
3771,43,33.45,1500.25,False,False,False,False,True,False,False,False,False,False
3772,24,94.6,2283.15,False,False,False,True,False,True,False,False,False,False
3773,9,54.55,494.05,True,False,False,False,False,True,False,True,False,True
3774,20,39.4,825.4,True,False,True,False,True,False,False,False,False,False
3775,7,69.15,488.65,True,False,False,True,False,False,False,True,False,False
3776,37,76.25,2841.55,False,False,False,True,False,True,False,False,False,True
3777,5,93.9,486.85,False,False,False,True,False,False,True,False,True,True
3778,41,51.35,2075.1,True,True,False,False,False,True,False,False,False,False
3779,54,100.05,5299.65,False,True,False,True,True,False,False,False,False,False
3780,3,70.4,204.7,False,False,False,True,False,True,False,False,True,True
3781,53,94.45,5042.75,False,True,False,True,True,False,False,False,False,False
3782,18,46.4,812.4,True,True,False,False,True,False,False,False,False,False
3783,64,104.05,6605.55,True,False,True,True,True,False,False,False,False,False
3784,31,91.15,2995.45,False,False,False,True,False,True,False,False,False,True
3785,20,24.9,505.95,False,False,False,False,True,False,False,False,False,False
3786,57,59.6,3509.4,True,True,False,False,False,False,True,False,False,False
3787,63,108.5,6991.9,True,False,True,True,True,False,False,False,False,False
3788,13,40.55,590.35,True,False,True,False,False,False,True,False,False,False
3789,48,58.95,2789.7,False,True,False,False,False,False,False,False,False,False
3790,2,70.95,137.95,False,False,False,True,False,True,False,False,True,True
3791,71,113.15,7953.25,True,True,False,True,False,False,False,False,False,False
3792,7,48.8,349.8,False,False,False,False,False,True,False,True,False,False
3793,16,63.05,1067.05,False,False,False,False,False,False,False,False,False,False
3794,34,100.85,3527.3,True,False,False,True,False,True,False,False,False,False
3795,37,99.5,3762.0,False,False,False,True,False,True,False,False,False,True
3796,16,80.55,1248.9,True,False,False,True,False,False,True,False,False,False
3797,48,64.4,3035.35,True,True,False,False,False,False,False,False,False,False
3798,58,75.2,4300.8,True,True,False,False,True,False,False,False,False,False
3799,72,84.9,6065.3,False,False,True,False,False,False,False,False,False,False
3800,38,83.9,3233.6,False,False,False,True,True,False,False,False,False,True
3801,48,117.45,5438.9,False,False,False,True,False,True,False,False,False,True
3802,10,104.4,1081.45,True,False,False,True,False,True,False,True,False,True
3803,30,74.65,2308.6,False,True,False,False,True,False,False,False,False,False
3804,31,59.05,1882.8,True,False,False,False,True,False,False,False,False,False
3805,46,69.1,3255.35,False,True,False,False,True,False,False,False,False,False
3806,28,76.55,2065.4,True,False,False,True,False,False,False,False,False,False
3807,66,62.5,4136.4,False,False,True,False,False,False,False,False,False,False
3808,8,29.4,221.9,True,False,False,False,False,True,False,True,False,True
3809,41,94.9,3848.0,False,False,False,True,False,False,False,False,False,False
3810,72,111.65,8022.85,True,False,True,True,False,False,False,False,False,False
3811,44,106.05,4510.8,True,True,False,True,False,True,False,False,False,False
3812,47,113.45,5317.8,True,True,False,True,False,False,False,False,False,False
3813,53,92.55,4779.45,True,False,False,True,False,True,False,False,False,False
3814,4,65.6,250.1,True,False,False,False,False,True,False,False,True,False
3815,20,84.35,1745.2,True,False,False,True,False,True,False,False,False,False
3816,2,44.65,74.9,True,False,False,False,False,False,True,False,True,True
3817,57,71.1,4140.1,True,True,False,False,True,False,False,False,False,False
3818,44,85.15,3670.5,False,False,False,True,False,True,False,False,False,False
3819,24,49.7,1167.8,True,False,False,False,False,False,True,False,False,False
3820,15,30.2,469.65,True,False,False,False,False,False,False,False,False,False
3821,3,25.25,58.9,False,False,False,False,False,True,False,False,True,True
3822,4,84.05,333.55,False,False,False,True,False,False,False,False,True,True
3823,37,85.7,3171.15,True,False,False,True,False,True,False,False,False,True
3824,1,74.7,74.7,False,False,False,True,False,True,False,False,True,True
3825,24,56.35,1381.2,False,False,False,False,True,False,False,False,False,False
3826,5,90.8,455.5,False,False,False,True,False,True,False,False,True,True
3827,33,107.55,3645.5,False,False,False,True,False,True,False,False,False,False
3828,72,95.9,6954.15,False,False,True,True,False,False,False,False,False,False
3829,28,106.15,3152.5,False,False,False,True,False,True,False,False,False,True
3830,51,83.85,4307.1,True,False,True,False,True,False,False,False,False,False
3831,30,85.35,2530.4,False,True,False,False,False,False,False,False,False,True
3832,72,84.8,6141.65,True,False,True,True,True,False,False,False,False,False
3833,36,90.85,3186.7,True,False,False,True,False,True,False,False,False,True
3834,14,76.1,1054.8,True,False,True,False,False,False,False,False,False,False
3835,72,74.55,5430.65,False,False,True,False,False,False,True,False,False,False
3836,22,39.2,849.9,False,False,False,False,False,True,False,False,False,False
3837,2,79.55,151.75,False,False,False,True,False,True,False,False,True,False
3838,70,39.15,2692.75,True,False,True,False,True,False,False,False,False,False
3839,39,99.95,3767.4,False,False,False,True,True,False,False,False,False,False
3840,61,59.8,3641.5,False,False,False,False,False,True,False,False,False,False
3841,52,49.75,2535.55,False,False,False,False,False,False,False,False,False,False
3842,1,35.75,35.75,False,False,False,False,False,True,False,False,True,True
3843,64,108.5,6880.85,True,True,False,True,False,False,True,False,False,False
3844,62,60.15,3753.2,True,False,True,False,True,False,False,False,False,False
3845,4,46.0,181.6,False,False,False,False,False,True,False,False,True,True
3846,63,84.0,5329.55,True,True,False,False,False,False,False,False,False,False
3847,1,44.55,44.55,False,False,False,False,True,False,False,False,True,False
3848,15,103.45,1539.8,True,False,False,True,False,True,False,False,False,False
3849,27,80.65,2209.75,True,True,False,True,True,False,False,False,False,False
3850,4,57.2,223.75,False,False,False,False,False,False,True,False,True,False
3851,72,110.75,7751.7,False,False,True,True,False,True,False,False,False,False
3852,45,97.05,4385.05,False,False,False,True,False,True,False,False,False,False
3853,36,76.35,2606.35,False,True,False,False,False,False,True,False,False,False
3854,17,89.4,1539.45,True,False,False,True,False,True,False,False,False,True
3855,16,74.45,1261.35,True,False,False,True,False,False,False,False,False,False
3856,4,50.9,225.6,True,False,False,False,False,True,False,False,True,True
3857,71,84.4,5969.3,False,False,True,False,True,False,False,False,False,False
3858,4,81.0,340.85,True,False,False,True,False,True,False,False,True,True
3859,26,98.35,2515.3,True,False,False,True,False,True,False,False,False,True
3860,4,55.5,227.35,False,False,False,False,True,False,False,False,True,False
3861,5,51.0,305.95,True,False,False,False,False,False,True,False,True,True
3862,4,91.65,365.4,False,False,False,True,False,True,False,False,True,True
3863,29,84.3,2357.75,True,False,False,True,False,True,False,False,False,False
3864,2,100.2,198.5,True,False,False,True,False,True,False,False,True,False
3865,1,90.85,90.85,True,False,False,True,False,True,False,False,True,True
3866,1,69.4,69.4,True,False,False,True,False,False,True,False,True,True
3867,8,94.45,742.95,False,False,False,True,True,False,False,True,False,True
3868,59,94.75,5597.65,False,False,False,True,False,True,False,False,False,False
3869,50,95.7,4816.7,True,False,False,True,False,True,False,False,False,True
3870,18,44.35,768.05,True,False,False,False,False,False,False,False,False,False
3871,17,74.55,1215.8,False,False,False,False,False,False,True,False,False,False
3872,47,73.6,3522.65,True,False,True,False,False,True,False,False,False,False
3873,26,74.95,1834.95,False,False,False,True,False,False,False,False,False,True
3874,6,47.95,305.1,False,False,False,False,False,True,False,False,True,True
3875,19,50.1,910.45,True,False,False,False,True,False,False,False,False,False
3876,3,63.6,155.65,False,False,False,False,False,True,False,False,True,True
3877,68,53.0,3656.25,False,False,True,False,False,True,False,False,False,False
3878,7,24.35,150.85,True,True,False,False,True,False,False,True,False,False
3879,13,93.8,1261.0,True,False,False,True,True,False,False,False,False,False
3880,3,36.85,108.7,True,False,False,False,False,False,True,False,True,True
3881,72,103.75,7346.2,True,False,True,True,False,False,False,False,False,False
3882,66,56.75,3708.4,True,False,True,False,True,False,False,False,False,False
3883,1,44.1,44.1,False,False,False,False,False,True,False,False,True,True
3884,14,50.75,712.75,True,False,False,False,False,True,False,False,False,True
3885,61,104.4,6405.0,False,True,False,True,True,False,False,False,False,True
3886,40,39.3,1637.4,False,False,False,False,False,True,False,False,False,True
3887,42,59.65,2536.55,False,False,False,False,False,False,False,False,False,False
3888,72,83.3,6042.7,False,False,True,False,False,False,False,False,False,False
3889,12,79.55,958.25,False,False,False,True,True,False,False,True,False,False
3890,7,29.8,201.95,False,False,False,False,False,False,True,True,False,False
3891,6,45.5,285.2,False,False,False,False,False,False,True,False,True,False
3892,58,106.45,6145.85,False,True,False,True,False,True,False,False,False,True
3893,51,30.05,1529.45,True,False,False,False,True,False,False,False,False,False
3894,72,65.65,4664.5,True,False,True,False,False,False,False,False,False,False
3895,18,96.05,1740.7,False,False,False,True,False,True,False,False,False,True
3896,7,75.1,552.95,False,False,False,True,False,False,False,True,False,True
3897,47,74.05,3496.3,False,False,True,False,False,False,True,False,False,False
3898,2,44.7,93.7,True,False,False,False,False,True,False,False,True,True
3899,62,110.75,7053.35,True,True,False,True,False,False,False,False,False,False
3900,6,49.5,312.7,True,False,False,False,True,False,False,False,True,False
3901,19,55.0,1046.5,True,False,False,False,True,False,False,False,False,True
3902,69,43.95,2960.1,False,False,True,False,True,False,False,False,False,False
3903,11,74.35,834.2,True,False,False,True,False,True,False,True,False,True
3904,64,111.15,6953.4,False,False,False,True,False,True,False,False,False,False
3905,39,104.7,4134.85,False,True,False,True,True,False,False,False,False,True
3906,15,55.7,899.8,False,False,False,False,False,False,True,False,False,True
3907,66,115.8,7942.15,True,True,False,True,False,False,False,False,False,False
3908,61,88.65,5321.25,False,False,True,False,True,False,False,False,False,False
3909,43,94.5,4156.8,False,False,False,True,False,True,False,False,False,False
3910,23,34.65,768.45,True,False,False,False,False,False,False,False,False,False
3911,71,52.3,3765.05,True,False,False,False,False,False,False,False,False,False
3912,34,65.0,2157.5,False,False,False,False,False,False,True,False,False,False
3913,41,35.45,1391.65,False,True,False,False,False,False,True,False,False,False
3914,14,95.6,1273.3,True,False,False,True,False,True,False,False,False,False
3915,23,81.85,1810.85,False,True,False,True,True,False,False,False,False,False
3916,71,109.3,7782.85,True,False,True,True,True,False,False,False,False,False
3917,1,70.3,70.3,False,False,False,True,False,True,False,False,True,True
3918,6,69.8,377.85,True,False,False,True,False,True,False,False,True,False
3919,10,85.55,851.75,True,False,False,True,False,True,False,True,False,True
3920,72,109.9,7624.2,False,False,True,True,False,True,False,False,False,False
3921,7,50.3,355.1,False,False,False,False,False,False,False,True,False,False
3922,6,94.5,575.45,True,False,False,True,False,False,True,False,True,True
3923,9,101.5,906.85,True,False,False,True,False,True,False,True,False,False
3924,12,89.15,1057.55,False,False,False,True,False,True,False,True,False,False
3925,48,29.9,1388.75,False,True,False,False,False,False,False,False,False,False
3926,20,78.8,1641.3,True,False,False,True,False,True,False,False,False,False
3927,16,85.35,1375.15,False,False,False,True,True,False,False,False,False,True
3928,2,79.65,152.7,False,False,False,True,False,False,True,False,True,True
3929,2,79.6,195.05,False,False,False,True,False,True,False,False,True,True
3930,20,96.8,1826.7,True,False,False,True,False,False,True,False,False,False
3931,19,90.6,1660.0,True,False,False,True,False,True,False,False,False,True
3932,22,104.6,2180.55,True,False,False,True,False,True,False,False,False,False
3933,35,80.05,2835.9,False,False,False,True,True,False,False,False,False,False
3934,1,45.15,45.15,False,False,False,False,False,False,True,False,True,False
3935,39,73.15,2730.85,True,False,False,True,True,False,False,False,False,False
3936,54,99.1,5437.1,False,True,False,True,False,True,False,False,False,False
3937,66,106.05,6981.35,True,False,True,True,True,False,False,False,False,True
3938,56,105.35,5794.45,True,False,False,True,False,False,True,False,False,False
3939,18,45.65,747.2,True,False,False,False,True,False,False,False,False,False
3940,16,79.95,1267.95,False,False,False,True,True,False,False,False,False,False
3941,68,54.45,3674.95,False,True,False,False,True,False,False,False,False,False
3942,72,84.7,5893.9,False,False,True,False,True,False,False,False,False,False
3943,9,75.85,724.65,True,False,False,True,False,True,False,True,False,False
3944,30,48.8,1536.75,False,False,False,False,False,False,True,False,False,False
3945,36,99.15,3615.6,False,False,False,True,False,True,False,False,False,True
3946,18,35.2,607.3,False,False,False,False,False,True,False,False,False,False
3947,55,76.25,4154.55,False,True,False,False,False,True,False,False,False,False
3948,39,55.9,2184.35,False,False,False,False,False,True,False,False,False,True
3949,21,82.35,1852.85,True,False,False,True,False,True,False,False,False,True
3950,2,40.4,77.15,True,False,False,False,True,False,False,False,True,True
3951,44,54.3,2390.45,True,False,True,False,False,False,False,False,False,False
3952,30,66.3,1923.5,False,False,False,False,False,False,False,False,False,False
3953,4,75.35,338.1,False,False,False,True,False,True,False,False,True,True
3954,35,85.15,3030.6,True,True,False,True,False,True,False,False,False,True
3955,1,75.35,75.35,True,False,False,True,True,False,False,False,True,False
3956,23,104.45,2184.85,True,False,False,True,False,True,False,False,False,False
3957,22,49.45,1031.4,False,True,False,False,True,False,False,False,False,False
3958,42,92.15,3875.4,False,False,False,True,False,True,False,False,False,False
3959,33,93.8,3124.5,False,True,False,True,False,True,False,False,False,True
3960,67,100.25,6689.0,False,True,False,True,False,False,False,False,False,False
3961,15,95.7,1451.1,True,False,False,True,False,True,False,False,False,False
3962,67,93.15,6368.2,True,False,True,True,False,True,False,False,False,False
3963,53,69.7,3729.6,True,False,True,False,False,False,True,False,False,False
3964,40,71.35,2847.2,False,False,False,False,False,False,True,False,False,False
3965,39,40.6,1494.5,True,False,False,False,False,True,False,False,False,False
3966,8,54.4,475.1,True,False,False,False,False,True,False,True,False,False
3967,7,94.7,673.1,True,False,False,True,True,False,False,True,False,True
3968,6,30.5,208.7,True,False,False,False,True,False,False,False,True,True
3969,49,66.15,3199.0,True,False,True,False,False,False,False,False,False,False
3970,65,89.85,5844.65,False,True,False,True,False,True,False,False,False,False
3971,55,45.05,2462.6,False,True,False,False,False,False,False,False,False,False
3972,71,86.85,6263.8,True,False,True,False,False,False,False,False,False,False
3973,35,96.75,3403.4,True,False,False,True,False,False,True,False,False,False
3974,3,77.0,237.75,True,False,False,True,False,True,False,False,True,True
3975,1,75.3,75.3,False,False,False,True,False,True,False,False,True,True
3976,17,106.65,1672.1,True,False,False,True,False,False,False,False,False,False
3977,72,110.15,7881.2,False,False,True,True,True,False,False,False,False,False
3978,28,82.85,2320.8,False,True,False,True,False,False,False,False,False,False
3979,40,99.2,4062.2,False,True,False,True,True,False,False,False,False,True
3980,52,59.45,3043.7,False,False,False,False,False,True,False,False,False,False
3981,47,58.6,2723.4,False,False,False,False,False,False,False,False,False,False
3982,23,49.7,1081.25,False,False,False,False,True,False,False,False,False,False
3983,66,65.85,4097.05,True,False,True,False,False,False,True,False,False,False
3984,8,73.5,632.2,False,False,False,True,False,True,False,True,False,False
3985,47,85.5,4042.3,True,False,False,True,False,False,True,False,False,True
3986,71,113.65,8166.8,False,False,True,True,True,False,False,False,False,False
3987,50,83.4,4113.7,False,False,False,True,False,True,False,False,False,False
3988,46,65.65,3047.15,True,False,True,False,False,False,True,False,False,False
3989,1,70.4,70.4,True,False,False,True,False,True,False,False,True,True
3990,66,61.35,4193.4,False,False,True,False,False,False,False,False,False,False
3991,42,85.9,3729.75,False,False,False,True,True,False,False,False,False,False
3992,5,75.65,399.45,False,False,False,True,False,False,True,False,True,False
3993,7,49.75,331.3,True,True,False,False,False,True,False,True,False,True
3994,29,70.9,1964.6,True,True,False,False,True,False,False,False,False,False
3995,27,49.85,1336.15,False,False,False,False,False,False,True,False,False,False
3996,15,75.3,1147.45,False,False,False,True,True,False,False,False,False,True
3997,11,94.0,1078.9,False,False,False,True,False,True,False,True,False,True
3998,57,103.05,5925.75,True,False,False,True,False,True,False,False,False,False
3999,67,118.35,7804.15,True,True,False,True,False,False,False,False,False,True
4000,47,99.7,4747.2,False,False,False,True,False,True,False,False,False,False
4001,13,81.9,1028.9,False,False,False,True,False,False,True,False,False,False
4002,8,30.45,226.45,True,False,False,False,False,True,False,True,False,True
4003,44,96.1,4364.1,False,False,False,True,False,True,False,False,False,True
4004,71,66.2,4692.55,True,True,False,False,False,True,False,False,False,False
4005,24,104.25,2433.9,True,False,False,True,False,True,False,False,False,True
4006,15,80.2,1217.25,True,False,False,True,False,True,False,False,False,True
4007,2,72.6,154.3,True,False,False,True,False,False,True,False,True,False
4008,55,116.5,6382.55,True,False,False,True,False,True,False,False,False,False
4009,71,106.8,7623.2,True,False,True,True,False,True,False,False,False,False
4010,1,89.25,89.25,True,False,False,True,False,True,False,False,True,False
4011,66,104.55,6779.05,False,True,False,True,False,False,False,False,False,False
4012,49,87.2,4345.0,False,True,False,False,False,False,True,False,False,False
4013,3,30.75,82.85,False,False,False,False,False,True,False,False,True,False
4014,11,86.2,893.2,True,False,False,True,False,True,False,True,False,False
4015,28,30.1,810.85,True,False,False,False,True,False,False,False,False,False
4016,65,99.35,6347.55,True,False,True,True,False,True,False,False,False,False
4017,41,94.55,3851.45,True,False,False,True,False,True,False,False,False,False
4018,17,104.2,1743.5,False,False,False,True,False,True,False,False,False,True
4019,30,94.4,2638.1,False,True,False,True,False,False,False,False,False,False
4020,17,56.1,946.95,True,True,False,False,False,False,True,False,False,False
4021,16,68.25,1114.85,False,False,True,False,False,False,False,False,False,False
4022,9,76.25,684.85,True,False,False,True,False,True,False,True,False,False
4023,1,74.35,74.35,False,False,False,True,False,True,False,False,True,False
4024,23,54.15,1312.45,True,False,False,False,False,True,False,False,False,False
4025,19,34.95,610.2,True,False,False,False,False,False,True,False,False,False
4026,7,53.65,404.35,False,False,False,False,False,True,False,True,False,False
4027,1,69.65,69.65,True,False,False,True,False,True,False,False,True,True
4028,61,104.0,6363.45,True,True,False,True,False,True,False,False,False,False
4029,57,70.35,4124.65,False,False,True,False,True,False,False,False,False,False
4030,9,80.8,713.1,True,False,False,True,False,True,False,True,False,True
4031,15,64.85,950.75,True,True,False,False,False,False,True,False,False,False
4032,12,45.9,505.95,False,False,False,False,False,False,False,True,False,False
4033,4,44.8,169.65,True,False,False,False,False,True,False,False,True,False
4034,7,80.3,526.7,False,False,False,True,False,False,True,True,False,True
4035,26,45.8,1147.0,False,False,False,False,False,False,True,False,False,False
4036,36,84.1,3021.6,True,False,False,True,False,True,False,False,False,True
4037,53,108.95,5718.2,False,True,False,True,False,False,False,False,False,False
4038,3,69.35,191.35,True,False,False,False,False,True,False,False,True,True
4039,68,64.35,4539.6,False,False,True,False,True,False,False,False,False,False
4040,72,90.8,6397.6,True,False,True,False,True,False,False,False,False,False
4041,34,79.6,2718.3,False,False,False,True,False,False,True,False,False,True
4042,68,84.7,5711.05,False,False,True,True,False,False,False,False,False,False
4043,50,70.8,3478.15,False,True,False,False,True,False,False,False,False,False
4044,1,36.45,36.45,False,False,False,False,False,True,False,False,True,True
4045,41,104.4,4133.95,False,False,False,True,False,True,False,False,False,False
4046,30,101.5,2917.65,True,False,False,True,False,True,False,False,False,False
4047,1,54.3,54.3,True,False,False,False,False,True,False,False,True,False
4048,29,103.95,2964.8,True,False,False,True,False,True,False,False,False,False
4049,23,91.1,2198.3,False,False,True,False,True,False,False,False,False,False
4050,22,89.4,2001.5,True,False,False,True,False,True,False,False,False,True
4051,72,75.1,5336.35,True,False,True,False,False,False,False,False,False,False
4052,66,108.1,7238.6,False,True,False,True,False,False,False,False,False,False
4053,72,110.15,7998.8,False,False,True,True,False,True,False,False,False,False
4054,47,80.35,3825.85,False,False,False,True,False,True,False,False,False,True
4055,51,111.5,5703.25,False,True,False,True,False,True,False,False,False,False
4056,70,106.5,7397.0,False,True,False,True,False,True,False,False,False,False
4057,59,111.1,6555.2,True,False,True,True,False,False,True,False,False,False
4058,3,70.7,225.65,True,False,False,False,False,False,True,False,True,False
4059,38,24.85,955.75,True,False,False,False,False,True,False,False,False,False
4060,37,91.2,3382.3,False,False,False,True,False,False,False,False,False,False
4061,37,65.6,2313.8,True,False,True,False,False,False,False,False,False,False
4062,24,40.65,933.3,False,False,False,False,True,False,False,False,False,True
4063,14,59.45,780.85,False,False,False,False,False,False,False,False,False,False
4064,72,109.95,7852.4,True,False,True,True,True,False,False,False,False,False
4065,53,60.45,3184.25,True,True,False,False,False,True,False,False,False,True
4066,8,84.9,764.95,False,False,False,True,False,True,False,True,False,True
4067,72,38.5,2763.0,True,False,True,False,True,False,False,False,False,False
4068,17,92.55,1614.7,False,False,False,True,False,True,False,False,False,False
4069,2,73.55,145.4,False,False,False,True,False,False,False,False,True,True
4070,48,34.7,1604.5,False,True,False,False,False,False,True,False,False,True
4071,29,58.0,1734.5,False,True,False,False,True,False,False,False,False,False
4072,65,107.45,7047.5,False,True,False,True,False,True,False,False,False,False
4073,8,65.5,573.15,False,False,False,False,False,False,False,True,False,False
4074,45,100.15,4459.8,False,True,False,True,False,False,False,False,False,False
4075,72,104.45,7459.0,True,True,False,True,True,False,False,False,False,False
4076,7,96.2,639.7,True,False,False,True,False,True,False,True,False,False
4077,9,44.4,348.15,True,False,False,False,False,False,True,True,False,False
4078,43,107.55,4533.9,False,True,False,True,False,True,False,False,False,True
4079,58,94.35,5563.65,True,False,True,True,False,False,False,False,False,False
4080,16,98.75,1587.55,True,False,False,True,False,True,False,False,False,True
4081,8,101.15,842.9,False,False,False,True,False,True,False,True,False,True
4082,40,105.75,4228.55,False,True,False,True,False,False,False,False,False,False
4083,9,81.15,784.45,True,False,False,True,False,True,False,True,False,False
4084,41,89.55,3729.75,True,True,False,True,False,True,False,False,False,False
4085,26,54.75,1406.9,False,False,False,False,True,False,False,False,False,False
4086,33,53.75,1857.3,False,True,False,False,True,False,False,False,False,False
4087,68,105.75,7322.5,True,True,False,True,True,False,False,False,False,False
4088,65,105.85,6725.5,False,False,True,True,True,False,False,False,False,False
4089,55,64.2,3627.3,True,True,False,False,False,True,False,False,False,False
4090,20,88.7,1761.45,True,False,False,True,False,True,False,False,False,True
4091,19,87.7,1725.95,True,True,False,True,True,False,False,False,False,False
4092,45,89.3,4192.15,False,False,False,True,True,False,False,False,False,False
4093,2,79.75,164.5,False,False,False,True,False,True,False,False,True,True
4094,27,94.55,2724.6,False,False,False,True,False,False,True,False,False,True
4095,72,67.2,4671.7,True,False,True,False,True,False,False,False,False,False
4096,12,94.55,1173.55,True,False,False,True,False,True,False,True,False,False
4097,5,69.05,318.5,False,False,False,True,False,False,True,False,True,True
4098,71,107.5,7713.55,True,False,False,True,False,True,False,False,False,False
4099,35,73.0,2471.25,True,True,False,False,False,True,False,False,False,False
4100,70,114.75,7842.3,True,False,True,True,True,False,False,False,False,False
4101,31,76.05,2227.8,False,False,False,True,False,True,False,False,False,False
4102,52,96.25,4990.25,True,False,True,True,False,False,False,False,False,True
4103,37,101.1,3744.05,True,False,False,True,False,True,False,False,False,True
4104,69,104.7,7220.35,True,True,False,True,False,False,False,False,False,True
4105,30,77.9,2351.45,True,False,False,True,False,False,True,False,False,False
4106,33,90.65,2989.6,False,False,False,True,False,True,False,False,False,False
4107,54,110.45,6077.75,True,False,True,True,False,True,False,False,False,False
4108,59,68.7,4070.95,False,True,False,False,False,False,False,False,False,False
4109,55,44.85,2479.05,True,False,False,False,False,True,False,False,False,False
4110,69,29.8,2134.3,True,True,False,False,True,False,False,False,False,False
4111,66,88.9,6000.1,False,True,False,True,False,False,False,False,False,False
4112,37,58.75,2203.1,True,True,False,False,False,False,True,False,False,False
4113,69,86.9,6194.1,True,False,True,False,False,False,False,False,False,False
4114,10,59.65,638.95,True,False,False,False,False,False,True,True,False,False
4115,40,55.25,2139.2,True,False,False,False,False,False,True,False,False,True
4116,13,66.4,831.75,True,False,False,False,True,False,False,False,False,False
4117,6,90.1,521.3,False,False,False,True,False,True,False,False,True,True
4118,66,108.1,7181.95,False,True,False,True,True,False,False,False,False,False
4119,11,53.75,608.0,True,False,False,False,False,True,False,True,False,True
4120,46,56.9,2560.1,True,True,False,False,False,False,True,False,False,False
4121,6,89.3,577.6,False,False,False,True,False,True,False,False,True,True
4122,56,109.6,5953.0,False,False,False,True,False,False,True,False,False,False
4123,33,79.15,2531.4,False,True,False,False,False,True,False,False,False,False
4124,72,66.75,4760.3,False,False,True,False,True,False,False,False,False,False
4125,3,95.2,292.85,False,False,False,True,False,True,False,False,True,True
4126,19,48.8,953.65,False,False,False,False,False,False,True,False,False,False
4127,5,45.7,198.0,False,False,False,False,False,True,False,False,True,True
4128,71,80.7,5705.05,False,False,True,False,True,False,False,False,False,False
4129,8,74.5,609.9,True,False,False,True,False,True,False,True,False,True
4130,1,79.65,79.65,False,False,False,True,False,True,False,False,True,True
4131,61,115.1,6993.65,False,True,False,True,False,False,True,False,False,False
4132,71,59.7,4122.65,False,False,True,False,False,False,False,False,False,False
4133,68,86.45,5762.95,False,True,False,True,True,False,False,False,False,False
4134,46,33.7,1537.85,True,True,False,False,True,False,False,False,False,False
4135,33,80.1,2603.3,True,True,False,True,False,False,False,False,False,False
4136,53,104.05,5566.4,False,False,True,True,False,False,False,False,False,False
4137,50,108.75,5431.9,False,False,False,True,False,False,False,False,False,False
4138,57,41.1,2258.25,False,True,False,False,True,False,False,False,False,False
4139,60,105.9,6401.25,False,False,False,True,False,True,False,False,False,False
4140,28,101.3,2812.2,False,False,False,True,True,False,False,False,False,True
4141,1,80.05,80.05,False,False,False,True,False,False,True,False,True,True
4142,29,89.2,2698.35,True,False,False,True,False,True,False,False,False,True
4143,10,65.5,616.9,False,False,False,False,False,True,False,True,False,False
4144,43,40.45,1912.85,True,False,False,False,False,True,False,False,False,False
4145,13,70.45,849.1,True,False,False,True,False,False,False,False,False,False
4146,43,78.8,3460.3,False,False,True,False,False,True,False,False,False,False
4147,19,83.65,1465.75,True,False,False,True,False,True,False,False,False,True
4148,1,90.1,90.1,True,False,False,True,False,True,False,False,True,False
4149,69,82.45,5555.3,False,False,True,False,True,False,False,False,False,False
4150,43,66.25,2907.35,True,False,False,False,False,False,False,False,False,False
4151,1,51.25,51.25,True,False,False,False,False,False,True,False,True,True
4152,56,89.7,4952.95,True,False,False,True,False,False,True,False,False,False
4153,70,64.55,4504.9,False,False,True,False,False,False,False,False,False,False
4154,1,45.6,45.6,True,False,False,False,False,True,False,False,True,True
4155,49,93.65,4520.15,True,True,False,True,False,True,False,False,False,False
4156,6,49.65,267.35,False,False,False,False,False,False,False,False,True,True
4157,32,73.6,2316.85,False,False,True,False,False,False,True,False,False,False
4158,72,109.75,8075.35,False,False,True,True,False,False,True,False,False,False
4159,37,61.45,2302.35,True,False,True,False,True,False,False,False,False,False
4160,69,106.4,7251.9,False,True,False,True,True,False,False,False,False,False
4161,26,81.9,2078.55,False,False,False,False,False,False,False,False,False,False
4162,58,105.2,6225.4,False,True,False,True,True,False,False,False,False,False
4163,24,54.6,1242.25,True,True,False,False,False,False,False,False,False,False
4164,55,66.05,3462.1,False,True,False,False,True,False,False,False,False,False
4165,25,34.0,853.0,False,False,False,False,False,False,False,False,False,True
4166,10,92.5,934.1,True,False,False,True,False,False,True,True,False,True
4167,44,54.05,2375.2,True,False,True,False,True,False,False,False,False,False
4168,47,58.9,2813.05,False,True,False,False,False,False,True,False,False,False
4169,13,88.35,1222.8,False,False,False,True,False,True,False,False,False,True
4170,49,107.95,5293.2,False,False,True,True,False,False,False,False,False,True
4171,64,96.9,6314.35,False,True,False,True,False,False,True,False,False,False
4172,20,50.0,1003.05,True,False,False,False,False,False,True,False,False,False
4173,37,45.4,1593.1,False,False,True,False,False,True,False,False,False,False
4174,30,85.45,2509.95,True,False,False,True,False,True,False,False,False,False
4175,38,84.1,3187.65,False,True,False,False,False,False,False,False,False,False
4176,1,74.45,74.45,False,False,False,True,False,False,True,False,True,True
4177,37,64.75,2345.2,False,False,False,False,False,True,False,False,False,True
4178,52,66.25,3330.1,False,False,True,False,True,False,False,False,False,False
4179,71,76.9,5522.7,True,False,True,False,True,False,False,False,False,False
4180,26,89.8,2335.3,True,False,False,True,False,True,False,False,False,True
4181,66,74.6,4798.4,True,False,True,False,True,False,False,False,False,False
4182,72,116.95,8594.4,True,False,True,True,True,False,False,False,False,False
4183,25,40.65,970.55,True,True,False,False,True,False,False,False,False,False
4184,69,114.35,7665.8,True,False,True,True,False,False,False,False,False,False
4185,53,69.7,3686.05,True,False,True,False,False,False,False,False,False,False
4186,12,95.5,1115.15,False,True,False,True,False,False,True,True,False,True
4187,26,98.65,2537.0,True,False,False,True,False,True,False,False,False,False
4188,21,61.65,1393.6,True,False,False,False,False,False,True,False,False,False
4189,1,89.35,89.35,False,False,False,True,False,True,False,False,True,False
4190,48,95.4,4445.3,True,False,False,True,False,True,False,False,False,False
4191,26,35.4,978.6,False,True,False,False,True,False,False,False,False,False
4192,10,29.65,291.4,False,False,False,False,False,True,False,True,False,True
4193,5,84.5,453.75,True,False,False,True,False,True,False,False,True,True
4194,18,90.7,1597.25,True,False,False,True,True,False,False,False,False,True
4195,66,59.75,3996.8,False,False,True,False,False,True,False,False,False,False
4196,65,82.5,5215.1,False,False,True,False,False,False,False,False,False,False
4197,3,70.3,235.5,False,False,False,True,False,True,False,False,True,True
4198,16,90.8,1442.2,True,False,False,True,False,False,False,False,False,False
4199,54,103.95,5639.05,False,True,False,True,False,False,False,False,False,True
4200,50,104.95,5222.35,False,False,False,True,False,True,False,False,False,False
4201,71,105.25,7291.75,True,False,True,True,False,True,False,False,False,False
4202,10,74.75,799.65,False,False,False,True,False,True,False,True,False,True
4203,1,50.8,50.8,False,False,False,False,False,True,False,False,True,True
4204,4,61.3,249.4,True,False,False,False,False,True,False,False,True,False
4205,58,75.8,4415.75,False,False,True,False,False,False,True,False,False,False
4206,56,98.0,5270.6,False,True,False,True,False,True,False,False,False,False
4207,2,80.25,144.55,True,False,False,True,False,True,False,False,True,True
4208,32,78.9,2447.95,True,False,False,True,False,True,False,False,False,True
4209,56,52.0,2884.9,True,True,False,False,False,False,True,False,False,False
4210,36,84.75,3050.15,True,False,False,True,False,True,False,False,False,True
4211,4,64.4,253.0,False,False,False,False,False,False,True,False,True,False
4212,53,85.45,4517.25,True,False,False,True,False,False,False,False,False,True
4213,10,45.8,436.2,True,False,False,False,True,False,False,True,False,False
4214,4,30.5,118.4,True,False,False,False,False,True,False,False,True,False
4215,51,69.15,3649.6,False,False,False,True,False,False,True,False,False,False
4216,12,99.45,1200.15,True,False,False,True,False,True,False,True,False,True
4217,6,49.25,255.6,False,True,False,False,False,False,True,False,True,False
4218,63,39.35,2395.05,True,False,True,False,False,False,False,False,False,False
4219,1,70.6,70.6,False,False,False,True,False,True,False,False,True,True
4220,48,105.1,5083.55,False,False,False,True,True,False,False,False,False,False
4221,5,81.0,389.6,False,False,False,True,True,False,False,False,True,True
4222,6,84.85,523.5,True,False,False,True,False,True,False,False,True,True
4223,33,70.4,2406.1,False,False,False,True,False,False,False,False,False,False
4224,54,86.2,4524.05,False,False,False,False,False,True,False,False,False,False
4225,46,95.65,4664.2,False,True,False,True,True,False,False,False,False,False
4226,34,103.8,3470.8,True,True,False,True,False,True,False,False,False,False
4227,71,97.2,6910.3,True,False,True,True,False,True,False,False,False,False
4228,63,63.55,4014.2,False,False,True,False,False,False,True,False,False,False
4229,26,89.15,2277.65,False,False,False,True,False,True,False,False,False,True
4230,64,99.0,6375.8,False,False,True,True,False,False,False,False,False,False
4231,1,24.8,24.8,False,False,False,False,False,True,False,False,True,True
4232,61,85.55,5251.75,True,True,False,True,False,False,False,False,False,False
4233,15,94.0,1505.45,False,False,False,True,True,False,False,False,False,False
4234,64,105.65,6903.1,True,True,False,True,True,False,False,False,False,True
4235,18,50.3,913.3,False,False,False,False,False,True,False,False,False,False
4236,57,95.0,5535.8,False,True,False,True,False,True,False,False,False,False
4237,14,61.4,815.55,True,False,True,False,False,False,False,False,False,False
4238,18,80.55,1411.65,True,False,False,True,True,False,False,False,False,False
4239,72,78.5,5602.25,False,False,True,True,False,False,False,False,False,False
4240,70,114.3,8244.3,True,False,True,True,True,False,False,False,False,False
4241,68,62.65,4375.8,True,False,True,False,True,False,False,False,False,False
4242,13,80.85,1008.7,True,False,False,True,False,True,False,False,False,True
4243,65,92.7,5968.4,True,False,True,True,True,False,False,False,False,False
4244,30,100.45,3096.9,False,False,False,True,False,True,False,False,False,False
4245,51,75.2,3901.25,True,False,True,False,False,False,False,False,False,False
4246,31,84.75,2613.4,False,False,False,True,True,False,False,False,False,False
4247,9,89.45,853.1,False,False,False,True,False,True,False,True,False,True
4248,72,79.5,5661.7,False,False,True,False,False,False,False,False,False,False
4249,10,72.15,794.25,True,False,False,False,True,False,False,True,False,True
4250,2,76.4,160.8,False,False,False,False,False,True,False,False,True,True
4251,55,100.9,5552.05,True,True,False,True,False,False,True,False,False,False
4252,33,95.3,3275.15,True,False,False,True,False,False,False,False,False,False
4253,46,90.95,4236.6,False,True,False,True,False,False,False,False,False,False
4254,1,54.5,54.5,False,False,False,False,False,True,False,False,True,False
4255,20,61.6,1174.35,False,False,False,False,False,False,True,False,False,True
4256,9,79.9,741.7,True,False,False,True,False,True,False,True,False,True
4257,32,96.15,3019.25,True,False,False,True,True,False,False,False,False,True
4258,19,49.6,962.9,False,False,False,False,False,False,False,False,False,False
4259,70,65.3,4759.75,False,False,True,False,True,False,False,False,False,True
4260,26,45.45,1233.15,True,False,False,False,False,True,False,False,False,False
4261,45,107.75,4882.8,True,False,False,True,False,False,False,False,False,False
4262,62,89.1,5411.65,True,False,True,True,True,False,False,False,False,False
4263,3,44.75,148.05,False,False,False,False,False,False,True,False,True,False
4264,41,101.6,3930.55,False,True,False,True,False,False,False,False,False,False
4265,67,103.15,6895.5,True,False,True,True,False,False,False,False,False,False
4266,1,84.65,84.65,True,False,False,True,False,False,True,False,True,True
4267,71,95.65,6856.95,False,True,False,True,False,False,True,False,False,False
4268,37,75.1,2658.8,False,True,False,False,False,False,False,False,False,False
4269,60,61.35,3766.2,True,False,True,False,False,False,True,False,False,False
4270,1,69.55,69.55,False,False,False,True,False,True,False,False,True,True
4271,13,31.05,347.25,False,False,False,False,False,True,False,False,False,True
4272,11,51.0,581.7,False,False,False,False,False,False,False,True,False,False
4273,7,51.0,354.05,True,False,False,False,False,False,True,True,False,True
4274,10,88.85,929.45,False,False,False,True,False,True,False,True,False,False
4275,62,65.1,3846.75,False,False,True,False,False,False,True,False,False,False
4276,64,70.15,4480.7,True,True,False,False,False,False,True,False,False,False
4277,1,44.35,44.35,False,False,False,False,False,False,False,False,True,True
4278,26,56.05,1553.2,False,True,False,False,False,False,True,False,False,False
4279,53,98.6,5311.85,False,True,False,True,False,False,True,False,False,False
4280,7,79.7,586.05,False,False,False,True,False,True,False,True,False,True
4281,33,79.0,2576.8,True,False,False,True,True,False,False,False,False,False
4282,71,89.45,6435.25,False,False,True,True,True,False,False,False,False,False
4283,29,74.2,1993.25,False,False,False,True,False,True,False,False,False,False
4284,24,81.0,1923.85,True,False,False,False,False,False,False,False,False,False
4285,20,49.6,939.8,True,False,False,False,False,True,False,False,False,False
4286,1,84.6,84.6,False,False,False,True,False,True,False,False,True,False
4287,54,55.0,3092.65,True,False,False,False,True,False,False,False,False,True
4288,5,84.85,415.55,False,False,False,True,False,False,True,False,True,True
4289,72,84.2,5986.55,False,False,True,False,False,False,False,False,False,False
4290,52,106.3,5487.0,True,False,True,True,False,True,False,False,False,False
4291,9,69.05,651.5,False,False,False,True,False,True,False,True,False,False
4292,1,45.4,45.4,False,False,False,False,False,False,True,False,True,False
4293,1,73.65,73.65,True,False,False,True,False,True,False,False,True,True
4294,33,73.9,2405.05,True,True,False,False,False,False,True,False,False,True
4295,55,77.75,4458.15,False,False,False,True,False,True,False,False,False,True
4296,69,99.35,6856.45,True,False,True,True,False,True,False,False,False,False
4297,1,50.75,50.75,True,False,False,False,False,False,True,False,True,False
4298,54,87.1,4735.2,True,False,True,False,False,False,False,False,False,False
4299,45,98.7,4525.8,True,True,False,True,False,False,False,False,False,False
4300,11,25.2,321.05,False,False,False,False,False,True,False,True,False,False
4301,6,55.7,335.65,True,False,False,False,False,False,False,False,True,False
4302,21,65.35,1424.4,True,False,False,False,False,False,False,False,False,False
4303,6,84.35,474.9,False,False,False,True,False,True,False,False,True,True
4304,8,84.95,668.4,False,False,False,True,False,True,False,True,False,True
4305,11,73.85,926.25,True,False,False,True,False,True,False,True,False,True
4306,49,51.8,2541.25,True,True,False,False,False,False,False,False,False,True
4307,1,46.0,46.0,False,False,False,False,False,True,False,False,True,True
4308,15,79.4,1156.1,True,False,False,True,False,True,False,False,False,True
4309,60,60.5,3694.45,True,False,True,False,False,False,False,False,False,False
4310,17,25.1,382.8,True,False,False,False,True,False,False,False,False,False
4311,16,71.8,1167.8,True,False,False,True,False,False,False,False,False,True
4312,44,88.4,3912.9,True,True,False,True,False,False,True,False,False,True
4313,12,30.25,368.85,False,True,False,False,True,False,False,True,False,False
4314,28,59.9,1654.7,False,True,False,False,False,True,False,False,False,False
4315,5,46.0,221.7,False,False,False,False,False,False,True,False,True,True
4316,18,101.3,1794.65,True,False,False,True,True,False,False,False,False,False
4317,70,76.95,5289.8,True,False,True,False,True,False,False,False,False,False
4318,9,55.3,501.2,False,False,False,False,False,False,True,True,False,False
4319,67,92.45,6140.85,False,False,True,True,False,False,False,False,False,False
4320,1,48.45,48.45,False,False,False,False,False,False,False,False,True,False
4321,4,51.75,201.1,True,False,False,False,True,False,False,False,True,True
4322,71,86.7,6179.35,True,True,False,True,False,False,False,False,False,False
4323,30,94.4,2838.7,True,False,False,True,False,True,False,False,False,True
4324,1,55.7,55.7,True,False,False,False,False,False,True,False,True,False
4325,55,84.25,4589.85,False,True,False,True,True,False,False,False,False,False
4326,59,64.65,3735.45,True,False,False,False,False,True,False,False,False,False
4327,1,70.15,70.15,False,False,False,True,False,False,True,False,True,True
4328,7,69.2,477.55,False,False,False,True,False,False,False,True,False,False
4329,45,54.65,2553.7,True,False,True,False,False,False,False,False,False,False
4330,72,105.0,7578.05,False,True,False,True,True,False,False,False,False,False
4331,44,59.85,2603.95,True,True,False,False,False,False,False,False,False,False
4332,66,92.15,6056.9,False,True,False,True,False,False,False,False,False,False
4333,68,44.8,2983.65,True,True,False,False,False,False,True,False,False,False
4334,21,95.4,2025.1,False,False,False,True,False,False,False,False,False,False
4335,21,80.35,1747.2,True,False,False,True,False,True,False,False,False,False
4336,55,85.1,4657.95,False,False,True,False,False,False,False,False,False,False
4337,9,34.7,296.1,True,False,False,False,True,False,False,True,False,True
4338,71,115.05,8016.6,True,False,True,True,False,False,False,False,False,False
4339,1,81.1,81.1,False,False,False,True,False,True,False,False,True,True
4340,61,106.6,6428.4,False,False,True,True,False,True,False,False,False,True
4341,67,86.15,5883.85,False,False,True,False,False,False,False,False,False,False
4342,14,78.85,1043.8,False,False,False,True,False,True,False,False,False,False
4343,59,106.75,6252.9,True,False,False,True,False,True,False,False,False,True
4344,21,86.55,1857.25,True,False,False,True,False,False,False,False,False,False
4345,4,42.4,146.4,True,False,False,False,False,False,True,False,True,False
4346,3,89.45,240.45,False,False,False,True,False,True,False,False,True,True
4347,3,97.9,315.3,False,False,False,True,False,True,False,False,True,True
4348,1,55.7,55.7,True,False,False,False,False,False,True,False,True,True
4349,13,79.8,973.45,True,False,False,True,False,True,False,False,False,True
4350,5,80.2,384.25,False,False,False,True,False,True,False,False,True,False
4351,72,116.4,8543.25,False,False,True,True,True,False,False,False,False,False
4352,13,31.65,389.95,False,False,False,False,False,True,False,False,False,False
4353,61,94.15,5731.85,True,False,False,True,True,False,False,False,False,False
4354,56,76.85,4275.75,False,False,False,True,False,False,False,False,False,False
4355,35,55.25,1924.1,True,False,True,False,False,False,True,False,False,False
4356,18,39.05,669.85,False,False,False,False,False,True,False,False,False,True
4357,72,82.15,5784.3,True,False,True,False,False,False,False,False,False,False
4358,49,103.0,5166.2,False,True,False,True,False,False,False,False,False,False
4359,44,95.1,4060.55,False,False,False,True,True,False,False,False,False,False
4360,3,83.9,267.4,False,False,False,True,False,False,True,False,True,True
4361,37,95.15,3532.85,False,False,False,True,False,True,False,False,False,False
4362,61,79.8,4914.8,True,True,False,False,False,True,False,False,False,False
4363,70,74.8,5315.8,True,False,True,False,True,False,False,False,False,False
4364,1,69.85,69.85,False,False,False,True,False,True,False,False,True,True
4365,70,78.35,5445.95,True,True,False,False,False,False,False,False,False,False
4366,1,53.55,53.55,False,False,False,False,False,False,True,False,True,True
4367,70,93.9,6579.05,False,False,True,True,False,False,False,False,False,True
4368,68,113.15,7856.0,True,False,True,True,False,True,False,False,False,True
4369,26,84.95,2169.75,False,False,False,True,False,True,False,False,False,True
4370,11,80.5,896.9,True,False,False,True,False,False,False,True,False,True
4371,46,91.3,4126.35,False,True,False,True,False,False,False,False,False,False
4372,1,49.65,49.65,True,False,False,False,False,False,True,False,True,True
4373,46,54.35,2460.15,False,False,True,False,True,False,False,False,False,True
4374,4,88.45,370.65,True,False,False,True,False,True,False,False,True,True
4375,31,75.5,2424.45,True,True,False,False,True,False,False,False,False,False
4376,23,83.75,1849.95,False,False,False,True,False,True,False,False,False,False
4377,22,90.5,1910.6,True,False,False,True,False,False,False,False,False,True
4378,9,94.85,890.6,True,False,False,True,False,False,True,True,False,True
4379,7,69.95,529.5,True,False,False,True,False,False,False,True,False,True
4380,35,40.9,1383.6,False,True,False,False,False,False,True,False,False,False
4381,6,80.25,493.4,True,False,True,False,False,False,True,False,True,False
4382,1,48.6,48.6,False,False,False,False,True,False,False,False,True,True
4383,17,70.8,1207.0,True,False,False,True,False,True,False,False,False,False
4384,10,60.2,563.5,True,False,False,False,False,False,True,True,False,False
4385,15,55.2,864.55,True,True,False,False,True,False,False,False,False,False
4386,40,55.8,2109.35,False,False,False,False,False,True,False,False,False,True
4387,13,54.15,701.05,False,True,False,False,False,False,False,False,False,False
4388,29,80.15,2265.25,True,False,False,True,False,False,False,False,False,True
4389,3,75.5,220.6,False,False,False,True,False,True,False,False,True,True
4390,58,100.4,5749.8,False,False,False,True,False,False,False,False,False,False
4391,45,62.55,2796.45,False,True,False,False,True,False,False,False,False,False
4392,72,70.45,5165.7,False,False,True,False,False,False,False,False,False,False
4393,68,85.5,5696.6,True,True,False,True,False,False,False,False,False,False
4394,38,54.5,2076.05,False,False,False,False,False,True,False,False,False,False
4395,20,91.0,1859.5,False,True,False,True,False,False,False,False,False,False
4396,72,104.8,7470.1,True,False,True,True,False,False,False,False,False,False
4397,3,74.75,229.5,False,False,False,True,True,False,False,False,True,True
4398,23,104.05,2470.1,True,False,False,True,False,False,True,False,False,True
4399,40,51.1,2092.9,True,False,False,False,False,True,False,False,False,False
4400,62,89.8,5629.55,True,False,False,True,False,False,False,False,False,False
4401,11,64.05,733.95,False,False,False,False,False,False,False,True,False,False
4402,7,74.85,485.25,True,False,False,True,False,True,False,True,False,False
4403,13,96.65,1244.5,False,False,False,True,False,True,False,False,False,True
4404,39,103.45,3994.45,False,False,False,True,False,True,False,False,False,True
4405,3,25.0,78.25,True,False,False,False,False,False,True,False,True,False
4406,22,54.7,1178.75,False,False,False,False,False,False,True,False,False,False
4407,14,46.35,667.7,True,False,False,False,False,True,False,False,False,True
4408,64,90.25,5629.15,True,True,False,True,True,False,False,False,False,False
4409,1,79.6,79.6,True,False,False,True,False,True,False,False,True,True
4410,1,75.9,75.9,True,False,False,True,False,True,False,False,True,True
4411,1,76.2,76.2,True,False,False,True,False,True,False,False,True,True
4412,64,66.15,4392.5,True,True,False,False,True,False,False,False,False,False
4413,46,69.1,3168.0,False,False,False,False,True,False,False,False,False,False
4414,28,39.1,1096.6,False,True,False,False,False,True,False,False,False,False
4415,39,59.8,2343.85,True,True,False,False,False,True,False,False,False,False
4416,42,84.3,3588.4,False,False,False,True,False,True,False,False,False,True
4417,1,48.6,48.6,False,False,False,False,False,True,False,False,True,False
4418,7,79.0,522.95,False,False,False,True,False,True,False,True,False,True
4419,70,105.35,7511.9,True,False,True,True,True,False,False,False,False,False
4420,1,49.75,49.75,True,False,False,False,False,True,False,False,True,False
4421,18,94.75,1691.9,True,False,False,True,False,True,False,False,False,False
4422,24,93.0,2248.05,True,False,False,True,False,True,False,False,False,False
4423,63,71.9,4479.2,True,False,True,False,False,False,False,False,False,False
4424,44,77.55,3471.1,False,True,False,False,False,False,True,False,False,False
4425,1,70.25,70.25,False,False,False,True,False,True,False,False,True,True
4426,37,95.25,3314.15,False,False,False,True,False,True,False,False,False,False
4427,10,84.6,865.55,False,False,False,True,True,False,False,True,False,True
4428,34,25.05,852.7,True,False,False,False,False,False,False,False,False,False
4429,35,53.15,1930.9,True,True,False,False,True,False,False,False,False,False
4430,39,101.25,3949.15,False,False,False,True,False,True,False,False,False,False
4431,43,100.55,4304.0,True,True,False,True,False,False,False,False,False,False
4432,49,71.8,3472.05,False,True,False,False,False,True,False,False,False,False
4433,64,49.85,3210.35,False,False,True,False,False,True,False,False,False,False
4434,3,69.6,207.4,True,False,False,True,False,False,True,False,True,False
4435,40,80.8,3132.75,True,True,False,True,False,True,False,False,False,False
4436,1,60.0,60.0,False,False,False,False,False,True,False,False,True,True
4437,8,86.55,649.65,True,False,False,True,False,True,False,True,False,True
4438,34,64.2,2106.3,False,True,False,False,False,False,False,False,False,False
4439,1,35.0,35.0,False,False,False,False,False,True,False,False,True,False
4440,39,50.75,2011.4,False,False,False,False,False,True,False,False,False,True
4441,58,105.5,6205.5,False,True,False,True,True,False,False,False,False,True
4442,6,85.15,503.6,True,False,False,True,False,False,False,False,True,True
4443,43,90.65,3882.3,True,True,False,True,True,False,False,False,False,False
4444,5,74.65,383.65,True,False,False,True,False,True,False,False,True,False
4445,72,61.2,4390.25,True,False,True,False,True,False,False,False,False,False
4446,9,54.8,452.8,True,False,False,False,False,False,True,True,False,False
4447,72,73.45,5329.0,True,False,True,False,True,False,False,False,False,False
4448,33,51.45,1758.9,False,True,False,False,False,False,True,False,False,False
4449,72,80.45,5737.6,False,False,True,True,False,False,False,False,False,False
4450,22,54.2,1152.7,True,False,False,False,False,True,False,False,False,True
4451,70,109.5,7674.55,False,True,False,True,False,True,False,False,False,True
4452,21,104.4,2157.95,True,False,False,True,False,True,False,False,False,True
4453,15,85.3,1219.85,True,False,False,True,False,True,False,False,False,False
4454,29,79.3,2414.55,True,False,False,True,False,True,False,False,False,False
4455,15,76.5,1155.6,False,False,False,False,False,False,False,False,False,False
4456,71,105.1,7548.1,True,False,False,True,True,False,False,False,False,True
4457,19,86.85,1564.4,False,False,False,True,False,True,False,False,False,False
4458,1,75.7,75.7,False,False,False,True,False,True,False,False,True,True
4459,2,45.55,84.4,False,False,False,False,False,True,False,False,True,False
4460,11,78.1,864.85,False,False,False,True,True,False,False,True,False,False
4461,70,110.5,7752.05,False,False,True,True,False,True,False,False,False,False
4462,20,90.8,1951.0,False,False,False,True,False,True,False,False,False,True
4463,49,81.35,4060.9,True,False,True,False,True,False,False,False,False,False
4464,4,97.95,384.5,False,False,False,True,False,True,False,False,True,True
4465,32,108.15,3432.9,True,False,False,True,True,False,False,False,False,True
4466,2,55.3,108.65,True,False,False,False,False,True,False,False,True,False
4467,69,56.55,3952.65,True,False,True,False,True,False,False,False,False,False
4468,6,80.5,463.05,True,False,False,True,True,False,False,False,True,True
4469,32,104.05,3416.85,False,True,False,True,True,False,False,False,False,False
4470,27,52.85,1498.65,False,False,True,False,False,False,False,False,False,False
4471,27,104.3,2867.75,False,False,False,True,False,False,False,False,False,True
4472,58,80.65,4807.35,True,False,False,True,False,False,False,False,False,False
4473,1,71.35,71.35,True,False,False,True,False,False,True,False,True,True
4474,70,110.2,7689.8,False,False,True,True,False,True,False,False,False,False
4475,13,89.4,1132.35,False,False,False,True,False,True,False,False,False,True
4476,36,51.05,1815.0,False,False,False,False,True,False,False,False,False,False
4477,19,87.3,1637.3,True,False,False,True,False,True,False,False,False,False
4478,72,89.4,6376.55,True,False,True,False,False,False,True,False,False,False
4479,18,83.25,1611.15,True,False,False,False,False,True,False,False,False,False
4480,67,102.9,6989.7,True,False,True,True,False,False,False,False,False,False
4481,69,39.1,2779.5,True,False,True,False,False,False,True,False,False,False
4482,19,99.95,1931.75,True,False,False,True,False,True,False,False,False,True
4483,72,114.5,8331.95,True,False,True,True,False,False,True,False,False,False
4484,40,55.8,2283.3,True,True,False,False,False,True,False,False,False,False
4485,10,81.0,818.05,False,False,False,True,True,False,False,True,False,True
4486,32,72.8,2333.05,True,True,False,False,True,False,False,False,False,False
4487,21,99.85,1992.55,False,False,False,True,True,False,False,False,False,False
4488,59,99.5,5890.0,False,True,False,True,False,True,False,False,False,False
4489,13,70.15,916.75,False,False,False,True,False,True,False,False,False,True
4490,15,96.5,1392.25,True,False,False,True,False,True,False,False,False,False
4491,1,70.15,70.15,False,False,False,True,False,False,True,False,True,True
4492,16,91.55,1540.05,True,False,False,True,False,True,False,False,False,False
4493,48,39.4,1978.65,False,False,True,False,False,False,True,False,False,False
4494,30,105.7,3181.8,True,False,False,True,False,False,False,False,False,False
4495,3,70.25,229.7,False,False,False,True,False,True,False,False,True,False
4496,57,93.75,5625.55,True,False,True,True,False,True,False,False,False,False
4497,68,96.55,6581.9,False,True,False,True,True,False,False,False,False,True
4498,23,60.0,1347.15,False,True,False,False,False,False,False,False,False,False
4499,65,59.8,3808.2,False,False,True,False,True,False,False,False,False,False
4500,44,90.65,3974.15,True,True,False,True,False,False,False,False,False,False
4501,71,109.0,7661.8,False,False,True,True,False,False,False,False,False,False
4502,37,68.1,2479.25,False,True,False,False,True,False,False,False,False,False
4503,69,81.95,5601.4,True,False,True,False,False,False,False,False,False,False
4504,35,60.55,1982.6,False,False,False,False,False,True,False,False,False,False
4505,5,65.6,339.9,True,False,False,False,False,False,False,False,True,False
4506,58,82.5,4828.05,True,False,True,True,False,False,False,False,False,False
4507,72,82.3,5980.55,True,False,True,False,False,False,False,False,False,False
4508,72,68.15,4808.7,True,False,True,False,False,False,True,False,False,False
4509,39,95.55,3692.85,False,True,False,True,False,True,False,False,False,True
4510,27,89.2,2383.6,False,False,False,True,False,True,False,False,False,False
4511,1,69.65,69.65,False,False,False,True,False,True,False,False,True,True
4512,1,89.3,89.3,False,False,False,True,False,True,False,False,True,True
4513,18,74.8,1438.05,False,False,False,True,False,True,False,False,False,False
4514,72,84.4,6096.45,False,False,True,False,True,False,False,False,False,False
4515,36,87.55,3078.1,False,False,False,True,False,True,False,False,False,True
4516,4,25.15,99.95,False,False,False,False,False,True,False,False,True,False
4517,40,50.85,2036.55,False,False,False,False,False,True,False,False,False,False
4518,63,102.4,6444.05,True,False,False,True,False,True,False,False,False,False
4519,15,96.3,1426.75,False,False,False,True,False,False,True,False,False,True
4520,14,55.5,767.55,True,False,False,False,True,False,False,False,False,False
4521,72,109.75,7932.5,True,False,True,True,False,False,False,False,False,False
4522,39,106.4,4040.65,True,False,False,True,False,True,False,False,False,False
4523,47,60.0,2768.65,False,False,True,False,True,False,False,False,False,False
4524,19,88.8,1672.35,True,False,False,True,True,False,False,False,False,False
4525,5,85.2,474.8,False,False,False,True,False,True,False,False,True,True
4526,13,35.1,446.1,False,False,False,False,False,True,False,False,False,True
4527,17,80.05,1345.65,False,False,False,True,False,False,False,False,False,False
4528,34,75.55,2425.4,True,False,False,True,False,True,False,False,False,False
4529,42,49.55,2077.95,False,False,False,False,False,True,False,False,False,False
4530,5,81.3,416.3,True,False,False,True,False,True,False,False,True,True
4531,19,66.4,1286.05,True,False,False,False,False,False,False,False,False,False
4532,72,108.4,7719.5,True,False,True,True,False,True,False,False,False,False
4533,6,85.95,514.6,False,False,False,True,False,False,True,False,True,False
4534,17,85.45,1451.6,False,False,False,True,False,True,False,False,False,True
4535,61,80.9,4932.5,True,False,True,False,False,False,False,False,False,False
4536,1,71.0,71.0,True,False,False,True,False,True,False,False,True,True
4537,48,111.8,5443.65,True,False,True,True,True,False,False,False,False,False
4538,9,85.05,746.5,True,False,False,True,False,True,False,True,False,True
4539,3,44.6,122.7,False,False,False,False,False,True,False,False,True,False
4540,1,44.4,44.4,True,False,False,False,False,True,False,False,True,True
4541,65,105.1,6631.85,True,False,True,True,True,False,False,False,False,False
4542,70,115.15,8250.0,False,False,True,True,True,False,False,False,False,False
4543,60,59.8,3561.15,True,True,False,False,False,False,True,False,False,False
4544,35,70.55,2419.0,False,False,False,True,False,True,False,False,False,False
4545,66,79.85,5234.95,True,False,True,False,False,False,False,False,False,False
4546,1,70.3,70.3,True,False,False,True,False,True,False,False,True,True
4547,1,79.35,79.35,False,False,False,True,False,False,False,False,True,True
4548,34,90.05,3097.0,True,False,False,True,True,False,False,False,False,False
4549,31,59.95,1848.8,True,True,False,False,False,True,False,False,False,False
4550,9,90.8,809.75,False,False,False,True,False,False,False,True,False,True
4551,20,70.45,1470.95,True,False,False,True,False,True,False,False,False,True
4552,19,34.3,577.15,True,False,False,False,True,False,False,False,False,False
4553,65,105.05,6914.95,False,False,False,True,False,True,False,False,False,False
4554,2,51.4,96.8,False,False,False,False,False,True,False,False,True,False
4555,53,71.85,3827.9,True,False,False,False,False,True,False,False,False,False
4556,7,75.4,533.05,True,False,False,True,False,True,False,True,False,False
4557,61,49.7,2961.4,False,True,False,False,False,False,False,False,False,False
4558,70,45.25,3264.45,True,True,False,False,False,True,False,False,False,True
4559,13,78.75,995.35,False,False,False,False,False,True,False,False,False,False
4560,35,81.6,2815.25,True,True,False,True,False,False,False,False,False,False
4561,2,70.4,154.8,False,False,False,True,True,False,False,False,True,False
4562,3,75.8,246.3,False,False,False,True,False,True,False,False,True,True
4563,3,76.1,257.6,False,False,False,True,False,True,False,False,True,False
4564,62,94.0,5757.2,False,True,False,True,False,False,False,False,False,False
4565,72,103.95,7517.7,True,False,True,True,True,False,False,False,False,False
4566,20,71.3,1389.2,True,False,False,True,True,False,False,False,False,True
4567,35,110.8,3836.3,False,True,False,True,False,False,False,False,False,False
4568,21,69.1,1474.75,True,False,False,True,False,True,False,False,False,True
4569,62,96.1,6001.45,True,True,False,True,False,True,False,False,False,False
4570,15,48.8,720.1,False,False,False,False,False,False,True,False,False,False
4571,55,50.55,2832.75,False,False,False,False,True,False,False,False,False,False
4572,11,44.65,472.25,False,False,False,False,False,False,True,True,False,False
4573,17,88.25,1460.65,False,False,False,True,False,True,False,False,False,True
4574,71,89.3,6388.65,False,False,True,False,True,False,False,False,False,False
4575,2,70.0,153.05,False,False,False,True,False,False,False,False,True,True
4576,17,70.5,1165.6,False,False,False,True,False,False,False,False,False,False
4577,21,97.35,2119.5,False,False,False,True,False,True,False,False,False,True
4578,1,44.0,44.0,False,False,False,False,False,False,True,False,True,False
4579,44,94.4,4295.35,False,True,False,True,False,True,False,False,False,False
4580,24,55.65,1400.55,True,False,False,False,False,False,False,False,False,True
4581,1,69.65,69.65,False,False,False,True,False,True,False,False,True,True
4582,18,75.4,1380.4,False,False,False,True,False,True,False,False,False,False
4583,10,100.6,1060.2,False,False,False,True,False,True,False,True,False,True
4584,65,71.0,4386.2,False,False,True,False,False,False,False,False,False,False
4585,1,86.0,86.0,False,False,False,True,False,True,False,False,True,True
4586,53,106.95,5785.5,False,True,False,True,True,False,False,False,False,True
4587,33,61.05,2018.4,True,False,True,False,False,False,True,False,False,False
4588,3,29.6,79.45,True,False,False,False,False,True,False,False,True,True
4589,34,79.95,2727.3,False,True,False,False,False,False,False,False,False,False
4590,46,59.9,2816.65,True,True,False,False,False,False,False,False,False,True
4591,17,50.3,846.8,True,False,False,False,False,False,True,False,False,False
4592,49,95.6,4783.5,False,False,False,True,False,True,False,False,False,True
4593,59,50.25,2997.45,True,False,False,False,False,True,False,False,False,False
4594,69,85.35,5897.4,False,False,True,False,True,False,False,False,False,False
4595,11,41.6,470.6,True,True,False,False,False,True,False,True,False,True
4596,10,51.65,524.5,True,False,False,False,False,False,True,True,False,False
4597,45,100.85,4740.0,True,False,False,True,True,False,False,False,False,True
4598,39,59.85,2341.5,False,False,False,False,False,False,True,False,False,False
4599,67,75.7,5060.85,True,False,False,True,False,False,True,False,False,False
4600,37,40.2,1448.8,True,False,False,False,False,False,False,False,False,True
4601,49,84.5,4254.85,True,False,False,True,False,True,False,False,False,True
4602,9,50.85,466.6,False,False,False,False,False,False,True,True,False,False
4603,52,91.6,4627.8,True,False,True,True,True,False,False,False,False,False
4604,70,98.9,6838.6,False,True,False,True,False,True,False,False,False,False
4605,1,85.0,85.0,True,False,False,True,False,True,False,False,True,False
4606,14,78.95,1101.85,False,False,False,True,False,True,False,False,False,True
4607,1,44.3,44.3,True,False,False,False,False,False,True,False,True,False
4608,52,80.2,4297.6,False,True,False,True,False,False,True,False,False,False
4609,6,60.9,414.1,True,False,False,False,False,False,True,False,True,False
4610,7,34.2,256.6,True,False,False,False,False,False,True,True,False,False
4611,47,85.2,3969.35,False,False,False,True,False,False,False,False,False,True
4612,26,87.15,2274.1,False,True,False,True,True,False,False,False,False,False
4613,25,54.3,1296.8,True,False,False,False,False,True,False,False,False,False
4614,72,112.75,8192.6,False,False,True,True,True,False,False,False,False,False
4615,67,65.55,4361.55,True,False,True,False,False,False,False,False,False,False
4616,26,78.8,2006.1,False,False,False,True,False,True,False,False,False,False
4617,27,78.2,2078.95,False,True,False,False,False,False,True,False,False,False
4618,72,105.25,7609.75,True,False,True,True,False,False,False,False,False,False
4619,6,89.25,487.05,False,False,False,True,False,True,False,False,True,False
4620,20,68.7,1416.2,True,True,False,False,False,True,False,False,False,False
4621,6,78.65,483.3,True,False,False,False,True,False,False,False,True,False
4622,62,89.1,5618.3,True,False,False,True,False,True,False,False,False,False
4623,72,84.7,6185.15,False,False,True,True,False,False,False,False,False,False
4624,13,98.0,1237.85,True,False,False,True,False,True,False,False,False,True
4625,5,94.45,498.1,True,False,False,True,False,True,False,False,True,True
4626,3,105.0,294.45,True,False,False,True,False,True,False,False,True,True
4627,26,93.85,2381.55,False,False,False,True,False,True,False,False,False,True
4628,13,59.9,788.35,True,False,False,False,False,True,False,False,False,False
4629,8,84.0,613.4,False,False,False,True,False,True,False,True,False,True
4630,34,108.9,3625.2,True,False,False,True,False,True,False,False,False,False
4631,18,33.6,550.35,True,False,False,False,False,False,True,False,False,False
4632,56,85.85,4793.8,True,True,False,True,False,False,True,False,False,False
4633,36,34.85,1267.2,False,False,False,False,False,False,False,False,False,False
4634,9,48.75,442.2,False,False,False,False,False,True,False,True,False,True
4635,1,84.85,84.85,True,False,False,True,False,True,False,False,True,True
4636,12,56.65,654.85,True,False,False,False,False,False,True,True,False,True
4637,57,95.3,5567.45,False,False,False,True,True,False,False,False,False,False
4638,42,73.9,3160.55,False,True,False,False,True,False,False,False,False,True
4639,70,84.6,5706.2,True,False,True,True,False,False,False,False,False,False
4640,68,44.95,3085.35,False,False,False,False,False,True,False,False,False,False
4641,1,24.7,24.7,True,False,False,False,False,True,False,False,True,False
4642,37,100.3,3541.4,False,False,False,True,True,False,False,False,False,False
4643,1,50.7,50.7,True,False,False,False,False,False,True,False,True,False
4644,20,55.0,1165.55,True,False,False,False,True,False,False,False,False,False
4645,72,68.4,4855.35,True,False,True,False,False,False,False,False,False,False
4646,31,89.9,2806.9,False,False,False,True,False,True,False,False,False,True
4647,18,78.55,1422.65,True,False,False,True,False,True,False,False,False,True
4648,11,55.05,608.15,True,False,False,False,False,False,False,True,False,False
4649,62,84.45,4959.15,False,True,False,True,False,True,False,False,False,False
4650,1,35.9,35.9,False,False,False,False,False,False,True,False,True,False
4651,16,80.75,1321.3,True,False,False,True,False,False,False,False,False,False
4652,22,78.65,1663.75,True,True,False,False,False,False,True,False,False,False
4653,49,61.75,3024.15,False,False,False,False,False,False,False,False,False,False
4654,36,63.7,2188.5,True,True,False,False,True,False,False,False,False,False
4655,42,99.45,4138.05,True,False,False,True,False,True,False,False,False,True
4656,4,25.2,102.5,True,False,False,False,False,False,False,False,True,True
4657,12,74.05,872.65,False,True,False,False,False,False,True,True,False,True
4658,31,87.6,2724.25,False,False,False,True,False,True,False,False,False,False
4659,5,89.15,413.25,True,False,False,True,False,True,False,False,True,False
4660,15,55.0,757.1,False,False,False,False,True,False,False,False,False,True
4661,64,104.4,6692.65,True,False,True,True,False,False,False,False,False,False
4662,7,89.75,608.8,True,False,False,True,False,True,False,True,False,True
4663,29,34.3,1004.75,True,False,False,False,False,True,False,False,False,False
4664,46,84.25,3847.6,False,False,False,True,False,False,True,False,False,False
4665,17,79.85,1387.35,False,True,False,False,True,False,False,False,False,False
4666,22,50.35,1098.85,False,False,False,False,False,True,False,False,False,False
4667,14,85.15,1139.2,True,False,False,True,False,True,False,False,False,True
4668,57,74.6,4368.95,False,True,False,False,False,False,False,False,False,False
4669,11,79.15,827.7,True,False,False,True,True,False,False,True,False,False
4670,3,94.6,279.55,True,False,False,True,False,True,False,False,True,True
4671,36,94.7,3512.5,True,False,False,True,False,True,False,False,False,False
4672,16,94.25,1483.25,True,False,False,True,False,True,False,False,False,True
4673,65,72.45,4653.85,True,True,False,False,True,False,False,False,False,True
4674,2,74.95,151.75,True,False,False,True,False,True,False,False,True,False
4675,42,105.2,4400.75,False,False,False,True,False,True,False,False,False,True
4676,72,111.95,8033.1,True,False,True,True,False,False,False,False,False,False
4677,6,89.75,552.65,False,False,False,True,False,True,False,False,True,False
4678,35,108.95,4025.5,True,False,True,True,False,True,False,False,False,False
4679,1,24.9,24.9,False,False,False,False,False,False,True,False,True,False
4680,6,82.85,460.25,True,False,False,True,False,True,False,False,True,True
4681,71,93.2,6506.15,False,False,True,False,True,False,False,False,False,False
4682,67,84.8,5598.3,False,True,False,True,False,False,False,False,False,False
4683,60,71.75,4374.55,True,True,False,False,False,True,False,False,False,False
4684,23,30.35,678.75,True,False,False,False,False,False,False,False,False,False
4685,39,54.85,2191.7,True,True,False,False,False,False,False,False,False,False
4686,53,103.85,5485.5,True,False,False,True,False,True,False,False,False,True
4687,5,83.6,404.2,False,False,False,True,False,True,False,False,True,True
4688,50,100.65,5189.75,False,True,False,True,False,True,False,False,False,False
4689,54,94.1,5060.9,False,True,False,True,True,False,False,False,False,False
4690,3,74.55,233.65,False,False,False,True,False,True,False,False,True,False
4691,68,108.45,7176.55,True,True,False,True,False,True,False,False,False,True
4692,5,56.15,291.45,True,False,False,False,False,True,False,False,True,False
4693,41,80.55,3263.9,False,True,False,False,False,True,False,False,False,False
4694,34,61.25,1993.2,False,True,False,False,False,False,True,False,False,False
4695,3,91.5,242.95,False,False,False,True,True,False,False,False,True,True
4696,41,45.2,1841.9,False,False,False,False,False,False,False,False,False,False
4697,12,80.85,866.45,True,False,False,True,False,False,False,True,False,True
4698,4,94.9,360.55,True,False,False,True,False,False,True,False,True,False
4699,43,49.05,2076.2,False,False,False,False,False,False,False,False,False,True
4700,12,29.3,355.9,False,False,False,False,False,False,True,True,False,False
4701,68,105.3,7299.65,True,False,False,True,False,True,False,False,False,True
4702,25,88.95,2291.2,True,False,False,True,False,True,False,False,False,True
4703,66,110.85,7491.75,True,True,False,True,False,True,False,False,False,True
4704,53,110.5,5835.5,False,True,False,True,False,True,False,False,False,False
4705,63,109.4,7031.45,True,False,False,True,False,False,False,False,False,False
4706,70,114.2,7723.9,False,False,True,True,False,False,False,False,False,True
4707,27,36.5,1032.0,True,False,False,False,False,False,False,False,False,True
4708,1,70.75,70.75,False,False,False,True,False,False,True,False,True,True
4709,3,40.15,130.75,True,False,False,False,False,False,True,False,True,True
4710,12,76.6,893.0,False,False,False,True,False,True,False,True,False,False
4711,9,85.3,781.4,False,False,False,True,True,False,False,True,False,False
4712,13,65.85,902.25,True,False,False,False,False,True,False,False,False,False
4713,29,94.45,2653.65,True,False,False,True,False,True,False,False,False,True
4714,61,99.4,5943.65,True,False,False,True,False,False,False,False,False,False
4715,41,78.45,3126.45,False,False,True,False,False,True,False,False,False,False
4716,36,97.35,3457.9,False,False,False,True,False,False,False,False,False,True
4717,6,55.0,340.4,False,False,False,False,False,True,False,False,True,False
4718,58,71.1,4299.2,False,True,False,False,True,False,False,False,False,False
4719,19,61.55,1093.2,True,False,False,False,True,False,False,False,False,False
4720,11,45.9,521.9,True,False,False,False,False,False,False,True,False,False
4721,39,40.3,1630.4,False,True,False,False,False,False,False,False,False,False
4722,8,87.1,713.6,False,False,False,True,False,True,False,True,False,False
4723,26,49.5,1265.65,False,False,False,False,False,False,True,False,False,False
4724,53,73.8,4003.85,False,False,False,True,True,False,False,False,False,False
4725,1,45.3,45.3,True,False,False,False,False,False,True,False,True,True
4726,2,94.95,178.1,True,False,False,True,False,True,False,False,True,True
4727,7,35.3,264.8,True,True,False,False,False,False,True,True,False,False
4728,12,44.55,480.6,False,False,False,False,False,True,False,True,False,True
4729,59,76.75,4541.9,True,True,False,False,True,False,False,False,False,False
4730,61,81.0,4976.15,True,False,True,False,False,False,False,False,False,False
4731,72,105.55,7542.25,True,False,True,True,False,False,False,False,False,False
4732,1,23.45,23.45,True,False,False,False,False,True,False,False,True,True
4733,10,64.9,685.55,False,True,False,False,False,False,True,True,False,False
4734,65,61.35,3874.1,False,True,False,False,False,False,False,False,False,False
4735,62,113.95,6891.4,False,False,True,True,False,False,True,False,False,False
4736,55,90.15,4916.95,False,True,False,False,False,True,False,False,False,False
4737,25,54.1,1373.0,False,False,False,False,False,True,False,False,False,False
4738,1,29.7,29.7,True,False,False,False,False,False,True,False,True,True
4739,1,49.8,49.8,True,False,False,False,True,False,False,False,True,False
4740,59,101.1,6039.9,False,False,False,True,False,True,False,False,False,True
4741,36,95.0,3440.25,True,False,False,True,False,False,False,False,False,False
4742,3,50.65,151.3,False,False,False,False,False,False,True,False,True,True
4743,61,69.9,4226.7,True,False,True,False,False,False,True,False,False,False
4744,26,39.95,1023.75,True,True,False,False,False,False,False,False,False,False
4745,1,55.4,55.4,False,False,False,False,False,True,False,False,True,True
4746,1,90.6,90.6,False,False,False,True,False,True,False,False,True,True
4747,68,103.25,7074.4,True,False,True,True,True,False,False,False,False,False
4748,2,86.85,156.35,True,False,False,True,False,False,True,False,True,True
4749,72,94.25,6849.75,False,False,True,True,False,False,False,False,False,False
4750,71,47.05,3263.6,False,False,True,False,False,True,False,False,False,False
4751,1,70.2,70.2,False,False,False,True,False,True,False,False,True,False
4752,72,81.0,5750.0,True,False,True,False,True,False,False,False,False,False
4753,21,75.9,1549.75,True,True,False,False,False,False,False,False,False,False
4754,29,99.05,2952.85,False,False,False,True,False,False,False,False,False,True
4755,69,110.25,7467.55,False,False,True,True,True,False,False,False,False,False
4756,64,85.0,5484.4,False,False,True,False,True,False,False,False,False,False
4757,52,111.25,5916.45,False,True,False,True,True,False,False,False,False,True
4758,2,55.1,113.35,True,False,False,False,False,False,True,False,True,True
4759,18,25.15,476.8,True,False,False,False,False,False,True,False,False,False
4760,2,54.15,101.65,False,False,False,False,False,False,True,False,True,False
4761,19,59.8,1130.85,False,False,False,False,False,False,True,False,False,False
4762,40,83.85,3532.25,False,False,False,True,False,False,False,False,False,False
4763,66,104.9,6891.45,False,True,False,True,False,True,False,False,False,False
4764,21,75.3,1570.7,True,False,False,True,False,False,True,False,False,False
4765,8,66.65,520.95,True,False,False,False,False,True,False,True,False,False
4766,72,109.5,7854.9,False,False,True,True,True,False,False,False,False,False
4767,48,73.85,3581.4,False,True,False,False,False,False,False,False,False,False
4768,72,118.2,8547.15,True,False,True,True,False,True,False,False,False,False
4769,14,51.45,727.85,False,True,False,False,True,False,False,False,False,False
4770,6,59.45,357.6,True,False,False,False,False,True,False,False,True,False
4771,65,93.55,6069.25,True,True,False,True,False,True,False,False,False,False
4772,57,59.3,3274.35,False,True,False,False,False,False,True,False,False,False
4773,13,102.25,1359.0,True,False,False,True,True,False,False,False,False,True
4774,19,95.9,1777.9,True,False,False,True,True,False,False,False,False,True
4775,56,109.8,6109.65,False,True,False,True,False,False,False,False,False,False
4776,14,78.1,1122.4,False,False,False,True,False,True,False,False,False,False
4777,52,39.9,2020.9,True,False,False,False,False,True,False,False,False,False
4778,58,64.9,3795.45,False,False,True,False,True,False,False,False,False,False
4779,47,95.05,4504.55,False,False,False,True,False,True,False,False,False,True
4780,67,53.4,3579.15,False,False,False,False,True,False,False,False,False,False
4781,2,24.9,49.7,True,False,False,False,True,False,False,False,True,False
4782,6,44.7,276.5,True,False,False,False,True,False,False,False,True,False
4783,71,114.0,8175.9,True,False,True,True,False,False,False,False,False,False
4784,5,53.85,259.8,False,False,False,False,True,False,False,False,True,True
4785,67,83.85,5588.8,True,False,False,True,False,False,False,False,False,False
4786,52,104.2,5568.35,True,False,False,True,False,True,False,False,False,True
4787,42,50.25,2203.65,False,False,False,False,False,True,False,False,False,True
4788,23,90.0,2024.1,True,False,False,True,False,True,False,False,False,False
4789,67,54.2,3623.95,False,False,True,False,True,False,False,False,False,False
4790,25,99.5,2369.05,False,False,False,True,False,True,False,False,False,True
4791,39,99.1,3877.95,False,True,False,True,False,False,True,False,False,False
4792,69,66.9,4577.9,False,False,True,False,False,False,True,False,False,False
4793,1,25.85,25.85,False,True,False,False,False,False,True,False,True,False
4794,32,91.05,2871.5,True,False,False,True,False,True,False,False,False,False
4795,9,71.0,672.55,False,False,False,True,False,True,False,True,False,True
4796,16,93.2,1573.7,False,False,False,True,True,False,False,False,False,True
4797,72,109.2,7711.45,False,False,True,True,False,False,False,False,False,False
4798,26,85.8,2193.65,False,False,False,True,True,False,False,False,False,False
4799,36,89.65,3348.1,False,True,False,False,True,False,False,False,False,False
4800,7,74.35,533.6,True,False,False,True,False,False,True,True,False,False
4801,60,49.45,2907.55,False,False,True,False,True,False,False,False,False,False
4802,19,89.1,1620.8,False,False,False,True,False,True,False,False,False,False
4803,45,75.15,3480.35,True,False,True,False,True,False,False,False,False,False
4804,4,70.65,293.85,True,False,False,True,False,True,False,False,True,False
4805,31,104.2,3243.45,False,False,False,True,False,True,False,False,False,True
4806,47,90.05,4137.2,True,False,False,True,False,True,False,False,False,False
4807,1,79.25,79.25,True,False,False,True,False,True,False,False,True,True
4808,1,44.9,44.9,False,False,False,False,False,False,False,False,True,True
4809,59,88.75,5348.65,False,False,False,True,True,False,False,False,False,False
4810,10,70.1,659.65,True,False,False,True,False,True,False,True,False,True
4811,35,91.0,3180.5,True,False,False,True,True,False,False,False,False,False
4812,4,29.65,118.5,True,False,False,False,False,True,False,False,True,True
4813,32,90.8,3023.85,True,True,False,True,False,True,False,False,False,False
4814,43,77.85,3365.85,True,False,False,True,False,True,False,False,False,True
4815,4,54.3,195.3,True,False,False,False,False,True,False,False,True,True
4816,11,95.15,997.65,False,False,False,True,False,False,False,True,False,True
4817,66,102.4,6471.85,False,False,True,True,False,False,False,False,False,False
4818,61,99.9,6241.35,True,True,False,True,False,True,False,False,False,False
4819,72,88.7,6501.35,True,False,True,False,True,False,False,False,False,False
4820,44,54.3,2317.1,True,True,False,False,False,True,False,False,False,False
4821,41,55.7,2237.55,True,False,False,False,False,False,False,False,False,False
4822,50,103.95,5231.3,True,True,False,True,False,True,False,False,False,False
4823,47,110.85,5275.8,True,True,False,True,True,False,False,False,False,True
4824,72,91.95,6614.9,True,False,True,False,True,False,False,False,False,False
4825,1,80.5,80.5,True,False,False,True,False,True,False,False,True,True
4826,42,55.65,2421.75,False,False,False,False,False,True,False,False,False,False
4827,18,74.7,1294.6,False,False,False,True,False,True,False,False,False,False
4828,13,104.15,1299.1,False,True,False,True,True,False,False,False,False,False
4829,68,83.65,5733.4,False,True,False,True,False,False,False,False,False,False
4830,4,72.2,305.55,True,False,False,True,False,False,False,False,True,True
4831,69,110.05,7430.75,True,False,True,True,True,False,False,False,False,False
4832,17,51.5,900.5,True,False,False,False,False,False,True,False,False,True
4833,43,89.55,3856.75,True,False,False,True,False,False,True,False,False,True
4834,5,80.7,374.8,False,False,False,True,False,True,False,False,True,False
4835,21,77.5,1625.0,True,True,False,False,False,False,True,False,False,True
4836,69,105.1,7234.8,False,True,False,True,True,False,False,False,False,False
4837,13,25.15,331.85,True,False,False,False,False,False,False,False,False,False
4838,42,95.25,3959.35,True,False,False,True,False,False,False,False,False,True
4839,52,95.65,5088.4,True,False,False,True,True,False,False,False,False,False
4840,46,85.0,3969.4,True,False,False,True,False,True,False,False,False,True
4841,61,80.8,4860.85,True,False,True,False,False,False,False,False,False,False
4842,29,24.85,788.05,True,True,False,False,False,False,True,False,False,False
4843,25,54.75,1266.35,False,True,False,False,True,False,False,False,False,False
4844,5,85.75,470.95,False,False,False,True,False,True,False,False,True,True
4845,15,50.75,688.2,True,True,False,False,False,True,False,False,False,False
4846,6,98.25,560.6,False,False,False,True,False,True,False,False,True,True
4847,58,71.6,4230.25,True,False,True,False,True,False,False,False,False,False
4848,62,81.45,4983.05,True,True,False,True,True,False,False,False,False,False
4849,70,58.4,4113.15,False,True,False,False,False,False,False,False,False,False
4850,1,25.7,25.7,False,False,False,False,False,False,True,False,True,True
4851,10,53.7,521.0,True,False,True,False,True,False,False,True,False,False
4852,66,89.4,5976.9,True,False,False,True,True,False,False,False,False,False
4853,7,69.0,506.9,False,False,False,True,False,True,False,True,False,True
4854,51,84.2,4299.75,True,True,False,True,False,False,False,False,False,False
4855,72,106.1,7548.6,True,False,True,True,True,False,False,False,False,False
4856,2,46.05,80.35,True,False,False,False,False,False,False,False,True,True
4857,70,64.95,4551.5,True,True,False,False,False,False,False,False,False,False
4858,72,85.45,6227.5,True,False,True,False,True,False,False,False,False,False
4859,1,76.4,76.4,False,False,False,True,False,False,True,False,True,True
4860,5,100.5,514.0,False,False,False,True,False,True,False,False,True,True
4861,22,40.05,880.2,True,False,False,False,False,False,True,False,False,True
4862,33,100.6,3270.25,True,False,False,True,False,False,False,False,False,False
4863,1,69.95,69.95,True,False,False,True,False,True,False,False,True,True
4864,54,74.0,3919.15,True,False,False,True,False,False,False,False,False,False
4865,72,99.4,7285.7,True,False,True,True,False,True,False,False,False,False
4866,1,93.3,93.3,True,False,False,True,False,True,False,False,True,True
4867,3,49.15,169.05,True,False,False,False,False,True,False,False,True,True
4868,72,107.45,7658.3,False,False,True,True,True,False,False,False,False,False
4869,72,83.6,5959.3,False,False,True,False,True,False,False,False,False,False
4870,54,99.05,5295.7,True,False,False,True,True,False,False,False,False,False
4871,59,80.1,4693.2,False,True,False,False,False,True,False,False,False,False
4872,54,65.3,3512.9,True,False,True,False,False,False,False,False,False,False
4873,60,89.55,5231.2,True,False,True,True,False,True,False,False,False,False
4874,60,60.8,3603.45,False,False,True,False,True,False,False,False,False,False
4875,3,74.5,217.45,True,False,False,True,False,True,False,False,True,False
4876,69,99.15,6875.35,False,False,True,True,False,False,False,False,False,False
4877,50,39.45,2021.35,True,False,False,False,True,False,False,False,False,False
4878,56,44.85,2564.95,False,False,False,False,True,False,False,False,False,False
4879,60,97.2,5611.75,False,False,True,True,False,True,False,False,False,False
4880,69,110.55,7610.1,True,True,False,True,False,False,True,False,False,False
4881,1,35.05,35.05,False,False,False,False,False,False,True,False,True,True
4882,1,73.0,73.0,False,False,False,True,False,True,False,False,True,True
4883,60,76.95,4543.95,True,False,True,False,False,False,False,False,False,False
4884,13,35.4,450.4,False,False,True,False,False,False,True,False,False,False
4885,45,96.75,4442.75,False,True,False,True,False,False,False,False,False,False
4886,25,54.2,1423.15,False,True,False,False,False,True,False,False,False,False
4887,44,100.1,4378.35,True,False,True,True,False,False,False,False,False,False
4888,2,45.25,74.2,False,False,False,False,False,False,True,False,True,False
4889,33,83.85,2716.3,True,False,False,True,True,False,False,False,False,True
4890,1,70.1,70.1,False,False,False,True,False,True,False,False,True,True
4891,35,33.45,1175.85,False,False,False,False,False,False,True,False,False,False
4892,27,85.9,2220.1,True,True,False,True,False,True,False,False,False,False
4893,54,61.0,3283.05,True,True,False,False,False,True,False,False,False,False
4894,2,70.65,142.35,False,False,False,True,False,True,False,False,True,True
4895,57,86.9,4939.25,True,True,False,True,False,True,False,False,False,False
4896,62,69.4,4237.5,True,False,True,False,False,False,False,False,False,False
4897,70,104.3,7188.5,False,False,True,True,False,False,False,False,False,False
4898,21,44.95,926.25,False,False,False,False,False,True,False,False,False,False
4899,23,49.45,1119.35,False,True,False,False,False,True,False,False,False,False
4900,3,99.0,287.4,False,False,False,True,True,False,False,False,True,True
4901,23,93.5,2341.55,False,False,False,True,False,True,False,False,False,False
4902,26,54.55,1362.85,True,True,False,False,True,False,False,False,False,False
4903,26,83.95,2254.2,True,False,False,True,False,True,False,False,False,True
4904,2,79.45,145.15,True,False,False,True,False,True,False,False,True,False
4905,67,116.2,7752.3,True,False,True,True,True,False,False,False,False,True
4906,71,93.7,6585.35,False,False,True,True,False,False,False,False,False,True
4907,59,79.85,4786.1,False,True,False,False,True,False,False,False,False,False
4908,39,100.0,3835.55,True,True,False,True,False,True,False,False,False,False
4909,31,50.4,1580.1,False,True,False,False,True,False,False,False,False,False
4910,64,113.35,7222.75,False,True,False,True,False,True,False,False,False,False
4911,46,80.0,3769.7,True,False,False,True,False,False,False,False,False,False
4912,52,80.95,4233.95,False,False,True,False,False,False,False,False,False,False
4913,67,54.9,3725.5,False,False,False,False,False,True,False,False,False,False
4914,5,75.55,413.65,False,False,False,True,False,True,False,False,True,True
4915,71,109.25,7707.7,False,False,True,True,False,True,False,False,False,False
4916,9,77.65,714.15,False,False,False,True,False,False,False,True,False,True
4917,26,95.0,2497.2,False,False,False,True,False,True,False,False,False,True
4918,71,116.3,8309.55,True,True,False,True,False,False,False,False,False,False
4919,2,70.35,139.25,False,False,False,True,False,True,False,False,True,False
4920,60,44.45,2773.9,False,True,False,False,False,True,False,False,False,False
4921,55,100.15,5409.75,False,True,False,True,False,True,False,False,False,False
4922,54,105.4,5643.4,True,True,False,True,True,False,False,False,False,True
4923,2,95.85,197.7,True,False,False,True,False,True,False,False,True,True
4924,6,73.85,401.3,False,False,False,True,False,False,True,False,True,False
4925,48,70.1,3238.4,False,False,True,False,True,False,False,False,False,False
4926,1,79.15,79.15,True,False,False,True,False,True,False,False,True,True
4927,54,24.95,1364.75,True,False,False,False,False,False,False,False,False,False
4928,30,64.5,1985.15,False,True,False,False,False,True,False,False,False,False
4929,4,79.0,303.15,False,False,False,True,False,True,False,False,True,True
4930,40,105.95,4335.2,False,True,False,True,True,False,False,False,False,False
4931,9,75.85,647.5,False,False,False,True,False,True,False,True,False,False
4932,17,91.85,1574.45,False,False,False,True,False,True,False,False,False,True
4933,62,43.6,2748.7,False,False,True,False,True,False,False,False,False,False
4934,28,91.25,2483.65,True,True,False,True,False,False,False,False,False,False
4935,70,89.75,6367.2,False,False,True,False,True,False,False,False,False,False
4936,46,104.4,4904.2,False,False,True,True,False,False,False,False,False,False
4937,23,90.15,2044.95,False,False,False,True,False,False,True,False,False,False
4938,47,40.3,1794.8,True,True,False,False,False,True,False,False,False,False
4939,68,105.25,7173.15,True,False,True,True,False,False,False,False,False,False
4940,60,106.0,6441.4,False,True,False,True,False,True,False,False,False,True
4941,67,104.0,7039.05,False,False,True,True,False,True,False,False,False,False
4942,14,69.65,921.4,False,False,False,False,False,True,False,False,False,False
4943,57,74.3,4018.35,True,False,False,True,False,True,False,False,False,False
4944,55,100.9,5448.6,False,True,False,True,False,False,True,False,False,False
4945,1,49.9,49.9,True,False,False,False,False,False,True,False,True,True
4946,23,96.9,2085.45,True,False,False,True,True,False,False,False,False,False
4947,13,100.35,1358.85,False,False,False,True,False,True,False,False,False,True
4948,47,104.1,5135.15,True,False,False,True,False,True,False,False,False,False
4949,38,74.95,2869.85,False,False,False,True,False,False,False,False,False,True
4950,2,56.55,118.25,False,False,False,False,True,False,False,False,True,False
4951,1,49.25,49.25,True,False,False,False,True,False,False,False,True,True
4952,15,68.6,1108.6,True,False,False,True,False,False,False,False,False,False
4953,26,69.05,1815.65,False,False,False,True,True,False,False,False,False,False
4954,50,103.7,5071.05,True,False,False,True,False,True,False,False,False,True
4955,42,94.4,4014.6,True,False,False,True,False,True,False,False,False,False
4956,10,54.95,568.85,True,False,False,False,True,False,False,True,False,False
4957,61,93.7,5860.7,False,True,False,True,False,False,False,False,False,False
4958,68,110.25,7279.35,False,False,True,True,True,False,False,False,False,False
4959,10,98.9,1064.95,True,True,False,True,False,True,False,True,False,False
4960,65,89.75,5769.6,True,True,False,True,False,True,False,False,False,True
4961,72,80.45,5886.85,False,False,True,False,False,False,False,False,False,False
4962,55,79.4,4238.45,True,False,False,True,False,True,False,False,False,False
4963,7,62.8,418.3,False,False,False,False,False,False,False,True,False,False
4964,2,74.9,136.05,False,False,False,True,False,False,True,False,True,False
4965,9,74.85,708.2,False,False,False,True,False,True,False,True,False,False
4966,7,101.95,700.85,True,False,False,True,False,True,False,True,False,True
4967,64,68.3,4378.8,False,False,True,False,False,False,True,False,False,False
4968,70,48.4,3442.8,True,False,True,False,False,False,False,False,False,False
4969,2,94.0,181.7,True,False,False,True,False,True,False,False,True,True
4970,67,105.05,7171.7,True,False,True,True,False,True,False,False,False,False
4971,45,89.3,4016.85,False,False,False,True,True,False,False,False,False,True
4972,44,92.95,4122.9,True,False,False,True,False,False,False,False,False,False
4973,1,74.3,74.3,False,False,False,True,True,False,False,False,True,True
4974,1,44.65,44.65,True,False,False,False,False,False,True,False,True,True
4975,13,84.05,1095.3,True,False,False,True,False,True,False,False,False,True
4976,10,80.7,788.8,True,False,False,True,False,False,False,True,False,True
4977,65,104.35,6578.55,True,False,False,True,False,True,False,False,False,False
4978,38,74.05,2802.3,True,True,False,False,False,True,False,False,False,False
4979,23,40.1,857.75,True,False,True,False,False,False,True,False,False,False
4980,4,101.7,364.55,True,False,False,True,False,True,False,False,True,True
4981,72,83.55,6093.3,True,False,True,False,True,False,False,False,False,False
4982,35,56.85,1861.1,False,False,False,False,False,True,False,False,False,False
4983,70,106.15,7475.1,True,True,False,True,False,True,False,False,False,False
4984,38,78.95,2862.55,True,True,False,False,True,False,False,False,False,False
4985,60,49.75,3069.45,False,False,False,False,False,True,False,False,False,False
4986,26,92.4,2349.8,True,False,False,True,True,False,False,False,False,False
4987,8,58.2,469.25,False,True,False,False,False,False,False,True,False,False
4988,41,102.6,4213.35,True,True,False,True,False,True,False,False,False,True
4989,36,91.95,3301.05,False,False,False,True,True,False,False,False,False,False
4990,54,65.25,3529.95,True,True,False,False,False,False,False,False,False,False
4991,71,106.0,7723.7,True,False,True,True,False,False,False,False,False,True
4992,55,73.1,4144.9,False,False,False,True,False,True,False,False,False,False
4993,72,59.75,4265.0,False,False,True,False,False,False,False,False,False,False
4994,3,55.1,154.65,False,False,False,False,False,False,True,False,True,True
4995,54,59.8,3246.45,False,False,True,False,False,False,False,False,False,False
4996,72,116.6,8337.45,True,False,True,True,False,False,False,False,False,False
4997,52,109.3,5731.4,True,False,True,True,False,True,False,False,False,False
4998,60,101.4,6176.6,False,True,False,True,False,False,False,False,False,False
4999,39,50.65,1905.4,False,False,False,False,True,False,False,False,False,False
5000,15,56.15,931.9,False,True,False,False,False,False,True,False,False,False
5001,69,106.5,7348.8,True,False,True,True,False,False,False,False,False,True
5002,63,83.0,5243.05,False,True,False,False,False,False,False,False,False,False
5003,2,70.1,141.65,True,False,False,True,False,True,False,False,True,False
5004,72,108.3,7679.65,False,False,True,True,False,False,False,False,False,False
5005,32,91.05,2954.5,False,False,False,True,False,False,False,False,False,True
5006,58,45.35,2540.1,False,True,False,False,False,True,False,False,False,False
5007,67,43.9,3097.2,True,False,True,False,False,True,False,False,False,False
5008,51,77.5,3807.35,False,False,False,True,False,True,False,False,False,True
5009,31,79.3,2484.0,True,True,False,False,False,False,True,False,False,False
5010,69,84.9,5785.65,True,False,False,True,True,False,False,False,False,False
5011,32,79.25,2619.15,True,True,False,True,False,True,False,False,False,False
5012,21,71.05,1524.85,False,False,True,False,True,False,False,False,False,False
5013,52,53.75,2790.65,True,True,False,False,False,True,False,False,False,False
5014,72,54.2,3937.45,False,False,True,False,False,True,False,False,False,True
5015,52,44.25,2276.1,True,True,False,False,False,False,False,False,False,False
5016,41,50.05,2029.05,False,True,False,False,False,False,False,False,False,False
5017,6,69.25,418.4,False,False,False,True,False,False,True,False,True,True
5018,67,69.35,4653.25,True,True,False,False,True,False,False,False,False,False
5019,35,61.0,2130.45,True,False,False,False,False,False,True,False,False,False
5020,1,50.5,50.5,True,False,False,False,False,True,False,False,True,True
5021,52,50.2,2554.0,True,False,True,False,False,False,True,False,False,False
5022,70,79.6,5589.45,False,False,True,False,False,False,False,False,False,False
5023,1,74.4,74.4,True,False,False,True,False,True,False,False,True,True
5024,35,106.9,3756.45,False,False,False,True,False,True,False,False,False,False
5025,32,101.35,3334.9,False,False,False,True,False,True,False,False,False,False
5026,17,55.35,920.5,False,False,False,False,True,False,False,False,False,False
5027,67,50.55,3431.75,False,True,False,False,True,False,False,False,False,False
5028,31,79.45,2587.7,True,True,False,False,False,False,True,False,False,True
5029,4,90.65,367.95,True,False,False,True,False,True,False,False,True,False
5030,58,89.85,5125.75,True,True,False,True,False,False,False,False,False,False
5031,60,79.0,4801.1,True,True,False,False,False,False,True,False,False,False
5032,58,104.65,6219.6,True,True,False,True,False,True,False,False,False,True
5033,66,116.25,7862.25,True,True,False,True,False,True,False,False,False,False
5034,15,87.75,1242.2,True,False,False,True,False,False,False,False,False,False
5035,47,100.05,4871.05,True,False,False,True,False,True,False,False,False,True
5036,41,81.3,3190.65,False,False,False,True,True,False,False,False,False,False
5037,59,44.3,2666.75,True,False,False,False,False,True,False,False,False,False
5038,50,70.35,3533.6,False,False,True,True,True,False,False,False,False,False
5039,17,44.45,792.15,True,True,False,False,True,False,False,False,False,False
5040,6,49.15,295.65,True,False,False,False,False,True,False,False,True,False
5041,51,29.45,1459.35,True,False,False,False,True,False,False,False,False,False
5042,44,100.55,4398.15,True,False,False,True,False,True,False,False,False,True
5043,49,85.3,4297.95,True,False,False,True,True,False,False,False,False,False
5044,2,95.65,167.3,True,False,False,True,False,True,False,False,True,True
5045,59,69.1,4096.9,True,True,False,False,False,False,True,False,False,False
5046,50,70.35,3454.6,True,False,False,False,False,False,False,False,False,False
5047,18,74.15,1387.0,True,False,False,True,False,False,True,False,False,False
5048,10,75.05,786.3,True,False,False,True,False,True,False,True,False,False
5049,14,44.6,641.25,True,True,False,False,False,True,False,False,False,False
5050,8,43.45,345.5,True,True,False,False,False,False,True,True,False,False
5051,60,94.15,5811.8,False,True,False,True,False,False,False,False,False,False
5052,1,94.4,94.4,False,False,False,True,False,True,False,False,True,True
5053,19,75.9,1375.6,False,False,False,False,False,False,True,False,False,False
5054,53,64.15,3491.55,True,True,False,False,False,False,False,False,False,False
5055,72,109.55,7920.7,True,False,True,True,False,False,False,False,False,False
5056,60,110.8,6640.7,False,False,True,True,True,False,False,False,False,False
5057,1,55.0,55.0,False,False,False,False,True,False,False,False,True,True
5058,13,53.45,718.1,False,False,False,False,False,False,True,False,False,False
5059,5,69.95,320.4,False,False,False,True,True,False,False,False,True,False
5060,1,101.45,101.45,True,False,False,True,False,True,False,False,True,True
5061,13,97.0,1334.45,True,False,False,True,False,True,False,False,False,False
5062,37,90.6,3358.65,True,True,False,False,False,False,False,False,False,False
5063,64,73.55,4764.0,True,False,False,True,False,False,True,False,False,False
5064,5,67.95,350.3,False,False,False,False,False,False,False,False,True,True
5065,61,94.35,5703.0,False,False,True,True,False,False,False,False,False,False
5066,1,69.5,69.5,False,False,False,True,False,True,False,False,True,True
5067,1,69.2,69.2,False,False,False,True,False,True,False,False,True,True
5068,17,54.6,934.8,True,True,False,False,False,True,False,False,False,False
5069,26,29.8,786.5,False,False,False,False,False,False,True,False,False,False
5070,1,69.65,69.65,True,False,False,True,False,True,False,False,True,True
5071,40,101.85,4086.3,True,False,False,True,False,True,False,False,False,True
5072,52,103.05,5364.8,True,False,False,True,False,True,False,False,False,False
5073,1,82.3,82.3,False,False,False,True,False,True,False,False,True,True
5074,21,35.1,770.4,False,False,True,False,False,False,True,False,False,False
5075,67,105.7,6816.95,False,True,False,True,False,False,False,False,False,False
5076,44,56.25,2419.55,False,False,False,False,False,False,False,False,False,False
5077,70,60.35,4138.7,True,True,False,False,False,True,False,False,False,False
5078,3,79.25,267.6,True,False,False,True,False,True,False,False,True,True
5079,56,59.8,3457.45,True,False,True,False,False,False,False,False,False,False
5080,13,84.6,1115.2,False,False,False,True,False,True,False,False,False,True
5081,58,93.4,5435.6,False,False,False,True,False,False,False,False,False,True
5082,42,94.2,4186.3,False,False,False,True,False,True,False,False,False,True
5083,1,25.05,25.05,True,False,False,False,False,True,False,False,True,True
5084,46,99.65,4630.2,False,False,True,True,False,False,True,False,False,False
5085,63,50.65,3221.25,False,False,True,False,False,False,False,False,False,False
5086,11,60.9,688.5,True,False,False,False,False,True,False,True,False,False
5087,15,59.65,867.1,True,False,False,False,False,False,False,False,False,False
5088,72,64.7,4746.05,True,False,True,False,False,True,False,False,False,False
5089,29,25.1,712.85,False,False,False,False,True,False,False,False,False,True
5090,1,48.95,48.95,True,False,False,False,False,True,False,False,True,True
5091,6,54.85,355.1,False,False,False,False,False,True,False,False,True,False
5092,1,45.3,45.3,True,False,False,False,False,True,False,False,True,True
5093,63,91.35,5764.7,True,True,False,True,False,True,False,False,False,False
5094,2,85.85,167.3,True,False,False,True,False,True,False,False,True,True
5095,43,34.0,1505.35,False,False,False,False,False,False,False,False,False,False
5096,15,45.9,693.45,False,True,False,False,False,False,True,False,False,False
5097,10,95.2,930.4,True,False,False,True,False,True,False,True,False,True
5098,49,100.6,5069.65,True,True,False,True,False,False,False,False,False,True
5099,6,55.3,324.25,True,False,False,False,False,False,True,False,True,True
5100,2,74.85,156.4,True,False,False,True,False,False,True,False,True,True
5101,63,36.1,2298.9,True,True,False,False,False,False,False,False,False,False
5102,25,65.8,1679.65,False,False,False,False,False,False,False,False,False,False
5103,28,105.8,2998.0,True,False,False,True,False,True,False,False,False,False
5104,53,96.75,5206.55,False,True,False,True,False,False,True,False,False,False
5105,35,102.35,3626.1,True,True,False,True,False,False,False,False,False,True
5106,1,24.4,24.4,True,False,False,False,False,False,True,False,True,False
5107,70,115.65,7968.85,True,True,False,True,True,False,False,False,False,True
5108,2,79.85,152.45,True,False,False,True,False,True,False,False,True,True
5109,26,73.05,1959.5,False,False,False,False,False,True,False,False,False,False
5110,34,64.35,2053.05,False,True,False,False,False,True,False,False,False,False
5111,15,76.0,1130.85,True,False,False,True,False,False,True,False,False,True
5112,62,54.75,3425.35,False,True,False,False,True,False,False,False,False,False
5113,42,104.75,4323.45,False,False,False,True,False,False,False,False,False,True
5114,9,74.65,703.55,False,False,False,False,False,True,False,True,False,True
5115,24,51.15,1275.7,True,False,False,False,False,True,False,False,False,False
5116,68,41.95,2965.75,True,False,True,False,False,True,False,False,False,False
5117,31,54.35,1647.0,True,False,False,False,False,False,True,False,False,False
5118,1,56.25,56.25,False,False,False,False,False,True,False,False,True,True
5119,21,106.1,2249.95,True,False,False,True,False,True,False,False,False,True
5120,63,96.0,6109.75,False,True,False,True,False,True,False,False,False,False
5121,2,79.75,159.4,False,False,False,True,False,False,False,False,True,True
5122,61,61.45,3751.15,False,False,True,False,False,False,False,False,False,False
5123,1,68.65,68.65,False,False,False,True,False,True,False,False,True,True
5124,33,100.0,3320.6,False,False,False,True,False,True,False,False,False,False
5125,56,98.7,5669.5,False,False,False,True,False,True,False,False,False,False
5126,9,73.8,704.3,True,False,False,True,False,True,False,True,False,False
5127,14,100.2,1369.8,False,False,False,True,False,True,False,False,False,True
5128,15,74.9,1107.25,True,False,False,True,False,False,False,False,False,True
5129,61,106.2,6375.2,True,False,False,True,False,True,False,False,False,False
5130,70,116.55,8152.3,True,False,True,True,True,False,False,False,False,False
5131,15,99.7,1566.75,True,False,False,True,False,True,False,False,False,False
5132,4,29.15,110.05,False,False,False,False,False,False,True,False,True,False
5133,34,55.0,1885.15,False,True,False,False,False,False,True,False,False,False
5134,68,90.8,6302.85,True,False,True,False,True,False,False,False,False,False
5135,45,51.0,2264.5,False,True,False,False,False,False,False,False,False,False
5136,9,90.1,816.8,False,False,False,True,False,True,False,True,False,False
5137,22,59.05,1253.5,False,False,False,False,False,False,True,False,False,False
5138,70,72.95,5265.55,True,False,True,False,False,False,False,False,False,False
5139,10,73.55,693.3,False,True,False,False,True,False,False,True,False,False
5140,72,84.3,5997.1,True,False,True,False,True,False,False,False,False,False
5141,49,78.0,3824.2,False,True,False,False,True,False,False,False,False,False
5142,54,72.1,3886.05,False,True,False,False,False,False,True,False,False,False
5143,71,106.75,7283.25,False,False,True,True,True,False,False,False,False,False
5144,64,103.5,6548.65,True,False,False,True,False,False,False,False,False,False
5145,1,70.85,70.85,False,False,False,True,False,True,False,False,True,True
5146,2,69.8,134.7,True,False,False,True,True,False,False,False,True,True
5147,26,59.45,1507.0,True,True,False,False,True,False,False,False,False,False
5148,55,54.55,2978.3,True,False,False,False,False,False,False,False,False,True
5149,71,82.55,5832.65,True,False,True,False,False,True,False,False,False,False
5150,64,81.25,5567.55,True,True,False,False,False,True,False,False,False,False
5151,7,70.75,450.8,False,False,False,False,True,False,False,True,False,True
5152,57,74.3,4166.35,False,False,True,False,True,False,False,False,False,False
5153,13,94.1,1215.6,False,False,False,True,False,True,False,False,False,True
5154,3,29.7,91.7,False,False,False,False,True,False,False,False,True,True
5155,72,109.7,7898.45,True,False,True,True,True,False,False,False,False,False
5156,40,96.35,3915.4,False,False,False,True,True,False,False,False,False,False
5157,14,66.6,979.5,True,False,False,False,True,False,False,False,False,False
5158,2,44.5,90.05,True,False,False,False,False,True,False,False,True,False
5159,66,110.9,7432.05,True,True,False,True,True,False,False,False,False,True
5160,38,105.0,4026.4,False,False,False,True,False,True,False,False,False,True
5161,1,25.3,25.3,True,False,False,False,False,True,False,False,True,True
5162,22,55.15,1193.05,True,True,False,False,True,False,False,False,False,True
5163,5,80.1,398.55,True,False,False,True,False,False,True,False,True,False
5164,29,69.05,1958.45,True,True,False,False,False,False,False,False,False,False
5165,1,69.9,69.9,True,False,False,True,False,False,True,False,True,True
5166,9,50.1,484.05,True,False,False,False,False,True,False,True,False,False
5167,43,101.4,4528.0,True,False,False,True,False,True,False,False,False,True
5168,48,83.45,3887.85,False,True,False,False,True,False,False,False,False,False
5169,26,86.65,2208.75,True,False,False,True,True,False,False,False,False,False
5170,1,80.8,80.8,True,False,False,True,False,True,False,False,True,True
5171,2,62.05,118.3,True,False,False,False,False,False,False,False,True,True
5172,1,76.45,76.45,True,False,False,True,False,True,False,False,True,True
5173,64,60.05,3845.45,True,False,True,False,False,False,False,False,False,False
5174,12,91.3,1094.5,False,False,False,True,False,True,False,True,False,True
5175,6,95.75,573.75,True,False,False,True,False,True,False,False,True,True
5176,7,94.05,633.45,False,True,False,True,False,False,True,True,False,False
5177,72,84.1,6129.65,False,False,True,False,True,False,False,False,False,False
5178,16,78.75,1218.25,True,False,False,True,False,True,False,False,False,False
5179,25,55.55,1405.3,True,False,False,False,True,False,False,False,False,False
5180,34,62.65,2274.9,False,False,False,False,False,True,False,False,False,True
5181,1,74.5,74.5,False,False,False,True,False,True,False,False,True,True
5182,10,102.1,1068.85,False,False,False,True,True,False,False,True,False,True
5183,10,70.3,676.15,False,True,False,False,False,True,False,True,False,False
5184,69,53.65,3804.4,True,True,False,False,True,False,False,False,False,False
5185,50,103.4,5236.4,True,True,False,True,False,False,False,False,False,False
5186,28,50.8,1386.8,True,True,False,False,False,False,True,False,False,False
5187,16,50.15,762.25,False,False,False,False,False,True,False,False,False,True
5188,25,79.0,1902.0,True,False,False,False,False,False,True,False,False,False
5189,3,74.6,239.05,False,False,False,True,False,False,False,False,True,False
5190,61,96.5,5673.7,True,True,False,True,False,False,False,False,False,False
5191,71,77.55,5574.35,False,False,True,False,True,False,False,False,False,False
5192,29,67.45,1801.1,False,False,False,False,False,False,True,False,False,False
5193,28,29.75,790.7,False,False,False,False,False,False,True,False,False,False
5194,7,86.5,582.5,False,False,False,True,False,True,False,True,False,True
5195,27,81.45,2122.05,True,False,False,True,False,True,False,False,False,True
5196,72,92.3,6719.9,True,False,True,False,True,False,False,False,False,False
5197,1,69.15,69.15,True,False,False,True,False,True,False,False,True,True
5198,72,53.65,3784.0,False,False,True,False,True,False,False,False,False,False
5199,47,39.65,1798.65,False,True,False,False,True,False,False,False,False,False
5200,1,54.65,54.65,False,False,False,False,False,True,False,False,True,False
5201,36,104.8,3886.45,False,True,False,True,False,False,False,False,False,False
5202,43,29.3,1224.05,True,False,False,False,True,False,False,False,False,False
5203,27,83.85,2310.2,False,False,False,False,False,True,False,False,False,False
5204,9,79.55,723.4,False,False,False,True,False,True,False,True,False,True
5205,38,103.65,3988.5,False,False,False,True,False,True,False,False,False,False
5206,35,99.05,3554.6,False,False,False,True,False,True,False,False,False,False
5207,59,100.05,6034.85,False,False,True,True,False,False,True,False,False,False
5208,2,43.95,85.1,False,False,False,False,False,True,False,False,True,False
5209,36,70.7,2511.95,False,True,False,False,False,False,True,False,False,False
5210,41,94.3,3893.6,False,False,False,True,False,False,False,False,False,False
5211,13,29.15,357.15,False,False,False,False,False,True,False,False,False,False
5212,60,37.7,2288.7,False,False,True,False,False,False,False,False,False,False
5213,48,95.5,4627.85,False,False,True,True,False,False,True,False,False,True
5214,3,91.05,289.1,True,False,False,True,False,True,False,False,True,True
5215,69,92.45,6460.55,True,False,True,True,False,False,True,False,False,False
5216,43,44.15,1931.3,True,True,False,False,False,True,False,False,False,False
5217,11,36.05,402.6,False,True,False,False,False,False,True,True,False,False
5218,45,50.25,2221.55,False,False,False,False,True,False,False,False,False,False
5219,72,109.75,7758.9,True,False,True,True,True,False,False,False,False,False
5220,2,79.2,172.85,False,False,False,True,False,True,False,False,True,True
5221,67,112.35,7388.45,False,True,False,True,True,False,False,False,False,False
5222,37,94.3,3460.95,True,False,True,True,False,False,True,False,False,False
5223,39,41.15,1700.9,False,True,False,False,False,False,False,False,False,False
5224,41,74.65,3090.65,False,False,False,False,False,False,False,False,False,False
5225,25,48.25,1293.8,False,False,False,False,False,True,False,False,False,False
5226,8,76.15,645.8,True,False,True,False,True,False,False,True,False,False
5227,71,71.1,5224.95,False,False,True,False,False,False,True,False,False,False
5228,5,96.55,500.1,True,False,False,True,False,True,False,False,True,False
5229,30,79.3,2427.1,False,True,False,False,True,False,False,False,False,False
5230,40,89.6,3488.15,True,True,False,True,True,False,False,False,False,False
5231,72,106.3,7565.35,True,False,True,True,False,False,False,False,False,False
5232,28,100.35,2799.0,True,True,False,True,False,False,False,False,False,False
5233,18,85.6,1601.5,True,False,False,True,False,True,False,False,False,False
5234,2,45.25,85.5,False,False,False,False,False,True,False,False,True,True
5235,59,106.15,6256.2,False,True,False,True,False,True,False,False,False,False
5236,22,51.1,1232.9,True,False,False,False,False,True,False,False,False,False
5237,14,74.3,1096.25,False,False,False,True,False,True,False,False,False,True
5238,50,99.4,5059.75,True,True,False,True,False,True,False,False,False,False
5239,48,69.7,3023.65,False,True,False,False,False,False,False,False,False,False
5240,49,98.35,4889.2,False,False,False,True,False,True,False,False,False,False
5241,28,85.45,2289.9,True,False,False,True,False,True,False,False,False,False
5242,68,95.9,6503.2,True,False,False,True,False,True,False,False,False,False
5243,13,100.75,1313.25,True,False,False,True,False,True,False,False,False,False
5244,11,89.2,990.3,False,False,False,True,False,True,False,True,False,False
5245,3,74.1,228.0,False,False,False,True,True,False,False,False,True,True
5246,57,100.6,5746.15,True,False,False,True,False,True,False,False,False,True
5247,3,75.0,209.1,True,False,False,True,False,False,True,False,True,True
5248,70,84.1,5979.7,True,False,True,False,False,True,False,False,False,False
5249,49,79.3,3902.45,False,False,True,False,False,False,False,False,False,False
5250,67,107.05,7142.5,False,True,False,True,True,False,False,False,False,False
5251,64,70.2,4481.0,False,False,True,False,True,False,False,False,False,True
5252,2,70.75,154.85,False,False,False,True,False,True,False,False,True,True
5253,13,45.3,528.45,False,False,False,False,False,True,False,False,False,False
5254,72,115.15,8349.7,False,False,True,True,False,True,False,False,False,False
5255,68,72.95,4953.25,True,False,True,False,False,False,False,False,False,False
5256,24,89.55,2259.35,False,False,False,True,False,True,False,False,False,False
5257,27,50.35,1411.35,True,False,False,False,False,False,True,False,False,False
5258,12,50.25,593.75,True,False,False,False,False,False,False,True,False,True
5259,71,87.25,6328.7,False,False,True,False,True,False,False,False,False,False
5260,63,109.25,6841.4,False,False,True,True,False,False,False,False,False,False
5261,4,55.9,238.5,True,False,False,False,False,True,False,False,True,False
5262,40,79.2,3233.85,False,False,False,True,True,False,False,False,False,True
5263,12,96.0,1062.1,False,False,False,True,False,True,False,True,False,True
5264,52,79.2,4016.3,True,False,True,False,False,True,False,False,False,False
5265,68,101.35,7110.75,True,True,False,True,False,False,False,False,False,False
5266,54,100.1,5440.9,False,False,False,True,False,True,False,False,False,True
5267,4,56.5,235.1,False,False,False,False,False,False,True,False,True,True
5268,52,35.45,1958.95,False,True,False,False,False,False,True,False,False,False
5269,1,85.0,85.0,False,False,False,True,False,True,False,False,True,True
5270,70,79.4,5528.9,True,True,False,False,False,False,False,False,False,False
5271,43,35.2,1463.7,True,True,False,False,True,False,False,False,False,False
5272,12,49.85,552.1,False,False,True,False,False,False,True,True,False,False
5273,56,68.75,3815.4,False,True,False,False,False,False,False,False,False,False
5274,42,79.9,3313.4,True,False,False,True,False,True,False,False,False,False
5275,22,89.75,1938.9,True,False,False,True,False,False,False,False,False,False
5276,51,59.3,3014.65,True,True,False,False,False,True,False,False,False,True
5277,51,93.65,4839.15,True,True,False,True,False,False,False,False,False,False
5278,4,49.4,184.4,True,False,False,False,False,True,False,False,True,True
5279,35,55.0,2010.55,True,False,False,False,False,False,True,False,False,True
5280,71,72.9,5139.65,True,True,False,False,False,False,False,False,False,False
5281,1,69.2,69.2,False,False,False,True,False,True,False,False,True,True
5282,57,55.7,3171.6,True,False,False,False,False,True,False,False,False,False
5283,72,117.5,8670.1,False,False,True,True,True,False,False,False,False,False
5284,4,78.9,299.75,False,False,False,True,False,False,True,False,True,False
5285,38,62.3,2354.8,True,True,False,False,False,False,True,False,False,True
5286,37,92.5,3473.4,True,False,False,True,False,True,False,False,False,True
5287,57,79.75,4438.2,True,False,True,False,False,False,False,False,False,False
5288,62,79.95,4819.75,False,False,True,False,True,False,False,False,False,False
5289,3,29.9,92.25,True,False,False,False,False,True,False,False,True,False
5290,29,45.0,1242.45,True,False,False,False,False,False,True,False,False,False
5291,13,44.8,559.2,True,False,False,False,False,False,False,False,False,False
5292,3,69.65,220.1,True,False,False,True,False,True,False,False,True,True
5293,11,51.1,531.15,False,False,False,False,False,True,False,True,False,False
5294,21,53.15,1183.2,False,False,True,False,False,False,True,False,False,False
5295,61,111.6,6876.05,True,False,True,True,True,False,False,False,False,True
5296,11,48.55,501.0,False,False,False,False,True,False,False,True,False,True
5297,35,109.95,3782.4,True,False,False,True,False,True,False,False,False,False
5298,19,39.65,733.35,True,False,False,False,False,True,False,False,False,True
5299,72,108.4,7767.25,True,False,True,True,True,False,False,False,False,False
5300,55,85.1,4600.95,False,False,False,True,False,True,False,False,False,False
5301,2,56.7,113.55,True,False,False,False,False,False,True,False,True,True
5302,27,69.05,1793.25,True,False,False,True,False,False,True,False,False,False
5303,13,70.15,886.7,False,False,False,True,False,False,True,False,False,False
5304,70,111.15,7737.55,False,False,True,True,False,False,True,False,False,False
5305,14,105.95,1348.9,False,True,False,True,False,False,True,False,False,True
5306,19,89.35,1686.85,False,True,False,True,False,False,False,False,False,False
5307,20,89.1,1879.25,False,False,False,True,False,False,False,False,False,False
5308,43,91.25,4013.8,True,True,False,True,True,False,False,False,False,False
5309,5,90.35,434.5,True,False,False,True,False,False,True,False,True,False
5310,70,105.55,7195.35,False,True,False,True,False,False,False,False,False,False
5311,39,100.45,3801.7,True,False,True,True,False,True,False,False,False,False
5312,4,74.95,308.7,True,False,False,True,False,True,False,False,True,True
5313,15,29.7,438.25,True,False,False,False,False,True,False,False,False,True
5314,1,50.35,50.35,True,False,False,False,False,True,False,False,True,True
5315,45,85.7,3778.1,False,False,False,True,False,False,False,False,False,False
5316,64,47.85,3147.5,False,False,True,False,False,True,False,False,False,True
5317,57,94.0,5438.95,False,False,False,True,True,False,False,False,False,False
5318,72,69.85,5102.35,True,False,True,False,False,False,False,False,False,False
5319,1,70.3,70.3,True,False,False,True,False,True,False,False,True,True
5320,3,71.1,213.35,False,False,True,False,False,False,True,False,True,False
5321,55,98.8,5617.75,True,False,False,True,False,True,False,False,False,True
5322,59,93.35,5386.5,False,False,False,True,False,True,False,False,False,False
5323,18,99.85,1776.95,False,False,False,True,False,False,False,False,False,True
5324,32,80.3,2483.05,True,False,False,True,True,False,False,False,False,True
5325,4,50.55,235.65,False,False,False,False,False,False,False,False,True,False
5326,66,80.45,5224.35,False,False,False,True,True,False,False,False,False,True
5327,27,81.3,2272.8,True,False,False,True,False,True,False,False,False,False
5328,60,79.05,4663.4,True,False,False,False,True,False,False,False,False,False
5329,7,86.8,620.35,True,False,False,True,False,True,False,True,False,True
5330,18,103.6,1806.35,False,False,False,True,True,False,False,False,False,False
5331,15,38.8,603.0,False,False,True,False,False,False,True,False,False,False
5332,67,88.4,5798.3,True,True,False,True,False,False,False,False,False,False
5333,6,84.2,519.15,True,False,False,True,False,True,False,False,True,True
5334,6,79.7,497.6,True,False,False,True,False,True,False,False,True,False
5335,13,99.0,1301.7,True,False,False,True,False,False,True,False,False,True
5336,11,100.75,1129.75,False,False,False,True,False,True,False,True,False,True
5337,5,55.75,266.95,True,False,False,False,False,False,True,False,True,False
5338,9,91.75,865.8,False,False,False,True,False,False,False,True,False,True
5339,29,89.65,2623.65,True,False,False,True,False,False,True,False,False,False
5340,1,45.85,45.85,True,False,False,False,False,False,True,False,True,False
5341,1,79.55,79.55,False,False,False,True,False,False,True,False,True,True
5342,18,55.95,1082.8,False,False,False,False,False,False,True,False,False,False
5343,2,69.0,147.8,False,False,False,False,True,False,False,False,True,False
5344,30,83.55,2570.2,True,False,False,True,False,False,False,False,False,False
5345,66,65.7,4378.9,True,False,True,False,False,False,False,False,False,False
5346,38,94.9,3616.25,True,False,True,True,False,False,False,False,False,False
5347,44,61.9,2924.05,True,False,False,False,False,False,True,False,False,False
5348,54,111.1,6014.85,False,False,False,True,False,True,False,False,False,True
5349,42,67.7,2882.25,False,True,False,False,False,False,True,False,False,False
5350,58,92.85,5305.05,True,False,False,True,False,True,False,False,False,False
5351,25,89.1,2368.4,False,False,False,True,False,True,False,False,False,True
5352,71,111.3,7985.9,False,False,True,True,False,False,True,False,False,False
5353,37,101.9,3545.35,False,False,False,True,False,False,False,False,False,True
5354,14,91.65,1301.0,False,False,False,True,False,True,False,False,False,True
5355,4,88.85,372.45,False,False,False,True,False,True,False,False,True,True
5356,48,60.6,2985.25,False,True,False,False,False,False,False,False,False,False
5357,3,25.3,77.75,False,False,False,False,False,True,False,False,True,True
5358,8,65.5,564.35,False,False,True,False,False,False,True,True,False,False
5359,1,95.45,95.45,True,False,False,True,False,True,False,False,True,True
5360,13,91.1,1135.7,True,False,False,True,False,True,False,False,False,True
5361,45,54.15,2319.8,False,True,False,False,True,False,False,False,False,True
5362,49,74.6,3720.35,True,False,False,True,False,False,False,False,False,False
5363,52,94.6,5025.8,False,False,False,True,False,False,False,False,False,False
5364,63,81.15,5224.5,False,True,False,True,True,False,False,False,False,False
5365,68,89.05,6185.8,False,False,True,False,False,False,False,False,False,False
5366,31,49.2,1498.55,False,False,False,False,False,False,True,False,False,False
5367,62,104.3,6613.65,False,True,False,True,False,True,False,False,False,False
5368,1,69.7,69.7,False,False,False,True,False,False,False,False,True,True
5369,6,89.5,573.3,False,False,False,True,False,True,False,False,True,True
5370,21,86.05,1818.9,False,False,False,True,False,True,False,False,False,False
5371,32,35.15,1051.05,False,False,False,False,False,True,False,False,False,False
5372,71,99.65,7181.25,False,True,False,True,True,False,False,False,False,False
5373,34,105.35,3688.6,False,False,False,True,False,False,False,False,False,False
5374,3,35.15,99.75,True,False,False,False,False,True,False,False,True,True
5375,12,73.75,871.4,True,False,False,True,True,False,False,True,False,True
5376,8,101.35,780.5,False,False,False,True,False,True,False,True,False,True
5377,3,80.7,239.45,False,False,False,True,False,True,False,False,True,False
5378,3,89.85,244.45,True,False,False,True,False,False,True,False,True,False
5379,53,61.1,3357.9,True,True,False,False,False,True,False,False,False,False
5380,4,29.05,129.6,False,False,False,False,False,True,False,False,True,False
5381,48,99.7,4977.2,False,True,False,True,False,False,False,False,False,False
5382,6,55.9,365.35,False,False,False,False,True,False,False,False,True,True
5383,3,105.9,334.65,True,False,False,True,False,True,False,False,True,True
5384,54,46.0,2424.05,True,False,True,False,True,False,False,False,False,False
5385,1,43.95,43.95,False,False,False,False,False,False,True,False,True,True
5386,62,80.4,4981.15,True,False,False,False,False,False,False,False,False,False
5387,22,100.05,2090.25,True,True,False,True,False,False,True,False,False,False
5388,1,45.1,45.1,True,False,False,False,False,False,False,False,True,True
5389,51,94.0,4905.75,True,True,False,True,False,False,False,False,False,False
5390,30,68.95,2038.7,False,True,False,False,True,False,False,False,False,False
5391,56,68.45,4014.0,False,True,False,False,True,False,False,False,False,False
5392,35,69.0,2441.7,True,True,False,False,False,True,False,False,False,False
5393,64,43.85,2751.0,False,False,False,False,False,True,False,False,False,False
5394,30,44.5,1307.8,True,False,False,False,False,True,False,False,False,False
5395,41,70.25,2868.05,False,False,False,True,False,False,False,False,False,True
5396,9,55.35,449.75,True,False,False,False,False,True,False,True,False,True
5397,1,53.55,53.55,False,False,False,False,False,False,True,False,True,False
5398,70,114.6,7882.5,True,False,True,True,False,True,False,False,False,False
5399,9,85.5,791.7,True,False,False,True,False,True,False,True,False,False
5400,69,108.75,7493.05,False,True,False,True,False,False,False,False,False,False
5401,43,103.0,4414.3,True,False,False,True,False,True,False,False,False,True
5402,72,97.85,6841.3,False,False,True,True,False,True,False,False,False,False
5403,72,84.05,6052.25,False,False,True,True,False,False,False,False,False,False
5404,33,103.75,3361.05,False,True,False,True,False,True,False,False,False,True
5405,54,89.4,4869.5,True,False,False,True,True,False,False,False,False,False
5406,54,79.85,4308.25,True,False,False,True,False,False,False,False,False,False
5407,3,74.45,221.1,True,False,False,True,True,False,False,False,True,False
5408,53,74.1,3833.95,False,True,False,False,False,False,False,False,False,False
5409,1,69.35,69.35,True,False,False,True,False,True,False,False,True,True
5410,56,73.85,4092.85,False,False,False,True,False,True,False,False,False,True
5411,5,64.4,316.9,True,False,False,False,True,False,False,False,True,False
5412,48,55.8,2651.2,True,True,False,False,True,False,False,False,False,False
5413,3,75.15,216.75,False,False,False,True,True,False,False,False,True,True
5414,58,99.15,5720.95,True,True,False,True,False,False,False,False,False,False
5415,10,56.75,503.25,True,False,False,False,False,False,False,True,False,False
5416,1,69.6,69.6,True,False,False,True,False,True,False,False,True,True
5417,71,104.15,7365.3,True,False,True,True,True,False,False,False,False,False
5418,65,110.8,7245.9,False,False,True,True,True,False,False,False,False,False
5419,5,80.15,385.0,True,False,False,True,False,True,False,False,True,True
5420,28,35.75,961.4,False,False,False,False,False,False,True,False,False,False
5421,67,69.9,4615.9,False,False,True,False,False,False,False,False,False,False
5422,35,89.2,3251.3,True,True,False,True,False,True,False,False,False,False
5423,72,55.65,3880.05,False,False,True,False,True,False,False,False,False,False
5424,61,50.7,3088.75,False,True,False,False,False,False,False,False,False,False
5425,1,30.5,30.5,False,False,False,False,False,False,False,False,True,True
5426,70,98.3,6859.5,True,False,True,True,False,False,False,False,False,True
5427,48,45.55,2108.35,False,False,False,False,True,False,False,False,False,False
5428,68,101.05,6770.5,True,True,False,True,True,False,False,False,False,False
5429,47,103.7,4730.6,False,True,False,True,False,True,False,False,False,False
5430,32,36.25,1151.05,True,True,False,False,False,False,True,False,False,False
5431,5,49.4,232.55,False,False,False,False,False,False,True,False,True,False
5432,48,107.4,5121.3,False,False,False,True,False,False,False,False,False,True
5433,13,82.0,1127.2,False,False,False,True,False,True,False,False,False,True
5434,12,45.05,523.1,False,False,False,False,False,True,False,True,False,False
5435,67,64.55,4250.1,True,False,True,False,False,False,False,False,False,False
5436,9,86.25,770.5,True,False,False,True,False,True,False,True,False,False
5437,38,89.1,3342.0,False,True,False,True,False,False,True,False,False,False
5438,42,95.55,3930.6,False,False,False,True,False,True,False,False,False,False
5439,24,75.4,1747.85,False,False,False,True,True,False,False,False,False,True
5440,27,101.25,2754.45,False,False,False,True,False,True,False,False,False,True
5441,9,102.6,897.75,True,False,False,True,True,False,False,True,False,False
5442,49,56.3,2780.6,False,True,False,False,True,False,False,False,False,False
5443,61,94.2,5895.45,False,False,False,True,True,False,False,False,False,False
5444,50,43.05,2208.05,True,True,False,False,False,False,False,False,False,False
5445,25,89.5,2196.15,True,False,False,True,False,True,False,False,False,True
5446,22,74.4,1692.6,False,False,False,True,False,False,False,False,False,True
5447,4,74.35,265.35,True,False,False,True,False,True,False,False,True,True
5448,18,99.75,1836.25,False,False,False,True,False,False,False,False,False,True
5449,56,111.95,6418.9,False,True,False,True,False,True,False,False,False,True
5450,53,94.0,4871.45,False,True,False,True,False,True,False,False,False,False
5451,51,98.85,4947.55,False,True,False,True,False,True,False,False,False,False
5452,24,64.35,1558.65,False,False,True,False,False,True,False,False,False,False
5453,62,72.0,4284.2,False,False,True,False,True,False,False,False,False,False
5454,24,49.7,1218.25,True,False,False,False,False,False,True,False,False,False
5455,70,80.7,5617.95,False,False,True,False,False,True,False,False,False,False
5456,1,24.2,24.2,True,False,False,False,False,False,True,False,True,False
5457,16,39.0,679.85,True,False,False,False,False,False,True,False,False,True
5458,8,65.45,554.45,False,False,False,False,False,True,False,True,False,False
5459,72,74.35,5237.4,False,False,True,False,False,True,False,False,False,False
5460,23,83.2,2032.3,False,False,False,True,False,False,False,False,False,False
5461,31,25.0,789.2,True,False,False,False,True,False,False,False,False,False
5462,37,40.2,1525.35,True,True,False,False,False,True,False,False,False,False
5463,30,94.1,2804.45,False,False,False,True,True,False,False,False,False,True
5464,35,108.35,3726.15,False,True,False,True,False,True,False,False,False,False
5465,23,69.5,1652.1,False,False,False,False,True,False,False,False,False,False
5466,20,76.0,1588.75,False,True,False,False,False,False,False,False,False,False
5467,36,93.6,3366.05,True,False,False,True,False,True,False,False,False,False
5468,8,95.65,778.1,False,False,False,True,False,False,False,True,False,True
5469,71,100.55,7113.75,True,True,False,True,False,False,False,False,False,False
5470,50,88.05,4367.35,False,False,False,True,False,True,False,False,False,True
5471,57,89.55,5012.35,True,False,True,False,False,False,True,False,False,False
5472,41,66.5,2728.6,False,True,False,False,False,False,False,False,False,True
5473,27,76.1,2093.4,False,False,False,True,False,True,False,False,False,False
5474,13,80.5,1011.8,False,False,False,True,False,True,False,False,False,False
5475,3,35.45,106.85,True,False,False,False,False,False,True,False,True,True
5476,3,49.9,130.1,True,False,False,False,False,False,True,False,True,True
5477,64,105.4,6794.75,False,False,True,True,False,False,False,False,False,False
5478,26,35.75,1022.5,True,False,False,False,False,True,False,False,False,False
5479,38,95.1,3691.2,True,False,False,True,True,False,False,False,False,False
5480,40,104.5,4036.85,True,False,False,True,True,False,False,False,False,True
5481,72,63.1,4685.55,True,False,True,False,False,False,False,False,False,False
5482,3,75.05,256.25,False,False,False,True,True,False,False,False,True,True
5483,23,81.0,1917.1,True,False,False,True,False,True,False,False,False,True
5484,1,74.45,74.45,False,False,False,True,False,True,False,False,True,True
5485,4,60.4,272.15,False,False,False,False,False,False,True,False,True,True
5486,62,84.95,5150.55,False,False,True,False,False,True,False,False,False,False
5487,40,93.4,3756.4,False,False,False,True,False,False,False,False,False,False
5488,41,89.2,3645.75,True,False,False,True,False,True,False,False,False,False
5489,34,85.2,2874.45,True,False,False,True,True,False,False,False,False,False
5490,1,49.95,49.95,False,False,False,False,False,True,False,False,True,False
5491,1,70.65,70.65,True,False,False,True,False,False,True,False,True,True
5492,12,59.8,727.8,True,True,False,False,False,True,False,True,False,True
5493,72,104.95,7544.3,True,True,False,True,False,True,False,False,False,False
5494,63,103.5,6479.4,False,False,False,True,False,True,False,False,False,False
5495,44,84.8,3626.35,True,False,False,True,True,False,False,False,False,False
5496,18,95.05,1679.4,False,False,False,True,False,False,False,False,False,False
5497,9,44.2,403.35,False,False,False,False,False,False,False,True,False,True
5498,13,73.35,931.55,True,False,False,False,False,False,True,False,False,False
5499,68,64.1,4326.25,False,False,True,False,False,False,False,False,False,False
5500,6,44.4,263.05,False,False,False,False,False,True,False,False,True,False
5501,55,60.0,3316.1,True,True,False,False,True,False,False,False,False,False
5502,1,75.75,75.75,True,False,False,True,False,True,False,False,True,True
5503,38,69.5,2625.25,True,False,False,True,True,False,False,False,False,False
5504,67,102.95,6886.25,False,False,False,True,True,False,False,False,False,True
5505,19,78.7,1495.1,True,False,False,True,False,False,False,False,False,False
5506,12,60.65,743.3,False,True,False,False,False,True,False,True,False,False
5507,24,84.8,1990.5,True,True,False,False,False,False,True,False,False,False
5508,72,103.2,7362.9,False,True,False,True,True,False,False,False,False,False
5509,11,29.6,346.45,False,False,False,False,False,True,False,True,False,False
5510,4,74.4,306.6,True,False,False,True,False,False,True,False,True,True
5511,66,105.65,6844.5,True,False,True,True,False,False,False,False,False,False
